nohup: ignoring input
======================================================================
AUTO-BAN MONITOR STARTED
======================================================================

Ban Rules:
  1. User with ANY transaction labeled 'banned' (label=2) → AUTO-BAN
  2. User with 10+ warning transactions (label=1) in one day → AUTO-BAN

Check Interval: Every 60 seconds
Pinot API: http://localhost:3000/api/pinot/query
Database: fraud_detection @ localhost
======================================================================

======================================================================
Auto-Ban Check - 2025-11-25 14:47:35
======================================================================

[Rule 1] Checking users with banned transactions (label=2)...
Found 10 users with high-risk transactions
Result: 0 users newly banned

[Rule 2] Checking users with 10+ warning transactions today...
No users with 10+ warning transactions today

======================================================================
Check completed at 14:47:35
Next check in 60 seconds...
======================================================================

======================================================================
Auto-Ban Check - 2025-11-25 14:48:35
======================================================================

[Rule 1] Checking users with banned transactions (label=2)...
Found 10 users with high-risk transactions
Result: 0 users newly banned

[Rule 2] Checking users with 10+ warning transactions today...
No users with 10+ warning transactions today

======================================================================
Check completed at 14:48:35
Next check in 60 seconds...
======================================================================

======================================================================
Auto-Ban Check - 2025-11-25 14:49:35
======================================================================

[Rule 1] Checking users with banned transactions (label=2)...
Found 10 users with high-risk transactions
Result: 0 users newly banned

[Rule 2] Checking users with 10+ warning transactions today...
No users with 10+ warning transactions today

======================================================================
Check completed at 14:49:36
Next check in 60 seconds...
======================================================================

======================================================================
Auto-Ban Check - 2025-11-25 14:50:36
======================================================================

[Rule 1] Checking users with banned transactions (label=2)...
Found 10 users with high-risk transactions
Result: 0 users newly banned

[Rule 2] Checking users with 10+ warning transactions today...
No users with 10+ warning transactions today

======================================================================
Check completed at 14:50:36
Next check in 60 seconds...
======================================================================

======================================================================
Auto-Ban Check - 2025-11-25 14:51:36
======================================================================

[Rule 1] Checking users with banned transactions (label=2)...
Found 10 users with high-risk transactions
Result: 0 users newly banned

[Rule 2] Checking users with 10+ warning transactions today...
No users with 10+ warning transactions today

======================================================================
Check completed at 14:51:36
Next check in 60 seconds...
======================================================================

======================================================================
Auto-Ban Check - 2025-11-25 14:52:36
======================================================================

[Rule 1] Checking users with banned transactions (label=2)...
Found 10 users with high-risk transactions
Result: 0 users newly banned

[Rule 2] Checking users with 10+ warning transactions today...
No users with 10+ warning transactions today

======================================================================
Check completed at 14:52:36
Next check in 60 seconds...
======================================================================

======================================================================
Auto-Ban Check - 2025-11-25 14:53:36
======================================================================

[Rule 1] Checking users with banned transactions (label=2)...
Found 10 users with high-risk transactions
Result: 0 users newly banned

[Rule 2] Checking users with 10+ warning transactions today...
No users with 10+ warning transactions today

======================================================================
Check completed at 14:53:36
Next check in 60 seconds...
======================================================================

======================================================================
Auto-Ban Check - 2025-11-25 14:54:36
======================================================================

[Rule 1] Checking users with banned transactions (label=2)...
Found 10 users with high-risk transactions
Result: 0 users newly banned

[Rule 2] Checking users with 10+ warning transactions today...
No users with 10+ warning transactions today

======================================================================
Check completed at 14:54:37
Next check in 60 seconds...
======================================================================

======================================================================
Auto-Ban Check - 2025-11-25 14:55:37
======================================================================

[Rule 1] Checking users with banned transactions (label=2)...
Found 10 users with high-risk transactions
Result: 0 users newly banned

[Rule 2] Checking users with 10+ warning transactions today...
No users with 10+ warning transactions today

======================================================================
Check completed at 14:55:37
Next check in 60 seconds...
======================================================================

======================================================================
Auto-Ban Check - 2025-11-25 14:56:37
======================================================================

[Rule 1] Checking users with banned transactions (label=2)...
Found 10 users with high-risk transactions
Result: 0 users newly banned

[Rule 2] Checking users with 10+ warning transactions today...
No users with 10+ warning transactions today

======================================================================
Check completed at 14:56:37
Next check in 60 seconds...
======================================================================

======================================================================
Auto-Ban Check - 2025-11-25 14:57:37
======================================================================

[Rule 1] Checking users with banned transactions (label=2)...
Found 10 users with high-risk transactions
Result: 0 users newly banned

[Rule 2] Checking users with 10+ warning transactions today...
No users with 10+ warning transactions today

======================================================================
Check completed at 14:57:37
Next check in 60 seconds...
======================================================================

======================================================================
Auto-Ban Check - 2025-11-25 14:58:37
======================================================================

[Rule 1] Checking users with banned transactions (label=2)...
Found 10 users with high-risk transactions
Result: 0 users newly banned

[Rule 2] Checking users with 10+ warning transactions today...
No users with 10+ warning transactions today

======================================================================
Check completed at 14:58:38
Next check in 60 seconds...
======================================================================

======================================================================
Auto-Ban Check - 2025-11-25 14:59:38
======================================================================

[Rule 1] Checking users with banned transactions (label=2)...
Found 10 users with high-risk transactions
Result: 0 users newly banned

[Rule 2] Checking users with 10+ warning transactions today...
No users with 10+ warning transactions today

======================================================================
Check completed at 14:59:38
Next check in 60 seconds...
======================================================================

======================================================================
Auto-Ban Check - 2025-11-25 15:00:38
======================================================================

[Rule 1] Checking users with banned transactions (label=2)...
Found 10 users with high-risk transactions
  ✓ User 1000997 banned: Automatic ban: High-risk transaction detected (fraud score > 90)
  ✓ User 1000443 banned: Automatic ban: High-risk transaction detected (fraud score > 90)
  ✓ User 1000009 banned: Automatic ban: High-risk transaction detected (fraud score > 90)
  ✓ User 1000714 banned: Automatic ban: High-risk transaction detected (fraud score > 90)
  ✓ User 1000363 banned: Automatic ban: High-risk transaction detected (fraud score > 90)
  ✓ User 1000603 banned: Automatic ban: High-risk transaction detected (fraud score > 90)
  ✓ User 1000047 banned: Automatic ban: High-risk transaction detected (fraud score > 90)
  ✓ User 1000887 banned: Automatic ban: High-risk transaction detected (fraud score > 90)
  ✓ User 1000507 banned: Automatic ban: High-risk transaction detected (fraud score > 90)
Result: 9 users newly banned

[Rule 2] Checking users with 10+ warning transactions today...
No users with 10+ warning transactions today

======================================================================
Check completed at 15:00:38
Next check in 60 seconds...
======================================================================

======================================================================
Auto-Ban Check - 2025-11-25 15:01:38
======================================================================

[Rule 1] Checking users with banned transactions (label=2)...
Found 10 users with high-risk transactions
  ✓ User 1000608 banned: Automatic ban: High-risk transaction detected (fraud score > 90)
  ✓ User 1000229 banned: Automatic ban: High-risk transaction detected (fraud score > 90)
  ✓ User 1000552 banned: Automatic ban: High-risk transaction detected (fraud score > 90)
  ✓ User 1000072 banned: Automatic ban: High-risk transaction detected (fraud score > 90)
  ✓ User 1000106 banned: Automatic ban: High-risk transaction detected (fraud score > 90)
  ✓ User 1000937 banned: Automatic ban: High-risk transaction detected (fraud score > 90)
  ✓ User 1000140 banned: Automatic ban: High-risk transaction detected (fraud score > 90)
  ✓ User 1000846 banned: Automatic ban: High-risk transaction detected (fraud score > 90)
  ✓ User 1000948 banned: Automatic ban: High-risk transaction detected (fraud score > 90)
  ✓ User 1000341 banned: Automatic ban: High-risk transaction detected (fraud score > 90)
Result: 10 users newly banned

[Rule 2] Checking users with 10+ warning transactions today...
No users with 10+ warning transactions today

======================================================================
Check completed at 15:01:38
Next check in 60 seconds...
======================================================================

======================================================================
Auto-Ban Check - 2025-11-25 15:02:38
======================================================================

[Rule 1] Checking users with banned transactions (label=2)...
Found 10 users with high-risk transactions
Result: 0 users newly banned

[Rule 2] Checking users with 10+ warning transactions today...
No users with 10+ warning transactions today

======================================================================
Check completed at 15:02:38
Next check in 60 seconds...
======================================================================

======================================================================
Auto-Ban Check - 2025-11-25 15:03:38
======================================================================

[Rule 1] Checking users with banned transactions (label=2)...
Found 10 users with high-risk transactions
Result: 0 users newly banned

[Rule 2] Checking users with 10+ warning transactions today...
No users with 10+ warning transactions today

======================================================================
Check completed at 15:03:39
Next check in 60 seconds...
======================================================================

======================================================================
Auto-Ban Check - 2025-11-25 15:04:39
======================================================================

[Rule 1] Checking users with banned transactions (label=2)...
Found 10 users with high-risk transactions
Result: 0 users newly banned

[Rule 2] Checking users with 10+ warning transactions today...
No users with 10+ warning transactions today

======================================================================
Check completed at 15:04:39
Next check in 60 seconds...
======================================================================

======================================================================
Auto-Ban Check - 2025-11-25 15:05:39
======================================================================

[Rule 1] Checking users with banned transactions (label=2)...
Found 10 users with high-risk transactions
Result: 0 users newly banned

[Rule 2] Checking users with 10+ warning transactions today...
No users with 10+ warning transactions today

======================================================================
Check completed at 15:05:39
Next check in 60 seconds...
======================================================================

======================================================================
Auto-Ban Check - 2025-11-25 15:06:39
======================================================================

[Rule 1] Checking users with banned transactions (label=2)...
Found 10 users with high-risk transactions
Result: 0 users newly banned

[Rule 2] Checking users with 10+ warning transactions today...
No users with 10+ warning transactions today

======================================================================
Check completed at 15:06:39
Next check in 60 seconds...
======================================================================

======================================================================
Auto-Ban Check - 2025-11-25 15:07:39
======================================================================

[Rule 1] Checking users with banned transactions (label=2)...
Found 10 users with high-risk transactions
Result: 0 users newly banned

[Rule 2] Checking users with 10+ warning transactions today...
No users with 10+ warning transactions today

======================================================================
Check completed at 15:07:39
Next check in 60 seconds...
======================================================================

======================================================================
Auto-Ban Check - 2025-11-25 15:08:39
======================================================================

[Rule 1] Checking users with banned transactions (label=2)...
Found 10 users with high-risk transactions
Result: 0 users newly banned

[Rule 2] Checking users with 10+ warning transactions today...
No users with 10+ warning transactions today

======================================================================
Check completed at 15:08:39
Next check in 60 seconds...
======================================================================

======================================================================
Auto-Ban Check - 2025-11-25 15:09:39
======================================================================

[Rule 1] Checking users with banned transactions (label=2)...
Found 10 users with high-risk transactions
Result: 0 users newly banned

[Rule 2] Checking users with 10+ warning transactions today...
No users with 10+ warning transactions today

======================================================================
Check completed at 15:09:40
Next check in 60 seconds...
======================================================================

======================================================================
Auto-Ban Check - 2025-11-25 15:10:40
======================================================================

[Rule 1] Checking users with banned transactions (label=2)...
Found 10 users with high-risk transactions
Result: 0 users newly banned

[Rule 2] Checking users with 10+ warning transactions today...
No users with 10+ warning transactions today

======================================================================
Check completed at 15:10:40
Next check in 60 seconds...
======================================================================

======================================================================
Auto-Ban Check - 2025-11-25 15:11:40
======================================================================

[Rule 1] Checking users with banned transactions (label=2)...
Found 10 users with high-risk transactions
Result: 0 users newly banned

[Rule 2] Checking users with 10+ warning transactions today...
No users with 10+ warning transactions today

======================================================================
Check completed at 15:11:40
Next check in 60 seconds...
======================================================================

======================================================================
Auto-Ban Check - 2025-11-25 15:12:40
======================================================================

[Rule 1] Checking users with banned transactions (label=2)...
Found 10 users with high-risk transactions
Result: 0 users newly banned

[Rule 2] Checking users with 10+ warning transactions today...
No users with 10+ warning transactions today

======================================================================
Check completed at 15:12:40
Next check in 60 seconds...
======================================================================

======================================================================
Auto-Ban Check - 2025-11-25 15:13:40
======================================================================

[Rule 1] Checking users with banned transactions (label=2)...
Found 10 users with high-risk transactions
Result: 0 users newly banned

[Rule 2] Checking users with 10+ warning transactions today...
No users with 10+ warning transactions today

======================================================================
Check completed at 15:13:40
Next check in 60 seconds...
======================================================================

======================================================================
Auto-Ban Check - 2025-11-25 15:14:40
======================================================================

[Rule 1] Checking users with banned transactions (label=2)...
Found 10 users with high-risk transactions
Result: 0 users newly banned

[Rule 2] Checking users with 10+ warning transactions today...
No users with 10+ warning transactions today

======================================================================
Check completed at 15:14:41
Next check in 60 seconds...
======================================================================

======================================================================
Auto-Ban Check - 2025-11-25 15:15:41
======================================================================

[Rule 1] Checking users with banned transactions (label=2)...
Found 10 users with high-risk transactions
Result: 0 users newly banned

[Rule 2] Checking users with 10+ warning transactions today...
No users with 10+ warning transactions today

======================================================================
Check completed at 15:15:41
Next check in 60 seconds...
======================================================================

======================================================================
Auto-Ban Check - 2025-11-25 15:16:41
======================================================================

[Rule 1] Checking users with banned transactions (label=2)...
Found 10 users with high-risk transactions
Result: 0 users newly banned

[Rule 2] Checking users with 10+ warning transactions today...
No users with 10+ warning transactions today

======================================================================
Check completed at 15:16:41
Next check in 60 seconds...
======================================================================

======================================================================
Auto-Ban Check - 2025-11-25 15:17:41
======================================================================

[Rule 1] Checking users with banned transactions (label=2)...
Found 10 users with high-risk transactions
Result: 0 users newly banned

[Rule 2] Checking users with 10+ warning transactions today...
No users with 10+ warning transactions today

======================================================================
Check completed at 15:17:41
Next check in 60 seconds...
======================================================================

======================================================================
Auto-Ban Check - 2025-11-25 15:18:41
======================================================================

[Rule 1] Checking users with banned transactions (label=2)...
Found 10 users with high-risk transactions
Result: 0 users newly banned

[Rule 2] Checking users with 10+ warning transactions today...
No users with 10+ warning transactions today

======================================================================
Check completed at 15:18:41
Next check in 60 seconds...
======================================================================

======================================================================
Auto-Ban Check - 2025-11-25 15:19:41
======================================================================

[Rule 1] Checking users with banned transactions (label=2)...
Found 10 users with high-risk transactions
Result: 0 users newly banned

[Rule 2] Checking users with 10+ warning transactions today...
No users with 10+ warning transactions today

======================================================================
Check completed at 15:19:41
Next check in 60 seconds...
======================================================================

======================================================================
Auto-Ban Check - 2025-11-25 15:20:41
======================================================================

[Rule 1] Checking users with banned transactions (label=2)...
Found 10 users with high-risk transactions
Result: 0 users newly banned

[Rule 2] Checking users with 10+ warning transactions today...
No users with 10+ warning transactions today

======================================================================
Check completed at 15:20:42
Next check in 60 seconds...
======================================================================

======================================================================
Auto-Ban Check - 2025-11-25 15:21:42
======================================================================

[Rule 1] Checking users with banned transactions (label=2)...
Found 10 users with high-risk transactions
Result: 0 users newly banned

[Rule 2] Checking users with 10+ warning transactions today...
No users with 10+ warning transactions today

======================================================================
Check completed at 15:21:42
Next check in 60 seconds...
======================================================================

======================================================================
Auto-Ban Check - 2025-11-25 15:22:42
======================================================================

[Rule 1] Checking users with banned transactions (label=2)...
Found 10 users with high-risk transactions
Result: 0 users newly banned

[Rule 2] Checking users with 10+ warning transactions today...
No users with 10+ warning transactions today

======================================================================
Check completed at 15:22:42
Next check in 60 seconds...
======================================================================

======================================================================
Auto-Ban Check - 2025-11-25 15:23:42
======================================================================

[Rule 1] Checking users with banned transactions (label=2)...
Found 10 users with high-risk transactions
Result: 0 users newly banned

[Rule 2] Checking users with 10+ warning transactions today...
No users with 10+ warning transactions today

======================================================================
Check completed at 15:23:42
Next check in 60 seconds...
======================================================================

======================================================================
Auto-Ban Check - 2025-11-25 15:24:42
======================================================================

[Rule 1] Checking users with banned transactions (label=2)...
Found 10 users with high-risk transactions
Result: 0 users newly banned

[Rule 2] Checking users with 10+ warning transactions today...
No users with 10+ warning transactions today

======================================================================
Check completed at 15:24:42
Next check in 60 seconds...
======================================================================

======================================================================
Auto-Ban Check - 2025-11-25 15:25:42
======================================================================

[Rule 1] Checking users with banned transactions (label=2)...
Found 10 users with high-risk transactions
Result: 0 users newly banned

[Rule 2] Checking users with 10+ warning transactions today...
No users with 10+ warning transactions today

======================================================================
Check completed at 15:25:42
Next check in 60 seconds...
======================================================================

======================================================================
Auto-Ban Check - 2025-11-25 15:26:42
======================================================================

[Rule 1] Checking users with banned transactions (label=2)...
Found 10 users with high-risk transactions
Result: 0 users newly banned

[Rule 2] Checking users with 10+ warning transactions today...
No users with 10+ warning transactions today

======================================================================
Check completed at 15:26:43
Next check in 60 seconds...
======================================================================

======================================================================
Auto-Ban Check - 2025-11-25 15:27:43
======================================================================

[Rule 1] Checking users with banned transactions (label=2)...
Found 10 users with high-risk transactions
Result: 0 users newly banned

[Rule 2] Checking users with 10+ warning transactions today...
No users with 10+ warning transactions today

======================================================================
Check completed at 15:27:43
Next check in 60 seconds...
======================================================================

======================================================================
Auto-Ban Check - 2025-11-25 15:28:43
======================================================================

[Rule 1] Checking users with banned transactions (label=2)...
Found 10 users with high-risk transactions
Result: 0 users newly banned

[Rule 2] Checking users with 10+ warning transactions today...
No users with 10+ warning transactions today

======================================================================
Check completed at 15:28:43
Next check in 60 seconds...
======================================================================

======================================================================
Auto-Ban Check - 2025-11-25 15:29:43
======================================================================

[Rule 1] Checking users with banned transactions (label=2)...
Found 10 users with high-risk transactions
Result: 0 users newly banned

[Rule 2] Checking users with 10+ warning transactions today...
No users with 10+ warning transactions today

======================================================================
Check completed at 15:29:43
Next check in 60 seconds...
======================================================================

======================================================================
Auto-Ban Check - 2025-11-25 15:30:43
======================================================================

[Rule 1] Checking users with banned transactions (label=2)...
Found 10 users with high-risk transactions
Result: 0 users newly banned

[Rule 2] Checking users with 10+ warning transactions today...
No users with 10+ warning transactions today

======================================================================
Check completed at 15:30:43
Next check in 60 seconds...
======================================================================

======================================================================
Auto-Ban Check - 2025-11-25 15:31:43
======================================================================

[Rule 1] Checking users with banned transactions (label=2)...
Found 10 users with high-risk transactions
Result: 0 users newly banned

[Rule 2] Checking users with 10+ warning transactions today...
No users with 10+ warning transactions today

======================================================================
Check completed at 15:31:43
Next check in 60 seconds...
======================================================================

======================================================================
Auto-Ban Check - 2025-11-25 15:32:43
======================================================================

[Rule 1] Checking users with banned transactions (label=2)...
Found 10 users with high-risk transactions
Result: 0 users newly banned

[Rule 2] Checking users with 10+ warning transactions today...
No users with 10+ warning transactions today

======================================================================
Check completed at 15:32:44
Next check in 60 seconds...
======================================================================

======================================================================
Auto-Ban Check - 2025-11-25 15:33:44
======================================================================

[Rule 1] Checking users with banned transactions (label=2)...
Found 10 users with high-risk transactions
Result: 0 users newly banned

[Rule 2] Checking users with 10+ warning transactions today...
No users with 10+ warning transactions today

======================================================================
Check completed at 15:33:44
Next check in 60 seconds...
======================================================================

======================================================================
Auto-Ban Check - 2025-11-25 15:34:44
======================================================================

[Rule 1] Checking users with banned transactions (label=2)...
Found 10 users with high-risk transactions
Result: 0 users newly banned

[Rule 2] Checking users with 10+ warning transactions today...
No users with 10+ warning transactions today

======================================================================
Check completed at 15:34:44
Next check in 60 seconds...
======================================================================

======================================================================
Auto-Ban Check - 2025-11-25 15:35:44
======================================================================

[Rule 1] Checking users with banned transactions (label=2)...
Found 10 users with high-risk transactions
Result: 0 users newly banned

[Rule 2] Checking users with 10+ warning transactions today...
No users with 10+ warning transactions today

======================================================================
Check completed at 15:35:44
Next check in 60 seconds...
======================================================================

======================================================================
Auto-Ban Check - 2025-11-25 15:36:44
======================================================================

[Rule 1] Checking users with banned transactions (label=2)...
Found 10 users with high-risk transactions
Result: 0 users newly banned

[Rule 2] Checking users with 10+ warning transactions today...
No users with 10+ warning transactions today

======================================================================
Check completed at 15:36:44
Next check in 60 seconds...
======================================================================

======================================================================
Auto-Ban Check - 2025-11-25 15:37:44
======================================================================

[Rule 1] Checking users with banned transactions (label=2)...
Found 10 users with high-risk transactions
Result: 0 users newly banned

[Rule 2] Checking users with 10+ warning transactions today...
No users with 10+ warning transactions today

======================================================================
Check completed at 15:37:44
Next check in 60 seconds...
======================================================================

======================================================================
Auto-Ban Check - 2025-11-25 15:38:44
======================================================================

[Rule 1] Checking users with banned transactions (label=2)...
Found 10 users with high-risk transactions
Result: 0 users newly banned

[Rule 2] Checking users with 10+ warning transactions today...
No users with 10+ warning transactions today

======================================================================
Check completed at 15:38:45
Next check in 60 seconds...
======================================================================

======================================================================
Auto-Ban Check - 2025-11-25 15:39:45
======================================================================

[Rule 1] Checking users with banned transactions (label=2)...
Found 10 users with high-risk transactions
Result: 0 users newly banned

[Rule 2] Checking users with 10+ warning transactions today...
No users with 10+ warning transactions today

======================================================================
Check completed at 15:39:45
Next check in 60 seconds...
======================================================================

======================================================================
Auto-Ban Check - 2025-11-25 15:40:45
======================================================================

[Rule 1] Checking users with banned transactions (label=2)...
Found 10 users with high-risk transactions
Result: 0 users newly banned

[Rule 2] Checking users with 10+ warning transactions today...
No users with 10+ warning transactions today

======================================================================
Check completed at 15:40:45
Next check in 60 seconds...
======================================================================

======================================================================
Auto-Ban Check - 2025-11-25 15:41:45
======================================================================

[Rule 1] Checking users with banned transactions (label=2)...
Found 10 users with high-risk transactions
Result: 0 users newly banned

[Rule 2] Checking users with 10+ warning transactions today...
No users with 10+ warning transactions today

======================================================================
Check completed at 15:41:45
Next check in 60 seconds...
======================================================================

======================================================================
Auto-Ban Check - 2025-11-25 15:42:45
======================================================================

[Rule 1] Checking users with banned transactions (label=2)...
Found 10 users with high-risk transactions
Result: 0 users newly banned

[Rule 2] Checking users with 10+ warning transactions today...
No users with 10+ warning transactions today

======================================================================
Check completed at 15:42:45
Next check in 60 seconds...
======================================================================

======================================================================
Auto-Ban Check - 2025-11-25 15:43:45
======================================================================

[Rule 1] Checking users with banned transactions (label=2)...
Found 10 users with high-risk transactions
Result: 0 users newly banned

[Rule 2] Checking users with 10+ warning transactions today...
No users with 10+ warning transactions today

======================================================================
Check completed at 15:43:45
Next check in 60 seconds...
======================================================================

======================================================================
Auto-Ban Check - 2025-11-25 15:44:45
======================================================================

[Rule 1] Checking users with banned transactions (label=2)...
Found 10 users with high-risk transactions
Result: 0 users newly banned

[Rule 2] Checking users with 10+ warning transactions today...
No users with 10+ warning transactions today

======================================================================
Check completed at 15:44:46
Next check in 60 seconds...
======================================================================

======================================================================
Auto-Ban Check - 2025-11-25 15:45:46
======================================================================

[Rule 1] Checking users with banned transactions (label=2)...
Found 10 users with high-risk transactions
Result: 0 users newly banned

[Rule 2] Checking users with 10+ warning transactions today...
No users with 10+ warning transactions today

======================================================================
Check completed at 15:45:46
Next check in 60 seconds...
======================================================================

======================================================================
Auto-Ban Check - 2025-11-25 15:46:46
======================================================================

[Rule 1] Checking users with banned transactions (label=2)...
Found 10 users with high-risk transactions
Result: 0 users newly banned

[Rule 2] Checking users with 10+ warning transactions today...
No users with 10+ warning transactions today

======================================================================
Check completed at 15:46:46
Next check in 60 seconds...
======================================================================

======================================================================
Auto-Ban Check - 2025-11-25 15:47:46
======================================================================

[Rule 1] Checking users with banned transactions (label=2)...
Found 10 users with high-risk transactions
Result: 0 users newly banned

[Rule 2] Checking users with 10+ warning transactions today...
No users with 10+ warning transactions today

======================================================================
Check completed at 15:47:46
Next check in 60 seconds...
======================================================================

======================================================================
Auto-Ban Check - 2025-11-25 15:48:46
======================================================================

[Rule 1] Checking users with banned transactions (label=2)...
Found 10 users with high-risk transactions
Result: 0 users newly banned

[Rule 2] Checking users with 10+ warning transactions today...
No users with 10+ warning transactions today

======================================================================
Check completed at 15:48:46
Next check in 60 seconds...
======================================================================

======================================================================
Auto-Ban Check - 2025-11-25 15:49:46
======================================================================

[Rule 1] Checking users with banned transactions (label=2)...
Found 10 users with high-risk transactions
Result: 0 users newly banned

[Rule 2] Checking users with 10+ warning transactions today...
No users with 10+ warning transactions today

======================================================================
Check completed at 15:49:47
Next check in 60 seconds...
======================================================================

======================================================================
Auto-Ban Check - 2025-11-25 15:50:47
======================================================================

[Rule 1] Checking users with banned transactions (label=2)...
Found 10 users with high-risk transactions
Result: 0 users newly banned

[Rule 2] Checking users with 10+ warning transactions today...
No users with 10+ warning transactions today

======================================================================
Check completed at 15:50:47
Next check in 60 seconds...
======================================================================

======================================================================
Auto-Ban Check - 2025-11-25 15:51:47
======================================================================

[Rule 1] Checking users with banned transactions (label=2)...
Found 10 users with high-risk transactions
Result: 0 users newly banned

[Rule 2] Checking users with 10+ warning transactions today...
No users with 10+ warning transactions today

======================================================================
Check completed at 15:51:47
Next check in 60 seconds...
======================================================================

======================================================================
Auto-Ban Check - 2025-11-25 15:52:47
======================================================================

[Rule 1] Checking users with banned transactions (label=2)...
Found 10 users with high-risk transactions
Result: 0 users newly banned

[Rule 2] Checking users with 10+ warning transactions today...
No users with 10+ warning transactions today

======================================================================
Check completed at 15:52:47
Next check in 60 seconds...
======================================================================

======================================================================
Auto-Ban Check - 2025-11-25 15:53:47
======================================================================

[Rule 1] Checking users with banned transactions (label=2)...
Found 10 users with high-risk transactions
Result: 0 users newly banned

[Rule 2] Checking users with 10+ warning transactions today...
No users with 10+ warning transactions today

======================================================================
Check completed at 15:53:47
Next check in 60 seconds...
======================================================================

======================================================================
Auto-Ban Check - 2025-11-25 15:54:47
======================================================================

[Rule 1] Checking users with banned transactions (label=2)...
Found 10 users with high-risk transactions
Result: 0 users newly banned

[Rule 2] Checking users with 10+ warning transactions today...
No users with 10+ warning transactions today

======================================================================
Check completed at 15:54:47
Next check in 60 seconds...
======================================================================

======================================================================
Auto-Ban Check - 2025-11-25 15:55:47
======================================================================

[Rule 1] Checking users with banned transactions (label=2)...
Found 10 users with high-risk transactions
Result: 0 users newly banned

[Rule 2] Checking users with 10+ warning transactions today...
No users with 10+ warning transactions today

======================================================================
Check completed at 15:55:48
Next check in 60 seconds...
======================================================================

======================================================================
Auto-Ban Check - 2025-11-25 15:56:48
======================================================================

[Rule 1] Checking users with banned transactions (label=2)...
Found 10 users with high-risk transactions
Result: 0 users newly banned

[Rule 2] Checking users with 10+ warning transactions today...
No users with 10+ warning transactions today

======================================================================
Check completed at 15:56:48
Next check in 60 seconds...
======================================================================

======================================================================
Auto-Ban Check - 2025-11-25 15:57:48
======================================================================

[Rule 1] Checking users with banned transactions (label=2)...
Found 10 users with high-risk transactions
Result: 0 users newly banned

[Rule 2] Checking users with 10+ warning transactions today...
No users with 10+ warning transactions today

======================================================================
Check completed at 15:57:48
Next check in 60 seconds...
======================================================================

======================================================================
Auto-Ban Check - 2025-11-25 15:58:48
======================================================================

[Rule 1] Checking users with banned transactions (label=2)...
Found 10 users with high-risk transactions
Result: 0 users newly banned

[Rule 2] Checking users with 10+ warning transactions today...
No users with 10+ warning transactions today

======================================================================
Check completed at 15:58:48
Next check in 60 seconds...
======================================================================

======================================================================
Auto-Ban Check - 2025-11-25 15:59:48
======================================================================

[Rule 1] Checking users with banned transactions (label=2)...
Found 10 users with high-risk transactions
Result: 0 users newly banned

[Rule 2] Checking users with 10+ warning transactions today...
No users with 10+ warning transactions today

======================================================================
Check completed at 15:59:48
Next check in 60 seconds...
======================================================================

======================================================================
Auto-Ban Check - 2025-11-25 16:00:48
======================================================================

[Rule 1] Checking users with banned transactions (label=2)...
Found 10 users with high-risk transactions
Result: 0 users newly banned

[Rule 2] Checking users with 10+ warning transactions today...
No users with 10+ warning transactions today

======================================================================
Check completed at 16:00:48
Next check in 60 seconds...
======================================================================

======================================================================
Auto-Ban Check - 2025-11-25 16:01:48
======================================================================

[Rule 1] Checking users with banned transactions (label=2)...
Found 10 users with high-risk transactions
Result: 0 users newly banned

[Rule 2] Checking users with 10+ warning transactions today...
No users with 10+ warning transactions today

======================================================================
Check completed at 16:01:48
Next check in 60 seconds...
======================================================================

======================================================================
Auto-Ban Check - 2025-11-25 16:02:48
======================================================================

[Rule 1] Checking users with banned transactions (label=2)...
Found 10 users with high-risk transactions
Result: 0 users newly banned

[Rule 2] Checking users with 10+ warning transactions today...
No users with 10+ warning transactions today

======================================================================
Check completed at 16:02:49
Next check in 60 seconds...
======================================================================

======================================================================
Auto-Ban Check - 2025-11-25 16:03:49
======================================================================

[Rule 1] Checking users with banned transactions (label=2)...
Found 10 users with high-risk transactions
Result: 0 users newly banned

[Rule 2] Checking users with 10+ warning transactions today...
No users with 10+ warning transactions today

======================================================================
Check completed at 16:03:49
Next check in 60 seconds...
======================================================================

======================================================================
Auto-Ban Check - 2025-11-25 16:04:49
======================================================================

[Rule 1] Checking users with banned transactions (label=2)...
Found 10 users with high-risk transactions
Result: 0 users newly banned

[Rule 2] Checking users with 10+ warning transactions today...
No users with 10+ warning transactions today

======================================================================
Check completed at 16:04:49
Next check in 60 seconds...
======================================================================

======================================================================
Auto-Ban Check - 2025-11-25 16:05:49
======================================================================

[Rule 1] Checking users with banned transactions (label=2)...
Found 10 users with high-risk transactions
Result: 0 users newly banned

[Rule 2] Checking users with 10+ warning transactions today...
No users with 10+ warning transactions today

======================================================================
Check completed at 16:05:49
Next check in 60 seconds...
======================================================================

======================================================================
Auto-Ban Check - 2025-11-25 16:06:49
======================================================================

[Rule 1] Checking users with banned transactions (label=2)...
Found 10 users with high-risk transactions
Result: 0 users newly banned

[Rule 2] Checking users with 10+ warning transactions today...
No users with 10+ warning transactions today

======================================================================
Check completed at 16:06:49
Next check in 60 seconds...
======================================================================

======================================================================
Auto-Ban Check - 2025-11-25 16:07:49
======================================================================

[Rule 1] Checking users with banned transactions (label=2)...
Found 10 users with high-risk transactions
Result: 0 users newly banned

[Rule 2] Checking users with 10+ warning transactions today...
No users with 10+ warning transactions today

======================================================================
Check completed at 16:07:49
Next check in 60 seconds...
======================================================================

======================================================================
Auto-Ban Check - 2025-11-25 16:08:49
======================================================================

[Rule 1] Checking users with banned transactions (label=2)...
Found 10 users with high-risk transactions
Result: 0 users newly banned

[Rule 2] Checking users with 10+ warning transactions today...
No users with 10+ warning transactions today

======================================================================
Check completed at 16:08:50
Next check in 60 seconds...
======================================================================

======================================================================
Auto-Ban Check - 2025-11-25 16:09:50
======================================================================

[Rule 1] Checking users with banned transactions (label=2)...
Found 10 users with high-risk transactions
Result: 0 users newly banned

[Rule 2] Checking users with 10+ warning transactions today...
No users with 10+ warning transactions today

======================================================================
Check completed at 16:09:50
Next check in 60 seconds...
======================================================================

======================================================================
Auto-Ban Check - 2025-11-25 16:10:50
======================================================================

[Rule 1] Checking users with banned transactions (label=2)...
Found 10 users with high-risk transactions
Result: 0 users newly banned

[Rule 2] Checking users with 10+ warning transactions today...
No users with 10+ warning transactions today

======================================================================
Check completed at 16:10:50
Next check in 60 seconds...
======================================================================

======================================================================
Auto-Ban Check - 2025-11-25 16:11:50
======================================================================

[Rule 1] Checking users with banned transactions (label=2)...
Found 10 users with high-risk transactions
Result: 0 users newly banned

[Rule 2] Checking users with 10+ warning transactions today...
No users with 10+ warning transactions today

======================================================================
Check completed at 16:11:50
Next check in 60 seconds...
======================================================================

======================================================================
Auto-Ban Check - 2025-11-25 16:12:50
======================================================================

[Rule 1] Checking users with banned transactions (label=2)...
Found 10 users with high-risk transactions
Result: 0 users newly banned

[Rule 2] Checking users with 10+ warning transactions today...
No users with 10+ warning transactions today

======================================================================
Check completed at 16:12:50
Next check in 60 seconds...
======================================================================

======================================================================
Auto-Ban Check - 2025-11-25 16:13:50
======================================================================

[Rule 1] Checking users with banned transactions (label=2)...
Found 10 users with high-risk transactions
Result: 0 users newly banned

[Rule 2] Checking users with 10+ warning transactions today...
No users with 10+ warning transactions today

======================================================================
Check completed at 16:13:50
Next check in 60 seconds...
======================================================================

======================================================================
Auto-Ban Check - 2025-11-25 16:14:50
======================================================================

[Rule 1] Checking users with banned transactions (label=2)...
Found 10 users with high-risk transactions
Result: 0 users newly banned

[Rule 2] Checking users with 10+ warning transactions today...
No users with 10+ warning transactions today

======================================================================
Check completed at 16:14:51
Next check in 60 seconds...
======================================================================

======================================================================
Auto-Ban Check - 2025-11-25 16:15:51
======================================================================

[Rule 1] Checking users with banned transactions (label=2)...
Found 10 users with high-risk transactions
Result: 0 users newly banned

[Rule 2] Checking users with 10+ warning transactions today...
No users with 10+ warning transactions today

======================================================================
Check completed at 16:15:51
Next check in 60 seconds...
======================================================================

======================================================================
Auto-Ban Check - 2025-11-25 16:16:51
======================================================================

[Rule 1] Checking users with banned transactions (label=2)...
Found 10 users with high-risk transactions
Result: 0 users newly banned

[Rule 2] Checking users with 10+ warning transactions today...
No users with 10+ warning transactions today

======================================================================
Check completed at 16:16:51
Next check in 60 seconds...
======================================================================

======================================================================
Auto-Ban Check - 2025-11-25 16:17:51
======================================================================

[Rule 1] Checking users with banned transactions (label=2)...
Found 10 users with high-risk transactions
Result: 0 users newly banned

[Rule 2] Checking users with 10+ warning transactions today...
No users with 10+ warning transactions today

======================================================================
Check completed at 16:17:51
Next check in 60 seconds...
======================================================================

======================================================================
Auto-Ban Check - 2025-11-25 16:18:51
======================================================================

[Rule 1] Checking users with banned transactions (label=2)...
Found 10 users with high-risk transactions
Result: 0 users newly banned

[Rule 2] Checking users with 10+ warning transactions today...
No users with 10+ warning transactions today

======================================================================
Check completed at 16:18:51
Next check in 60 seconds...
======================================================================

======================================================================
Auto-Ban Check - 2025-11-25 16:19:51
======================================================================

[Rule 1] Checking users with banned transactions (label=2)...
Found 10 users with high-risk transactions
Result: 0 users newly banned

[Rule 2] Checking users with 10+ warning transactions today...
No users with 10+ warning transactions today

======================================================================
Check completed at 16:19:51
Next check in 60 seconds...
======================================================================

======================================================================
Auto-Ban Check - 2025-11-25 16:20:51
======================================================================

[Rule 1] Checking users with banned transactions (label=2)...
Found 10 users with high-risk transactions
Result: 0 users newly banned

[Rule 2] Checking users with 10+ warning transactions today...
No users with 10+ warning transactions today

======================================================================
Check completed at 16:20:52
Next check in 60 seconds...
======================================================================

======================================================================
Auto-Ban Check - 2025-11-25 16:21:52
======================================================================

[Rule 1] Checking users with banned transactions (label=2)...
Found 10 users with high-risk transactions
Result: 0 users newly banned

[Rule 2] Checking users with 10+ warning transactions today...
No users with 10+ warning transactions today

======================================================================
Check completed at 16:21:52
Next check in 60 seconds...
======================================================================

======================================================================
Auto-Ban Check - 2025-11-25 16:22:52
======================================================================

[Rule 1] Checking users with banned transactions (label=2)...
Found 10 users with high-risk transactions
Result: 0 users newly banned

[Rule 2] Checking users with 10+ warning transactions today...
No users with 10+ warning transactions today

======================================================================
Check completed at 16:22:52
Next check in 60 seconds...
======================================================================

======================================================================
Auto-Ban Check - 2025-11-25 16:23:52
======================================================================

[Rule 1] Checking users with banned transactions (label=2)...
Found 10 users with high-risk transactions
Result: 0 users newly banned

[Rule 2] Checking users with 10+ warning transactions today...
No users with 10+ warning transactions today

======================================================================
Check completed at 16:23:52
Next check in 60 seconds...
======================================================================

======================================================================
Auto-Ban Check - 2025-11-25 16:24:52
======================================================================

[Rule 1] Checking users with banned transactions (label=2)...
Found 10 users with high-risk transactions
Result: 0 users newly banned

[Rule 2] Checking users with 10+ warning transactions today...
No users with 10+ warning transactions today

======================================================================
Check completed at 16:24:52
Next check in 60 seconds...
======================================================================

======================================================================
Auto-Ban Check - 2025-11-25 16:25:52
======================================================================

[Rule 1] Checking users with banned transactions (label=2)...
Found 10 users with high-risk transactions
Result: 0 users newly banned

[Rule 2] Checking users with 10+ warning transactions today...
No users with 10+ warning transactions today

======================================================================
Check completed at 16:25:52
Next check in 60 seconds...
======================================================================

======================================================================
Auto-Ban Check - 2025-11-25 16:26:52
======================================================================

[Rule 1] Checking users with banned transactions (label=2)...
Found 10 users with high-risk transactions
Result: 0 users newly banned

[Rule 2] Checking users with 10+ warning transactions today...
No users with 10+ warning transactions today

======================================================================
Check completed at 16:26:53
Next check in 60 seconds...
======================================================================

======================================================================
Auto-Ban Check - 2025-11-25 16:27:53
======================================================================

[Rule 1] Checking users with banned transactions (label=2)...
Found 10 users with high-risk transactions
Result: 0 users newly banned

[Rule 2] Checking users with 10+ warning transactions today...
No users with 10+ warning transactions today

======================================================================
Check completed at 16:27:53
Next check in 60 seconds...
======================================================================

======================================================================
Auto-Ban Check - 2025-11-25 16:28:53
======================================================================

[Rule 1] Checking users with banned transactions (label=2)...
Found 10 users with high-risk transactions
Result: 0 users newly banned

[Rule 2] Checking users with 10+ warning transactions today...
No users with 10+ warning transactions today

======================================================================
Check completed at 16:28:53
Next check in 60 seconds...
======================================================================

======================================================================
Auto-Ban Check - 2025-11-25 16:29:53
======================================================================

[Rule 1] Checking users with banned transactions (label=2)...
Found 10 users with high-risk transactions
Result: 0 users newly banned

[Rule 2] Checking users with 10+ warning transactions today...
No users with 10+ warning transactions today

======================================================================
Check completed at 16:29:53
Next check in 60 seconds...
======================================================================

======================================================================
Auto-Ban Check - 2025-11-25 16:30:53
======================================================================

[Rule 1] Checking users with banned transactions (label=2)...
Found 10 users with high-risk transactions
Result: 0 users newly banned

[Rule 2] Checking users with 10+ warning transactions today...
No users with 10+ warning transactions today

======================================================================
Check completed at 16:30:53
Next check in 60 seconds...
======================================================================

======================================================================
Auto-Ban Check - 2025-11-25 16:31:53
======================================================================

[Rule 1] Checking users with banned transactions (label=2)...
Found 10 users with high-risk transactions
Result: 0 users newly banned

[Rule 2] Checking users with 10+ warning transactions today...
No users with 10+ warning transactions today

======================================================================
Check completed at 16:31:53
Next check in 60 seconds...
======================================================================

======================================================================
Auto-Ban Check - 2025-11-25 16:32:53
======================================================================

[Rule 1] Checking users with banned transactions (label=2)...
Found 10 users with high-risk transactions
Result: 0 users newly banned

[Rule 2] Checking users with 10+ warning transactions today...
No users with 10+ warning transactions today

======================================================================
Check completed at 16:32:54
Next check in 60 seconds...
======================================================================

======================================================================
Auto-Ban Check - 2025-11-25 16:33:54
======================================================================

[Rule 1] Checking users with banned transactions (label=2)...
Found 10 users with high-risk transactions
Result: 0 users newly banned

[Rule 2] Checking users with 10+ warning transactions today...
No users with 10+ warning transactions today

======================================================================
Check completed at 16:33:54
Next check in 60 seconds...
======================================================================

======================================================================
Auto-Ban Check - 2025-11-25 16:34:54
======================================================================

[Rule 1] Checking users with banned transactions (label=2)...
Found 10 users with high-risk transactions
Result: 0 users newly banned

[Rule 2] Checking users with 10+ warning transactions today...
No users with 10+ warning transactions today

======================================================================
Check completed at 16:34:54
Next check in 60 seconds...
======================================================================

======================================================================
Auto-Ban Check - 2025-11-25 16:35:54
======================================================================

[Rule 1] Checking users with banned transactions (label=2)...
Found 10 users with high-risk transactions
Result: 0 users newly banned

[Rule 2] Checking users with 10+ warning transactions today...
No users with 10+ warning transactions today

======================================================================
Check completed at 16:35:54
Next check in 60 seconds...
======================================================================

======================================================================
Auto-Ban Check - 2025-11-25 16:36:54
======================================================================

[Rule 1] Checking users with banned transactions (label=2)...
Found 10 users with high-risk transactions
Result: 0 users newly banned

[Rule 2] Checking users with 10+ warning transactions today...
No users with 10+ warning transactions today

======================================================================
Check completed at 16:36:54
Next check in 60 seconds...
======================================================================

======================================================================
Auto-Ban Check - 2025-11-25 16:37:54
======================================================================

[Rule 1] Checking users with banned transactions (label=2)...
Found 10 users with high-risk transactions
Result: 0 users newly banned

[Rule 2] Checking users with 10+ warning transactions today...
No users with 10+ warning transactions today

======================================================================
Check completed at 16:37:54
Next check in 60 seconds...
======================================================================

======================================================================
Auto-Ban Check - 2025-11-25 16:38:54
======================================================================

[Rule 1] Checking users with banned transactions (label=2)...
Found 10 users with high-risk transactions
Result: 0 users newly banned

[Rule 2] Checking users with 10+ warning transactions today...
No users with 10+ warning transactions today

======================================================================
Check completed at 16:38:54
Next check in 60 seconds...
======================================================================

======================================================================
Auto-Ban Check - 2025-11-25 16:39:54
======================================================================

[Rule 1] Checking users with banned transactions (label=2)...
Found 10 users with high-risk transactions
Result: 0 users newly banned

[Rule 2] Checking users with 10+ warning transactions today...
No users with 10+ warning transactions today

======================================================================
Check completed at 16:39:55
Next check in 60 seconds...
======================================================================

======================================================================
Auto-Ban Check - 2025-11-25 16:40:55
======================================================================

[Rule 1] Checking users with banned transactions (label=2)...
Found 10 users with high-risk transactions
Result: 0 users newly banned

[Rule 2] Checking users with 10+ warning transactions today...
No users with 10+ warning transactions today

======================================================================
Check completed at 16:40:55
Next check in 60 seconds...
======================================================================

======================================================================
Auto-Ban Check - 2025-11-25 16:41:55
======================================================================

[Rule 1] Checking users with banned transactions (label=2)...
Found 10 users with high-risk transactions
Result: 0 users newly banned

[Rule 2] Checking users with 10+ warning transactions today...
No users with 10+ warning transactions today

======================================================================
Check completed at 16:41:55
Next check in 60 seconds...
======================================================================

======================================================================
Auto-Ban Check - 2025-11-25 16:42:55
======================================================================

[Rule 1] Checking users with banned transactions (label=2)...
Found 10 users with high-risk transactions
Result: 0 users newly banned

[Rule 2] Checking users with 10+ warning transactions today...
No users with 10+ warning transactions today

======================================================================
Check completed at 16:42:55
Next check in 60 seconds...
======================================================================

======================================================================
Auto-Ban Check - 2025-11-25 16:43:55
======================================================================

[Rule 1] Checking users with banned transactions (label=2)...
Found 10 users with high-risk transactions
Result: 0 users newly banned

[Rule 2] Checking users with 10+ warning transactions today...
No users with 10+ warning transactions today

======================================================================
Check completed at 16:43:55
Next check in 60 seconds...
======================================================================

======================================================================
Auto-Ban Check - 2025-11-25 16:44:55
======================================================================

[Rule 1] Checking users with banned transactions (label=2)...
Found 10 users with high-risk transactions
Result: 0 users newly banned

[Rule 2] Checking users with 10+ warning transactions today...
No users with 10+ warning transactions today

======================================================================
Check completed at 16:44:55
Next check in 60 seconds...
======================================================================

======================================================================
Auto-Ban Check - 2025-11-25 16:45:55
======================================================================

[Rule 1] Checking users with banned transactions (label=2)...
Found 10 users with high-risk transactions
Result: 0 users newly banned

[Rule 2] Checking users with 10+ warning transactions today...
No users with 10+ warning transactions today

======================================================================
Check completed at 16:45:56
Next check in 60 seconds...
======================================================================

======================================================================
Auto-Ban Check - 2025-11-25 16:46:56
======================================================================

[Rule 1] Checking users with banned transactions (label=2)...
Found 10 users with high-risk transactions
Result: 0 users newly banned

[Rule 2] Checking users with 10+ warning transactions today...
No users with 10+ warning transactions today

======================================================================
Check completed at 16:46:56
Next check in 60 seconds...
======================================================================

======================================================================
Auto-Ban Check - 2025-11-25 16:47:56
======================================================================

[Rule 1] Checking users with banned transactions (label=2)...
Found 10 users with high-risk transactions
Result: 0 users newly banned

[Rule 2] Checking users with 10+ warning transactions today...
No users with 10+ warning transactions today

======================================================================
Check completed at 16:47:56
Next check in 60 seconds...
======================================================================

======================================================================
Auto-Ban Check - 2025-11-25 16:48:56
======================================================================

[Rule 1] Checking users with banned transactions (label=2)...
Found 10 users with high-risk transactions
Result: 0 users newly banned

[Rule 2] Checking users with 10+ warning transactions today...
No users with 10+ warning transactions today

======================================================================
Check completed at 16:48:56
Next check in 60 seconds...
======================================================================

======================================================================
Auto-Ban Check - 2025-11-25 16:49:56
======================================================================

[Rule 1] Checking users with banned transactions (label=2)...
Found 10 users with high-risk transactions
Result: 0 users newly banned

[Rule 2] Checking users with 10+ warning transactions today...
No users with 10+ warning transactions today

======================================================================
Check completed at 16:49:56
Next check in 60 seconds...
======================================================================

======================================================================
Auto-Ban Check - 2025-11-25 16:50:56
======================================================================

[Rule 1] Checking users with banned transactions (label=2)...
Found 10 users with high-risk transactions
Result: 0 users newly banned

[Rule 2] Checking users with 10+ warning transactions today...
No users with 10+ warning transactions today

======================================================================
Check completed at 16:50:56
Next check in 60 seconds...
======================================================================

======================================================================
Auto-Ban Check - 2025-11-25 16:51:56
======================================================================

[Rule 1] Checking users with banned transactions (label=2)...
Found 10 users with high-risk transactions
Result: 0 users newly banned

[Rule 2] Checking users with 10+ warning transactions today...
No users with 10+ warning transactions today

======================================================================
Check completed at 16:51:57
Next check in 60 seconds...
======================================================================

======================================================================
Auto-Ban Check - 2025-11-25 16:52:57
======================================================================

[Rule 1] Checking users with banned transactions (label=2)...
Found 10 users with high-risk transactions
Result: 0 users newly banned

[Rule 2] Checking users with 10+ warning transactions today...
No users with 10+ warning transactions today

======================================================================
Check completed at 16:52:57
Next check in 60 seconds...
======================================================================

======================================================================
Auto-Ban Check - 2025-11-25 16:53:57
======================================================================

[Rule 1] Checking users with banned transactions (label=2)...
Found 10 users with high-risk transactions
Result: 0 users newly banned

[Rule 2] Checking users with 10+ warning transactions today...
No users with 10+ warning transactions today

======================================================================
Check completed at 16:53:57
Next check in 60 seconds...
======================================================================

======================================================================
Auto-Ban Check - 2025-11-25 16:54:57
======================================================================

[Rule 1] Checking users with banned transactions (label=2)...
Found 10 users with high-risk transactions
Result: 0 users newly banned

[Rule 2] Checking users with 10+ warning transactions today...
No users with 10+ warning transactions today

======================================================================
Check completed at 16:54:57
Next check in 60 seconds...
======================================================================

======================================================================
Auto-Ban Check - 2025-11-25 16:55:57
======================================================================

[Rule 1] Checking users with banned transactions (label=2)...
Found 10 users with high-risk transactions
Result: 0 users newly banned

[Rule 2] Checking users with 10+ warning transactions today...
No users with 10+ warning transactions today

======================================================================
Check completed at 16:55:57
Next check in 60 seconds...
======================================================================

======================================================================
Auto-Ban Check - 2025-11-25 16:56:57
======================================================================

[Rule 1] Checking users with banned transactions (label=2)...
Found 10 users with high-risk transactions
Result: 0 users newly banned

[Rule 2] Checking users with 10+ warning transactions today...
No users with 10+ warning transactions today

======================================================================
Check completed at 16:56:57
Next check in 60 seconds...
======================================================================

======================================================================
Auto-Ban Check - 2025-11-25 16:57:57
======================================================================

[Rule 1] Checking users with banned transactions (label=2)...
Found 10 users with high-risk transactions
Result: 0 users newly banned

[Rule 2] Checking users with 10+ warning transactions today...
No users with 10+ warning transactions today

======================================================================
Check completed at 16:57:58
Next check in 60 seconds...
======================================================================

======================================================================
Auto-Ban Check - 2025-11-25 16:58:58
======================================================================

[Rule 1] Checking users with banned transactions (label=2)...
Found 10 users with high-risk transactions
Result: 0 users newly banned

[Rule 2] Checking users with 10+ warning transactions today...
No users with 10+ warning transactions today

======================================================================
Check completed at 16:58:58
Next check in 60 seconds...
======================================================================

======================================================================
Auto-Ban Check - 2025-11-25 16:59:58
======================================================================

[Rule 1] Checking users with banned transactions (label=2)...
Found 10 users with high-risk transactions
Result: 0 users newly banned

[Rule 2] Checking users with 10+ warning transactions today...
No users with 10+ warning transactions today

======================================================================
Check completed at 16:59:58
Next check in 60 seconds...
======================================================================

======================================================================
Auto-Ban Check - 2025-11-25 17:00:58
======================================================================

[Rule 1] Checking users with banned transactions (label=2)...
Found 10 users with high-risk transactions
Result: 0 users newly banned

[Rule 2] Checking users with 10+ warning transactions today...
No users with 10+ warning transactions today

======================================================================
Check completed at 17:00:58
Next check in 60 seconds...
======================================================================

======================================================================
Auto-Ban Check - 2025-11-25 17:01:58
======================================================================

[Rule 1] Checking users with banned transactions (label=2)...
Found 10 users with high-risk transactions
Result: 0 users newly banned

[Rule 2] Checking users with 10+ warning transactions today...
No users with 10+ warning transactions today

======================================================================
Check completed at 17:01:58
Next check in 60 seconds...
======================================================================

======================================================================
Auto-Ban Check - 2025-11-25 17:02:58
======================================================================

[Rule 1] Checking users with banned transactions (label=2)...
Found 10 users with high-risk transactions
Result: 0 users newly banned

[Rule 2] Checking users with 10+ warning transactions today...
No users with 10+ warning transactions today

======================================================================
Check completed at 17:02:58
Next check in 60 seconds...
======================================================================

======================================================================
Auto-Ban Check - 2025-11-25 17:03:58
======================================================================

[Rule 1] Checking users with banned transactions (label=2)...
Found 10 users with high-risk transactions
Result: 0 users newly banned

[Rule 2] Checking users with 10+ warning transactions today...
No users with 10+ warning transactions today

======================================================================
Check completed at 17:03:59
Next check in 60 seconds...
======================================================================

======================================================================
Auto-Ban Check - 2025-11-25 17:04:59
======================================================================

[Rule 1] Checking users with banned transactions (label=2)...
Found 10 users with high-risk transactions
Result: 0 users newly banned

[Rule 2] Checking users with 10+ warning transactions today...
No users with 10+ warning transactions today

======================================================================
Check completed at 17:04:59
Next check in 60 seconds...
======================================================================

======================================================================
Auto-Ban Check - 2025-11-25 17:05:59
======================================================================

[Rule 1] Checking users with banned transactions (label=2)...
Found 10 users with high-risk transactions
Result: 0 users newly banned

[Rule 2] Checking users with 10+ warning transactions today...
No users with 10+ warning transactions today

======================================================================
Check completed at 17:05:59
Next check in 60 seconds...
======================================================================

======================================================================
Auto-Ban Check - 2025-11-25 17:06:59
======================================================================

[Rule 1] Checking users with banned transactions (label=2)...
Found 10 users with high-risk transactions
Result: 0 users newly banned

[Rule 2] Checking users with 10+ warning transactions today...
No users with 10+ warning transactions today

======================================================================
Check completed at 17:06:59
Next check in 60 seconds...
======================================================================

======================================================================
Auto-Ban Check - 2025-11-25 17:07:59
======================================================================

[Rule 1] Checking users with banned transactions (label=2)...
Found 10 users with high-risk transactions
Result: 0 users newly banned

[Rule 2] Checking users with 10+ warning transactions today...
No users with 10+ warning transactions today

======================================================================
Check completed at 17:07:59
Next check in 60 seconds...
======================================================================

======================================================================
Auto-Ban Check - 2025-11-25 17:08:59
======================================================================

[Rule 1] Checking users with banned transactions (label=2)...
Found 10 users with high-risk transactions
Result: 0 users newly banned

[Rule 2] Checking users with 10+ warning transactions today...
No users with 10+ warning transactions today

======================================================================
Check completed at 17:08:59
Next check in 60 seconds...
======================================================================

======================================================================
Auto-Ban Check - 2025-11-25 17:09:59
======================================================================

[Rule 1] Checking users with banned transactions (label=2)...
Found 10 users with high-risk transactions
Result: 0 users newly banned

[Rule 2] Checking users with 10+ warning transactions today...
No users with 10+ warning transactions today

======================================================================
Check completed at 17:09:59
Next check in 60 seconds...
======================================================================

======================================================================
Auto-Ban Check - 2025-11-25 17:10:59
======================================================================

[Rule 1] Checking users with banned transactions (label=2)...
Found 10 users with high-risk transactions
Result: 0 users newly banned

[Rule 2] Checking users with 10+ warning transactions today...
No users with 10+ warning transactions today

======================================================================
Check completed at 17:11:00
Next check in 60 seconds...
======================================================================

======================================================================
Auto-Ban Check - 2025-11-25 17:12:00
======================================================================

[Rule 1] Checking users with banned transactions (label=2)...
Found 10 users with high-risk transactions
Result: 0 users newly banned

[Rule 2] Checking users with 10+ warning transactions today...
No users with 10+ warning transactions today

======================================================================
Check completed at 17:12:00
Next check in 60 seconds...
======================================================================

======================================================================
Auto-Ban Check - 2025-11-25 17:13:00
======================================================================

[Rule 1] Checking users with banned transactions (label=2)...
Found 10 users with high-risk transactions
Result: 0 users newly banned

[Rule 2] Checking users with 10+ warning transactions today...
No users with 10+ warning transactions today

======================================================================
Check completed at 17:13:00
Next check in 60 seconds...
======================================================================

======================================================================
Auto-Ban Check - 2025-11-25 17:14:00
======================================================================

[Rule 1] Checking users with banned transactions (label=2)...
Found 10 users with high-risk transactions
Result: 0 users newly banned

[Rule 2] Checking users with 10+ warning transactions today...
No users with 10+ warning transactions today

======================================================================
Check completed at 17:14:00
Next check in 60 seconds...
======================================================================

======================================================================
Auto-Ban Check - 2025-11-25 17:15:00
======================================================================

[Rule 1] Checking users with banned transactions (label=2)...
Found 10 users with high-risk transactions
Result: 0 users newly banned

[Rule 2] Checking users with 10+ warning transactions today...
No users with 10+ warning transactions today

======================================================================
Check completed at 17:15:00
Next check in 60 seconds...
======================================================================

======================================================================
Auto-Ban Check - 2025-11-25 17:16:00
======================================================================

[Rule 1] Checking users with banned transactions (label=2)...
Found 10 users with high-risk transactions
Result: 0 users newly banned

[Rule 2] Checking users with 10+ warning transactions today...
No users with 10+ warning transactions today

======================================================================
Check completed at 17:16:00
Next check in 60 seconds...
======================================================================

======================================================================
Auto-Ban Check - 2025-11-25 17:17:00
======================================================================

[Rule 1] Checking users with banned transactions (label=2)...
Found 10 users with high-risk transactions
Result: 0 users newly banned

[Rule 2] Checking users with 10+ warning transactions today...
No users with 10+ warning transactions today

======================================================================
Check completed at 17:17:01
Next check in 60 seconds...
======================================================================

======================================================================
Auto-Ban Check - 2025-11-25 17:18:01
======================================================================

[Rule 1] Checking users with banned transactions (label=2)...
Found 10 users with high-risk transactions
Result: 0 users newly banned

[Rule 2] Checking users with 10+ warning transactions today...
No users with 10+ warning transactions today

======================================================================
Check completed at 17:18:01
Next check in 60 seconds...
======================================================================

======================================================================
Auto-Ban Check - 2025-11-25 17:19:01
======================================================================

[Rule 1] Checking users with banned transactions (label=2)...
Found 10 users with high-risk transactions
Result: 0 users newly banned

[Rule 2] Checking users with 10+ warning transactions today...
No users with 10+ warning transactions today

======================================================================
Check completed at 17:19:01
Next check in 60 seconds...
======================================================================

======================================================================
Auto-Ban Check - 2025-11-25 17:20:01
======================================================================

[Rule 1] Checking users with banned transactions (label=2)...
Found 10 users with high-risk transactions
Result: 0 users newly banned

[Rule 2] Checking users with 10+ warning transactions today...
No users with 10+ warning transactions today

======================================================================
Check completed at 17:20:01
Next check in 60 seconds...
======================================================================

======================================================================
Auto-Ban Check - 2025-11-25 17:21:01
======================================================================

[Rule 1] Checking users with banned transactions (label=2)...
Found 10 users with high-risk transactions
Result: 0 users newly banned

[Rule 2] Checking users with 10+ warning transactions today...
No users with 10+ warning transactions today

======================================================================
Check completed at 17:21:01
Next check in 60 seconds...
======================================================================

======================================================================
Auto-Ban Check - 2025-11-25 17:22:01
======================================================================

[Rule 1] Checking users with banned transactions (label=2)...
Found 10 users with high-risk transactions
Result: 0 users newly banned

[Rule 2] Checking users with 10+ warning transactions today...
No users with 10+ warning transactions today

======================================================================
Check completed at 17:22:01
Next check in 60 seconds...
======================================================================

======================================================================
Auto-Ban Check - 2025-11-25 17:23:01
======================================================================

[Rule 1] Checking users with banned transactions (label=2)...
Found 10 users with high-risk transactions
Result: 0 users newly banned

[Rule 2] Checking users with 10+ warning transactions today...
No users with 10+ warning transactions today

======================================================================
Check completed at 17:23:02
Next check in 60 seconds...
======================================================================

======================================================================
Auto-Ban Check - 2025-11-25 17:24:02
======================================================================

[Rule 1] Checking users with banned transactions (label=2)...
Found 10 users with high-risk transactions
Result: 0 users newly banned

[Rule 2] Checking users with 10+ warning transactions today...
No users with 10+ warning transactions today

======================================================================
Check completed at 17:24:02
Next check in 60 seconds...
======================================================================

======================================================================
Auto-Ban Check - 2025-11-25 17:25:02
======================================================================

[Rule 1] Checking users with banned transactions (label=2)...
Found 10 users with high-risk transactions
Result: 0 users newly banned

[Rule 2] Checking users with 10+ warning transactions today...
No users with 10+ warning transactions today

======================================================================
Check completed at 17:25:02
Next check in 60 seconds...
======================================================================

======================================================================
Auto-Ban Check - 2025-11-25 17:26:02
======================================================================

[Rule 1] Checking users with banned transactions (label=2)...
Found 10 users with high-risk transactions
Result: 0 users newly banned

[Rule 2] Checking users with 10+ warning transactions today...
No users with 10+ warning transactions today

======================================================================
Check completed at 17:26:02
Next check in 60 seconds...
======================================================================

======================================================================
Auto-Ban Check - 2025-11-25 17:27:02
======================================================================

[Rule 1] Checking users with banned transactions (label=2)...
Found 10 users with high-risk transactions
Result: 0 users newly banned

[Rule 2] Checking users with 10+ warning transactions today...
No users with 10+ warning transactions today

======================================================================
Check completed at 17:27:02
Next check in 60 seconds...
======================================================================

======================================================================
Auto-Ban Check - 2025-11-25 17:28:02
======================================================================

[Rule 1] Checking users with banned transactions (label=2)...
Found 10 users with high-risk transactions
Result: 0 users newly banned

[Rule 2] Checking users with 10+ warning transactions today...
No users with 10+ warning transactions today

======================================================================
Check completed at 17:28:02
Next check in 60 seconds...
======================================================================

======================================================================
Auto-Ban Check - 2025-11-25 17:29:02
======================================================================

[Rule 1] Checking users with banned transactions (label=2)...
Found 10 users with high-risk transactions
Result: 0 users newly banned

[Rule 2] Checking users with 10+ warning transactions today...
No users with 10+ warning transactions today

======================================================================
Check completed at 17:29:03
Next check in 60 seconds...
======================================================================

======================================================================
Auto-Ban Check - 2025-11-25 17:30:03
======================================================================

[Rule 1] Checking users with banned transactions (label=2)...
Found 10 users with high-risk transactions
Result: 0 users newly banned

[Rule 2] Checking users with 10+ warning transactions today...
No users with 10+ warning transactions today

======================================================================
Check completed at 17:30:03
Next check in 60 seconds...
======================================================================

======================================================================
Auto-Ban Check - 2025-11-25 17:31:03
======================================================================

[Rule 1] Checking users with banned transactions (label=2)...
Found 10 users with high-risk transactions
Result: 0 users newly banned

[Rule 2] Checking users with 10+ warning transactions today...
No users with 10+ warning transactions today

======================================================================
Check completed at 17:31:03
Next check in 60 seconds...
======================================================================

======================================================================
Auto-Ban Check - 2025-11-25 17:32:03
======================================================================

[Rule 1] Checking users with banned transactions (label=2)...
Found 10 users with high-risk transactions
Result: 0 users newly banned

[Rule 2] Checking users with 10+ warning transactions today...
No users with 10+ warning transactions today

======================================================================
Check completed at 17:32:03
Next check in 60 seconds...
======================================================================

======================================================================
Auto-Ban Check - 2025-11-25 17:33:03
======================================================================

[Rule 1] Checking users with banned transactions (label=2)...
Found 10 users with high-risk transactions
Result: 0 users newly banned

[Rule 2] Checking users with 10+ warning transactions today...
No users with 10+ warning transactions today

======================================================================
Check completed at 17:33:03
Next check in 60 seconds...
======================================================================

======================================================================
Auto-Ban Check - 2025-11-25 17:34:03
======================================================================

[Rule 1] Checking users with banned transactions (label=2)...
Found 10 users with high-risk transactions
Result: 0 users newly banned

[Rule 2] Checking users with 10+ warning transactions today...
No users with 10+ warning transactions today

======================================================================
Check completed at 17:34:03
Next check in 60 seconds...
======================================================================

======================================================================
Auto-Ban Check - 2025-11-25 17:35:03
======================================================================

[Rule 1] Checking users with banned transactions (label=2)...
Found 10 users with high-risk transactions
Result: 0 users newly banned

[Rule 2] Checking users with 10+ warning transactions today...
No users with 10+ warning transactions today

======================================================================
Check completed at 17:35:04
Next check in 60 seconds...
======================================================================

======================================================================
Auto-Ban Check - 2025-11-25 17:36:04
======================================================================

[Rule 1] Checking users with banned transactions (label=2)...
Found 10 users with high-risk transactions
Result: 0 users newly banned

[Rule 2] Checking users with 10+ warning transactions today...
No users with 10+ warning transactions today

======================================================================
Check completed at 17:36:04
Next check in 60 seconds...
======================================================================

======================================================================
Auto-Ban Check - 2025-11-25 17:37:04
======================================================================

[Rule 1] Checking users with banned transactions (label=2)...
Found 10 users with high-risk transactions
Result: 0 users newly banned

[Rule 2] Checking users with 10+ warning transactions today...
No users with 10+ warning transactions today

======================================================================
Check completed at 17:37:04
Next check in 60 seconds...
======================================================================

======================================================================
Auto-Ban Check - 2025-11-25 17:38:04
======================================================================

[Rule 1] Checking users with banned transactions (label=2)...
Found 10 users with high-risk transactions
Result: 0 users newly banned

[Rule 2] Checking users with 10+ warning transactions today...
No users with 10+ warning transactions today

======================================================================
Check completed at 17:38:04
Next check in 60 seconds...
======================================================================

======================================================================
Auto-Ban Check - 2025-11-25 17:39:04
======================================================================

[Rule 1] Checking users with banned transactions (label=2)...
Found 10 users with high-risk transactions
Result: 0 users newly banned

[Rule 2] Checking users with 10+ warning transactions today...
No users with 10+ warning transactions today

======================================================================
Check completed at 17:39:04
Next check in 60 seconds...
======================================================================

======================================================================
Auto-Ban Check - 2025-11-25 17:40:04
======================================================================

[Rule 1] Checking users with banned transactions (label=2)...
Found 10 users with high-risk transactions
Result: 0 users newly banned

[Rule 2] Checking users with 10+ warning transactions today...
No users with 10+ warning transactions today

======================================================================
Check completed at 17:40:04
Next check in 60 seconds...
======================================================================

======================================================================
Auto-Ban Check - 2025-11-25 17:41:04
======================================================================

[Rule 1] Checking users with banned transactions (label=2)...
Found 10 users with high-risk transactions
Result: 0 users newly banned

[Rule 2] Checking users with 10+ warning transactions today...
No users with 10+ warning transactions today

======================================================================
Check completed at 17:41:05
Next check in 60 seconds...
======================================================================

======================================================================
Auto-Ban Check - 2025-11-25 17:42:05
======================================================================

[Rule 1] Checking users with banned transactions (label=2)...
Found 10 users with high-risk transactions
Result: 0 users newly banned

[Rule 2] Checking users with 10+ warning transactions today...
No users with 10+ warning transactions today

======================================================================
Check completed at 17:42:05
Next check in 60 seconds...
======================================================================

======================================================================
Auto-Ban Check - 2025-11-25 17:43:05
======================================================================

[Rule 1] Checking users with banned transactions (label=2)...
Found 10 users with high-risk transactions
Result: 0 users newly banned

[Rule 2] Checking users with 10+ warning transactions today...
No users with 10+ warning transactions today

======================================================================
Check completed at 17:43:05
Next check in 60 seconds...
======================================================================

======================================================================
Auto-Ban Check - 2025-11-25 17:44:05
======================================================================

[Rule 1] Checking users with banned transactions (label=2)...
Found 10 users with high-risk transactions
Result: 0 users newly banned

[Rule 2] Checking users with 10+ warning transactions today...
No users with 10+ warning transactions today

======================================================================
Check completed at 17:44:05
Next check in 60 seconds...
======================================================================

======================================================================
Auto-Ban Check - 2025-11-25 17:45:05
======================================================================

[Rule 1] Checking users with banned transactions (label=2)...
Found 10 users with high-risk transactions
Result: 0 users newly banned

[Rule 2] Checking users with 10+ warning transactions today...
No users with 10+ warning transactions today

======================================================================
Check completed at 17:45:05
Next check in 60 seconds...
======================================================================

======================================================================
Auto-Ban Check - 2025-11-25 17:46:05
======================================================================

[Rule 1] Checking users with banned transactions (label=2)...
Found 10 users with high-risk transactions
Result: 0 users newly banned

[Rule 2] Checking users with 10+ warning transactions today...
No users with 10+ warning transactions today

======================================================================
Check completed at 17:46:05
Next check in 60 seconds...
======================================================================

======================================================================
Auto-Ban Check - 2025-11-25 17:47:05
======================================================================

[Rule 1] Checking users with banned transactions (label=2)...
Found 10 users with high-risk transactions
Result: 0 users newly banned

[Rule 2] Checking users with 10+ warning transactions today...
No users with 10+ warning transactions today

======================================================================
Check completed at 17:47:06
Next check in 60 seconds...
======================================================================

======================================================================
Auto-Ban Check - 2025-11-25 17:48:06
======================================================================

[Rule 1] Checking users with banned transactions (label=2)...
Found 10 users with high-risk transactions
Result: 0 users newly banned

[Rule 2] Checking users with 10+ warning transactions today...
No users with 10+ warning transactions today

======================================================================
Check completed at 17:48:06
Next check in 60 seconds...
======================================================================

======================================================================
Auto-Ban Check - 2025-11-25 17:49:06
======================================================================

[Rule 1] Checking users with banned transactions (label=2)...
Found 10 users with high-risk transactions
Result: 0 users newly banned

[Rule 2] Checking users with 10+ warning transactions today...
No users with 10+ warning transactions today

======================================================================
Check completed at 17:49:06
Next check in 60 seconds...
======================================================================

======================================================================
Auto-Ban Check - 2025-11-25 17:50:06
======================================================================

[Rule 1] Checking users with banned transactions (label=2)...
Found 10 users with high-risk transactions
Result: 0 users newly banned

[Rule 2] Checking users with 10+ warning transactions today...
No users with 10+ warning transactions today

======================================================================
Check completed at 17:50:06
Next check in 60 seconds...
======================================================================

======================================================================
Auto-Ban Check - 2025-11-25 17:51:06
======================================================================

[Rule 1] Checking users with banned transactions (label=2)...
Found 10 users with high-risk transactions
Result: 0 users newly banned

[Rule 2] Checking users with 10+ warning transactions today...
No users with 10+ warning transactions today

======================================================================
Check completed at 17:51:06
Next check in 60 seconds...
======================================================================

======================================================================
Auto-Ban Check - 2025-11-25 17:52:06
======================================================================

[Rule 1] Checking users with banned transactions (label=2)...
Found 10 users with high-risk transactions
Result: 0 users newly banned

[Rule 2] Checking users with 10+ warning transactions today...
No users with 10+ warning transactions today

======================================================================
Check completed at 17:52:06
Next check in 60 seconds...
======================================================================

======================================================================
Auto-Ban Check - 2025-11-25 17:53:06
======================================================================

[Rule 1] Checking users with banned transactions (label=2)...
Found 10 users with high-risk transactions
Result: 0 users newly banned

[Rule 2] Checking users with 10+ warning transactions today...
No users with 10+ warning transactions today

======================================================================
Check completed at 17:53:06
Next check in 60 seconds...
======================================================================

======================================================================
Auto-Ban Check - 2025-11-25 17:54:06
======================================================================

[Rule 1] Checking users with banned transactions (label=2)...
Found 10 users with high-risk transactions
Result: 0 users newly banned

[Rule 2] Checking users with 10+ warning transactions today...
No users with 10+ warning transactions today

======================================================================
Check completed at 17:54:07
Next check in 60 seconds...
======================================================================

======================================================================
Auto-Ban Check - 2025-11-25 17:55:07
======================================================================

[Rule 1] Checking users with banned transactions (label=2)...
Found 10 users with high-risk transactions
Result: 0 users newly banned

[Rule 2] Checking users with 10+ warning transactions today...
No users with 10+ warning transactions today

======================================================================
Check completed at 17:55:07
Next check in 60 seconds...
======================================================================

======================================================================
Auto-Ban Check - 2025-11-25 17:56:07
======================================================================

[Rule 1] Checking users with banned transactions (label=2)...
Found 10 users with high-risk transactions
Result: 0 users newly banned

[Rule 2] Checking users with 10+ warning transactions today...
No users with 10+ warning transactions today

======================================================================
Check completed at 17:56:07
Next check in 60 seconds...
======================================================================

======================================================================
Auto-Ban Check - 2025-11-25 17:57:07
======================================================================

[Rule 1] Checking users with banned transactions (label=2)...
Found 10 users with high-risk transactions
Result: 0 users newly banned

[Rule 2] Checking users with 10+ warning transactions today...
No users with 10+ warning transactions today

======================================================================
Check completed at 17:57:07
Next check in 60 seconds...
======================================================================

======================================================================
Auto-Ban Check - 2025-11-25 17:58:07
======================================================================

[Rule 1] Checking users with banned transactions (label=2)...
Found 10 users with high-risk transactions
Result: 0 users newly banned

[Rule 2] Checking users with 10+ warning transactions today...
No users with 10+ warning transactions today

======================================================================
Check completed at 17:58:07
Next check in 60 seconds...
======================================================================

======================================================================
Auto-Ban Check - 2025-11-25 17:59:07
======================================================================

[Rule 1] Checking users with banned transactions (label=2)...
Found 10 users with high-risk transactions
Result: 0 users newly banned

[Rule 2] Checking users with 10+ warning transactions today...
No users with 10+ warning transactions today

======================================================================
Check completed at 17:59:07
Next check in 60 seconds...
======================================================================

======================================================================
Auto-Ban Check - 2025-11-25 18:00:07
======================================================================

[Rule 1] Checking users with banned transactions (label=2)...
Found 10 users with high-risk transactions
Result: 0 users newly banned

[Rule 2] Checking users with 10+ warning transactions today...
No users with 10+ warning transactions today

======================================================================
Check completed at 18:00:08
Next check in 60 seconds...
======================================================================

======================================================================
Auto-Ban Check - 2025-11-25 18:01:08
======================================================================

[Rule 1] Checking users with banned transactions (label=2)...
Found 10 users with high-risk transactions
Result: 0 users newly banned

[Rule 2] Checking users with 10+ warning transactions today...
No users with 10+ warning transactions today

======================================================================
Check completed at 18:01:08
Next check in 60 seconds...
======================================================================

======================================================================
Auto-Ban Check - 2025-11-25 18:02:08
======================================================================

[Rule 1] Checking users with banned transactions (label=2)...
Found 10 users with high-risk transactions
Result: 0 users newly banned

[Rule 2] Checking users with 10+ warning transactions today...
No users with 10+ warning transactions today

======================================================================
Check completed at 18:02:08
Next check in 60 seconds...
======================================================================

======================================================================
Auto-Ban Check - 2025-11-25 18:03:08
======================================================================

[Rule 1] Checking users with banned transactions (label=2)...
Found 10 users with high-risk transactions
Result: 0 users newly banned

[Rule 2] Checking users with 10+ warning transactions today...
No users with 10+ warning transactions today

======================================================================
Check completed at 18:03:08
Next check in 60 seconds...
======================================================================

======================================================================
Auto-Ban Check - 2025-11-25 18:04:08
======================================================================

[Rule 1] Checking users with banned transactions (label=2)...
Found 10 users with high-risk transactions
Result: 0 users newly banned

[Rule 2] Checking users with 10+ warning transactions today...
No users with 10+ warning transactions today

======================================================================
Check completed at 18:04:08
Next check in 60 seconds...
======================================================================

======================================================================
Auto-Ban Check - 2025-11-25 18:05:08
======================================================================

[Rule 1] Checking users with banned transactions (label=2)...
Found 10 users with high-risk transactions
Result: 0 users newly banned

[Rule 2] Checking users with 10+ warning transactions today...
No users with 10+ warning transactions today

======================================================================
Check completed at 18:05:08
Next check in 60 seconds...
======================================================================

======================================================================
Auto-Ban Check - 2025-11-25 18:06:08
======================================================================

[Rule 1] Checking users with banned transactions (label=2)...
Found 10 users with high-risk transactions
Result: 0 users newly banned

[Rule 2] Checking users with 10+ warning transactions today...
No users with 10+ warning transactions today

======================================================================
Check completed at 18:06:09
Next check in 60 seconds...
======================================================================

======================================================================
Auto-Ban Check - 2025-11-25 18:07:09
======================================================================

[Rule 1] Checking users with banned transactions (label=2)...
Found 10 users with high-risk transactions
Result: 0 users newly banned

[Rule 2] Checking users with 10+ warning transactions today...
No users with 10+ warning transactions today

======================================================================
Check completed at 18:07:09
Next check in 60 seconds...
======================================================================

======================================================================
Auto-Ban Check - 2025-11-25 18:08:09
======================================================================

[Rule 1] Checking users with banned transactions (label=2)...
Found 10 users with high-risk transactions
Result: 0 users newly banned

[Rule 2] Checking users with 10+ warning transactions today...
No users with 10+ warning transactions today

======================================================================
Check completed at 18:08:09
Next check in 60 seconds...
======================================================================

======================================================================
Auto-Ban Check - 2025-11-25 18:09:09
======================================================================

[Rule 1] Checking users with banned transactions (label=2)...
Found 10 users with high-risk transactions
Result: 0 users newly banned

[Rule 2] Checking users with 10+ warning transactions today...
No users with 10+ warning transactions today

======================================================================
Check completed at 18:09:09
Next check in 60 seconds...
======================================================================

======================================================================
Auto-Ban Check - 2025-11-25 18:10:09
======================================================================

[Rule 1] Checking users with banned transactions (label=2)...
Found 10 users with high-risk transactions
Result: 0 users newly banned

[Rule 2] Checking users with 10+ warning transactions today...
No users with 10+ warning transactions today

======================================================================
Check completed at 18:10:09
Next check in 60 seconds...
======================================================================

======================================================================
Auto-Ban Check - 2025-11-25 18:11:09
======================================================================

[Rule 1] Checking users with banned transactions (label=2)...
Found 10 users with high-risk transactions
Result: 0 users newly banned

[Rule 2] Checking users with 10+ warning transactions today...
No users with 10+ warning transactions today

======================================================================
Check completed at 18:11:09
Next check in 60 seconds...
======================================================================

======================================================================
Auto-Ban Check - 2025-11-25 18:12:09
======================================================================

[Rule 1] Checking users with banned transactions (label=2)...
Found 10 users with high-risk transactions
Result: 0 users newly banned

[Rule 2] Checking users with 10+ warning transactions today...
No users with 10+ warning transactions today

======================================================================
Check completed at 18:12:10
Next check in 60 seconds...
======================================================================

======================================================================
Auto-Ban Check - 2025-11-25 18:13:10
======================================================================

[Rule 1] Checking users with banned transactions (label=2)...
Found 10 users with high-risk transactions
Result: 0 users newly banned

[Rule 2] Checking users with 10+ warning transactions today...
No users with 10+ warning transactions today

======================================================================
Check completed at 18:13:10
Next check in 60 seconds...
======================================================================

======================================================================
Auto-Ban Check - 2025-11-25 18:14:10
======================================================================

[Rule 1] Checking users with banned transactions (label=2)...
Found 10 users with high-risk transactions
Result: 0 users newly banned

[Rule 2] Checking users with 10+ warning transactions today...
No users with 10+ warning transactions today

======================================================================
Check completed at 18:14:10
Next check in 60 seconds...
======================================================================

======================================================================
Auto-Ban Check - 2025-11-25 18:15:10
======================================================================

[Rule 1] Checking users with banned transactions (label=2)...
Found 10 users with high-risk transactions
Result: 0 users newly banned

[Rule 2] Checking users with 10+ warning transactions today...
No users with 10+ warning transactions today

======================================================================
Check completed at 18:15:10
Next check in 60 seconds...
======================================================================

======================================================================
Auto-Ban Check - 2025-11-25 18:16:10
======================================================================

[Rule 1] Checking users with banned transactions (label=2)...
Found 10 users with high-risk transactions
Result: 0 users newly banned

[Rule 2] Checking users with 10+ warning transactions today...
No users with 10+ warning transactions today

======================================================================
Check completed at 18:16:10
Next check in 60 seconds...
======================================================================

======================================================================
Auto-Ban Check - 2025-11-25 18:17:10
======================================================================

[Rule 1] Checking users with banned transactions (label=2)...
Found 10 users with high-risk transactions
Result: 0 users newly banned

[Rule 2] Checking users with 10+ warning transactions today...
No users with 10+ warning transactions today

======================================================================
Check completed at 18:17:10
Next check in 60 seconds...
======================================================================

======================================================================
Auto-Ban Check - 2025-11-25 18:18:10
======================================================================

[Rule 1] Checking users with banned transactions (label=2)...
Found 10 users with high-risk transactions
Result: 0 users newly banned

[Rule 2] Checking users with 10+ warning transactions today...
No users with 10+ warning transactions today

======================================================================
Check completed at 18:18:11
Next check in 60 seconds...
======================================================================

======================================================================
Auto-Ban Check - 2025-11-25 18:19:11
======================================================================

[Rule 1] Checking users with banned transactions (label=2)...
Found 10 users with high-risk transactions
Result: 0 users newly banned

[Rule 2] Checking users with 10+ warning transactions today...
No users with 10+ warning transactions today

======================================================================
Check completed at 18:19:11
Next check in 60 seconds...
======================================================================

======================================================================
Auto-Ban Check - 2025-11-25 18:20:11
======================================================================

[Rule 1] Checking users with banned transactions (label=2)...
Found 10 users with high-risk transactions
Result: 0 users newly banned

[Rule 2] Checking users with 10+ warning transactions today...
No users with 10+ warning transactions today

======================================================================
Check completed at 18:20:11
Next check in 60 seconds...
======================================================================

======================================================================
Auto-Ban Check - 2025-11-25 18:21:11
======================================================================

[Rule 1] Checking users with banned transactions (label=2)...
Found 10 users with high-risk transactions
Result: 0 users newly banned

[Rule 2] Checking users with 10+ warning transactions today...
No users with 10+ warning transactions today

======================================================================
Check completed at 18:21:11
Next check in 60 seconds...
======================================================================

======================================================================
Auto-Ban Check - 2025-11-25 18:22:11
======================================================================

[Rule 1] Checking users with banned transactions (label=2)...
Found 10 users with high-risk transactions
Result: 0 users newly banned

[Rule 2] Checking users with 10+ warning transactions today...
No users with 10+ warning transactions today

======================================================================
Check completed at 18:22:11
Next check in 60 seconds...
======================================================================

======================================================================
Auto-Ban Check - 2025-11-25 18:23:11
======================================================================

[Rule 1] Checking users with banned transactions (label=2)...
Found 10 users with high-risk transactions
Result: 0 users newly banned

[Rule 2] Checking users with 10+ warning transactions today...
No users with 10+ warning transactions today

======================================================================
Check completed at 18:23:11
Next check in 60 seconds...
======================================================================

======================================================================
Auto-Ban Check - 2025-11-25 18:24:11
======================================================================

[Rule 1] Checking users with banned transactions (label=2)...
Found 10 users with high-risk transactions
Result: 0 users newly banned

[Rule 2] Checking users with 10+ warning transactions today...
No users with 10+ warning transactions today

======================================================================
Check completed at 18:24:12
Next check in 60 seconds...
======================================================================

======================================================================
Auto-Ban Check - 2025-11-25 18:25:12
======================================================================

[Rule 1] Checking users with banned transactions (label=2)...
Found 10 users with high-risk transactions
Result: 0 users newly banned

[Rule 2] Checking users with 10+ warning transactions today...
No users with 10+ warning transactions today

======================================================================
Check completed at 18:25:12
Next check in 60 seconds...
======================================================================

======================================================================
Auto-Ban Check - 2025-11-25 18:26:12
======================================================================

[Rule 1] Checking users with banned transactions (label=2)...
Found 10 users with high-risk transactions
Result: 0 users newly banned

[Rule 2] Checking users with 10+ warning transactions today...
No users with 10+ warning transactions today

======================================================================
Check completed at 18:26:12
Next check in 60 seconds...
======================================================================

======================================================================
Auto-Ban Check - 2025-11-25 18:27:12
======================================================================

[Rule 1] Checking users with banned transactions (label=2)...
Found 10 users with high-risk transactions
Result: 0 users newly banned

[Rule 2] Checking users with 10+ warning transactions today...
No users with 10+ warning transactions today

======================================================================
Check completed at 18:27:12
Next check in 60 seconds...
======================================================================

======================================================================
Auto-Ban Check - 2025-11-25 18:28:12
======================================================================

[Rule 1] Checking users with banned transactions (label=2)...
Found 10 users with high-risk transactions
Result: 0 users newly banned

[Rule 2] Checking users with 10+ warning transactions today...
No users with 10+ warning transactions today

======================================================================
Check completed at 18:28:12
Next check in 60 seconds...
======================================================================

======================================================================
Auto-Ban Check - 2025-11-25 18:29:12
======================================================================

[Rule 1] Checking users with banned transactions (label=2)...
Found 10 users with high-risk transactions
Result: 0 users newly banned

[Rule 2] Checking users with 10+ warning transactions today...
No users with 10+ warning transactions today

======================================================================
Check completed at 18:29:12
Next check in 60 seconds...
======================================================================

======================================================================
Auto-Ban Check - 2025-11-25 18:30:12
======================================================================

[Rule 1] Checking users with banned transactions (label=2)...
Found 10 users with high-risk transactions
Result: 0 users newly banned

[Rule 2] Checking users with 10+ warning transactions today...
No users with 10+ warning transactions today

======================================================================
Check completed at 18:30:12
Next check in 60 seconds...
======================================================================

======================================================================
Auto-Ban Check - 2025-11-25 18:31:12
======================================================================

[Rule 1] Checking users with banned transactions (label=2)...
Found 10 users with high-risk transactions
Result: 0 users newly banned

[Rule 2] Checking users with 10+ warning transactions today...
No users with 10+ warning transactions today

======================================================================
Check completed at 18:31:13
Next check in 60 seconds...
======================================================================

======================================================================
Auto-Ban Check - 2025-11-25 18:32:13
======================================================================

[Rule 1] Checking users with banned transactions (label=2)...
Found 10 users with high-risk transactions
Result: 0 users newly banned

[Rule 2] Checking users with 10+ warning transactions today...
No users with 10+ warning transactions today

======================================================================
Check completed at 18:32:13
Next check in 60 seconds...
======================================================================

======================================================================
Auto-Ban Check - 2025-11-25 18:33:13
======================================================================

[Rule 1] Checking users with banned transactions (label=2)...
Found 10 users with high-risk transactions
Result: 0 users newly banned

[Rule 2] Checking users with 10+ warning transactions today...
No users with 10+ warning transactions today

======================================================================
Check completed at 18:33:13
Next check in 60 seconds...
======================================================================

======================================================================
Auto-Ban Check - 2025-11-25 18:34:13
======================================================================

[Rule 1] Checking users with banned transactions (label=2)...
Found 10 users with high-risk transactions
Result: 0 users newly banned

[Rule 2] Checking users with 10+ warning transactions today...
No users with 10+ warning transactions today

======================================================================
Check completed at 18:34:13
Next check in 60 seconds...
======================================================================

======================================================================
Auto-Ban Check - 2025-11-25 18:35:13
======================================================================

[Rule 1] Checking users with banned transactions (label=2)...
Found 10 users with high-risk transactions
Result: 0 users newly banned

[Rule 2] Checking users with 10+ warning transactions today...
No users with 10+ warning transactions today

======================================================================
Check completed at 18:35:13
Next check in 60 seconds...
======================================================================

======================================================================
Auto-Ban Check - 2025-11-25 18:36:13
======================================================================

[Rule 1] Checking users with banned transactions (label=2)...
Found 10 users with high-risk transactions
Result: 0 users newly banned

[Rule 2] Checking users with 10+ warning transactions today...
No users with 10+ warning transactions today

======================================================================
Check completed at 18:36:13
Next check in 60 seconds...
======================================================================

======================================================================
Auto-Ban Check - 2025-11-25 18:37:13
======================================================================

[Rule 1] Checking users with banned transactions (label=2)...
Found 10 users with high-risk transactions
Result: 0 users newly banned

[Rule 2] Checking users with 10+ warning transactions today...
No users with 10+ warning transactions today

======================================================================
Check completed at 18:37:14
Next check in 60 seconds...
======================================================================

======================================================================
Auto-Ban Check - 2025-11-25 18:38:14
======================================================================

[Rule 1] Checking users with banned transactions (label=2)...
Found 10 users with high-risk transactions
Result: 0 users newly banned

[Rule 2] Checking users with 10+ warning transactions today...
No users with 10+ warning transactions today

======================================================================
Check completed at 18:38:14
Next check in 60 seconds...
======================================================================

======================================================================
Auto-Ban Check - 2025-11-25 18:39:14
======================================================================

[Rule 1] Checking users with banned transactions (label=2)...
Found 10 users with high-risk transactions
Result: 0 users newly banned

[Rule 2] Checking users with 10+ warning transactions today...
No users with 10+ warning transactions today

======================================================================
Check completed at 18:39:14
Next check in 60 seconds...
======================================================================

======================================================================
Auto-Ban Check - 2025-11-25 18:40:14
======================================================================

[Rule 1] Checking users with banned transactions (label=2)...
Found 10 users with high-risk transactions
Result: 0 users newly banned

[Rule 2] Checking users with 10+ warning transactions today...
No users with 10+ warning transactions today

======================================================================
Check completed at 18:40:14
Next check in 60 seconds...
======================================================================

======================================================================
Auto-Ban Check - 2025-11-25 18:41:14
======================================================================

[Rule 1] Checking users with banned transactions (label=2)...
Found 10 users with high-risk transactions
Result: 0 users newly banned

[Rule 2] Checking users with 10+ warning transactions today...
No users with 10+ warning transactions today

======================================================================
Check completed at 18:41:14
Next check in 60 seconds...
======================================================================

======================================================================
Auto-Ban Check - 2025-11-25 18:42:14
======================================================================

[Rule 1] Checking users with banned transactions (label=2)...
Found 10 users with high-risk transactions
Result: 0 users newly banned

[Rule 2] Checking users with 10+ warning transactions today...
No users with 10+ warning transactions today

======================================================================
Check completed at 18:42:14
Next check in 60 seconds...
======================================================================

======================================================================
Auto-Ban Check - 2025-11-25 18:43:14
======================================================================

[Rule 1] Checking users with banned transactions (label=2)...
Found 10 users with high-risk transactions
Result: 0 users newly banned

[Rule 2] Checking users with 10+ warning transactions today...
No users with 10+ warning transactions today

======================================================================
Check completed at 18:43:15
Next check in 60 seconds...
======================================================================

======================================================================
Auto-Ban Check - 2025-11-25 18:44:15
======================================================================

[Rule 1] Checking users with banned transactions (label=2)...
Found 10 users with high-risk transactions
Result: 0 users newly banned

[Rule 2] Checking users with 10+ warning transactions today...
No users with 10+ warning transactions today

======================================================================
Check completed at 18:44:15
Next check in 60 seconds...
======================================================================

======================================================================
Auto-Ban Check - 2025-11-25 18:45:15
======================================================================

[Rule 1] Checking users with banned transactions (label=2)...
Found 10 users with high-risk transactions
Result: 0 users newly banned

[Rule 2] Checking users with 10+ warning transactions today...
No users with 10+ warning transactions today

======================================================================
Check completed at 18:45:15
Next check in 60 seconds...
======================================================================

======================================================================
Auto-Ban Check - 2025-11-25 18:46:15
======================================================================

[Rule 1] Checking users with banned transactions (label=2)...
Found 10 users with high-risk transactions
Result: 0 users newly banned

[Rule 2] Checking users with 10+ warning transactions today...
No users with 10+ warning transactions today

======================================================================
Check completed at 18:46:15
Next check in 60 seconds...
======================================================================

======================================================================
Auto-Ban Check - 2025-11-25 18:47:15
======================================================================

[Rule 1] Checking users with banned transactions (label=2)...
Found 10 users with high-risk transactions
Result: 0 users newly banned

[Rule 2] Checking users with 10+ warning transactions today...
No users with 10+ warning transactions today

======================================================================
Check completed at 18:47:15
Next check in 60 seconds...
======================================================================

======================================================================
Auto-Ban Check - 2025-11-25 18:48:15
======================================================================

[Rule 1] Checking users with banned transactions (label=2)...
Found 10 users with high-risk transactions
Result: 0 users newly banned

[Rule 2] Checking users with 10+ warning transactions today...
No users with 10+ warning transactions today

======================================================================
Check completed at 18:48:15
Next check in 60 seconds...
======================================================================

======================================================================
Auto-Ban Check - 2025-11-25 18:49:15
======================================================================

[Rule 1] Checking users with banned transactions (label=2)...
Found 10 users with high-risk transactions
Result: 0 users newly banned

[Rule 2] Checking users with 10+ warning transactions today...
No users with 10+ warning transactions today

======================================================================
Check completed at 18:49:16
Next check in 60 seconds...
======================================================================

======================================================================
Auto-Ban Check - 2025-11-25 18:50:16
======================================================================

[Rule 1] Checking users with banned transactions (label=2)...
Found 10 users with high-risk transactions
Result: 0 users newly banned

[Rule 2] Checking users with 10+ warning transactions today...
No users with 10+ warning transactions today

======================================================================
Check completed at 18:50:16
Next check in 60 seconds...
======================================================================

======================================================================
Auto-Ban Check - 2025-11-25 18:51:16
======================================================================

[Rule 1] Checking users with banned transactions (label=2)...
Found 10 users with high-risk transactions
Result: 0 users newly banned

[Rule 2] Checking users with 10+ warning transactions today...
No users with 10+ warning transactions today

======================================================================
Check completed at 18:51:16
Next check in 60 seconds...
======================================================================

======================================================================
Auto-Ban Check - 2025-11-25 18:52:16
======================================================================

[Rule 1] Checking users with banned transactions (label=2)...
Found 10 users with high-risk transactions
Result: 0 users newly banned

[Rule 2] Checking users with 10+ warning transactions today...
No users with 10+ warning transactions today

======================================================================
Check completed at 18:52:16
Next check in 60 seconds...
======================================================================

======================================================================
Auto-Ban Check - 2025-11-25 18:53:16
======================================================================

[Rule 1] Checking users with banned transactions (label=2)...
Found 10 users with high-risk transactions
Result: 0 users newly banned

[Rule 2] Checking users with 10+ warning transactions today...
No users with 10+ warning transactions today

======================================================================
Check completed at 18:53:16
Next check in 60 seconds...
======================================================================

======================================================================
Auto-Ban Check - 2025-11-25 18:54:16
======================================================================

[Rule 1] Checking users with banned transactions (label=2)...
Found 10 users with high-risk transactions
Result: 0 users newly banned

[Rule 2] Checking users with 10+ warning transactions today...
No users with 10+ warning transactions today

======================================================================
Check completed at 18:54:16
Next check in 60 seconds...
======================================================================

======================================================================
Auto-Ban Check - 2025-11-25 18:55:16
======================================================================

[Rule 1] Checking users with banned transactions (label=2)...
Found 10 users with high-risk transactions
Result: 0 users newly banned

[Rule 2] Checking users with 10+ warning transactions today...
No users with 10+ warning transactions today

======================================================================
Check completed at 18:55:17
Next check in 60 seconds...
======================================================================

======================================================================
Auto-Ban Check - 2025-11-25 18:56:17
======================================================================

[Rule 1] Checking users with banned transactions (label=2)...
Found 10 users with high-risk transactions
Result: 0 users newly banned

[Rule 2] Checking users with 10+ warning transactions today...
No users with 10+ warning transactions today

======================================================================
Check completed at 18:56:17
Next check in 60 seconds...
======================================================================

======================================================================
Auto-Ban Check - 2025-11-25 18:57:17
======================================================================

[Rule 1] Checking users with banned transactions (label=2)...
Found 10 users with high-risk transactions
Result: 0 users newly banned

[Rule 2] Checking users with 10+ warning transactions today...
No users with 10+ warning transactions today

======================================================================
Check completed at 18:57:17
Next check in 60 seconds...
======================================================================

======================================================================
Auto-Ban Check - 2025-11-25 18:58:17
======================================================================

[Rule 1] Checking users with banned transactions (label=2)...
Found 10 users with high-risk transactions
Result: 0 users newly banned

[Rule 2] Checking users with 10+ warning transactions today...
No users with 10+ warning transactions today

======================================================================
Check completed at 18:58:17
Next check in 60 seconds...
======================================================================

======================================================================
Auto-Ban Check - 2025-11-25 18:59:17
======================================================================

[Rule 1] Checking users with banned transactions (label=2)...
Found 10 users with high-risk transactions
Result: 0 users newly banned

[Rule 2] Checking users with 10+ warning transactions today...
No users with 10+ warning transactions today

======================================================================
Check completed at 18:59:17
Next check in 60 seconds...
======================================================================

======================================================================
Auto-Ban Check - 2025-11-25 19:00:17
======================================================================

[Rule 1] Checking users with banned transactions (label=2)...
Found 10 users with high-risk transactions
Result: 0 users newly banned

[Rule 2] Checking users with 10+ warning transactions today...
No users with 10+ warning transactions today

======================================================================
Check completed at 19:00:17
Next check in 60 seconds...
======================================================================

======================================================================
Auto-Ban Check - 2025-11-25 19:01:17
======================================================================

[Rule 1] Checking users with banned transactions (label=2)...
Found 10 users with high-risk transactions
Result: 0 users newly banned

[Rule 2] Checking users with 10+ warning transactions today...
No users with 10+ warning transactions today

======================================================================
Check completed at 19:01:17
Next check in 60 seconds...
======================================================================

======================================================================
Auto-Ban Check - 2025-11-25 19:02:17
======================================================================

[Rule 1] Checking users with banned transactions (label=2)...
Found 10 users with high-risk transactions
Result: 0 users newly banned

[Rule 2] Checking users with 10+ warning transactions today...
No users with 10+ warning transactions today

======================================================================
Check completed at 19:02:18
Next check in 60 seconds...
======================================================================

======================================================================
Auto-Ban Check - 2025-11-25 19:03:18
======================================================================

[Rule 1] Checking users with banned transactions (label=2)...
Found 10 users with high-risk transactions
Result: 0 users newly banned

[Rule 2] Checking users with 10+ warning transactions today...
No users with 10+ warning transactions today

======================================================================
Check completed at 19:03:18
Next check in 60 seconds...
======================================================================

======================================================================
Auto-Ban Check - 2025-11-25 19:04:18
======================================================================

[Rule 1] Checking users with banned transactions (label=2)...
Found 10 users with high-risk transactions
Result: 0 users newly banned

[Rule 2] Checking users with 10+ warning transactions today...
No users with 10+ warning transactions today

======================================================================
Check completed at 19:04:18
Next check in 60 seconds...
======================================================================

======================================================================
Auto-Ban Check - 2025-11-25 19:05:18
======================================================================

[Rule 1] Checking users with banned transactions (label=2)...
Found 10 users with high-risk transactions
Result: 0 users newly banned

[Rule 2] Checking users with 10+ warning transactions today...
No users with 10+ warning transactions today

======================================================================
Check completed at 19:05:18
Next check in 60 seconds...
======================================================================

======================================================================
Auto-Ban Check - 2025-11-25 19:06:18
======================================================================

[Rule 1] Checking users with banned transactions (label=2)...
Found 10 users with high-risk transactions
Result: 0 users newly banned

[Rule 2] Checking users with 10+ warning transactions today...
No users with 10+ warning transactions today

======================================================================
Check completed at 19:06:18
Next check in 60 seconds...
======================================================================

======================================================================
Auto-Ban Check - 2025-11-25 19:07:18
======================================================================

[Rule 1] Checking users with banned transactions (label=2)...
Found 10 users with high-risk transactions
Result: 0 users newly banned

[Rule 2] Checking users with 10+ warning transactions today...
No users with 10+ warning transactions today

======================================================================
Check completed at 19:07:18
Next check in 60 seconds...
======================================================================

======================================================================
Auto-Ban Check - 2025-11-25 19:08:18
======================================================================

[Rule 1] Checking users with banned transactions (label=2)...
Found 10 users with high-risk transactions
Result: 0 users newly banned

[Rule 2] Checking users with 10+ warning transactions today...
No users with 10+ warning transactions today

======================================================================
Check completed at 19:08:19
Next check in 60 seconds...
======================================================================

======================================================================
Auto-Ban Check - 2025-11-25 19:09:19
======================================================================

[Rule 1] Checking users with banned transactions (label=2)...
Found 10 users with high-risk transactions
Result: 0 users newly banned

[Rule 2] Checking users with 10+ warning transactions today...
No users with 10+ warning transactions today

======================================================================
Check completed at 19:09:19
Next check in 60 seconds...
======================================================================

======================================================================
Auto-Ban Check - 2025-11-25 19:10:19
======================================================================

[Rule 1] Checking users with banned transactions (label=2)...
Found 10 users with high-risk transactions
Result: 0 users newly banned

[Rule 2] Checking users with 10+ warning transactions today...
No users with 10+ warning transactions today

======================================================================
Check completed at 19:10:19
Next check in 60 seconds...
======================================================================

======================================================================
Auto-Ban Check - 2025-11-25 19:11:19
======================================================================

[Rule 1] Checking users with banned transactions (label=2)...
Found 10 users with high-risk transactions
Result: 0 users newly banned

[Rule 2] Checking users with 10+ warning transactions today...
No users with 10+ warning transactions today

======================================================================
Check completed at 19:11:19
Next check in 60 seconds...
======================================================================

======================================================================
Auto-Ban Check - 2025-11-25 19:12:19
======================================================================

[Rule 1] Checking users with banned transactions (label=2)...
Found 10 users with high-risk transactions
Result: 0 users newly banned

[Rule 2] Checking users with 10+ warning transactions today...
No users with 10+ warning transactions today

======================================================================
Check completed at 19:12:19
Next check in 60 seconds...
======================================================================

======================================================================
Auto-Ban Check - 2025-11-25 19:13:19
======================================================================

[Rule 1] Checking users with banned transactions (label=2)...
Found 10 users with high-risk transactions
Result: 0 users newly banned

[Rule 2] Checking users with 10+ warning transactions today...
No users with 10+ warning transactions today

======================================================================
Check completed at 19:13:19
Next check in 60 seconds...
======================================================================

======================================================================
Auto-Ban Check - 2025-11-25 19:14:19
======================================================================

[Rule 1] Checking users with banned transactions (label=2)...
Found 10 users with high-risk transactions
Result: 0 users newly banned

[Rule 2] Checking users with 10+ warning transactions today...
No users with 10+ warning transactions today

======================================================================
Check completed at 19:14:20
Next check in 60 seconds...
======================================================================

======================================================================
Auto-Ban Check - 2025-11-25 19:15:20
======================================================================

[Rule 1] Checking users with banned transactions (label=2)...
Found 10 users with high-risk transactions
Result: 0 users newly banned

[Rule 2] Checking users with 10+ warning transactions today...
No users with 10+ warning transactions today

======================================================================
Check completed at 19:15:20
Next check in 60 seconds...
======================================================================

======================================================================
Auto-Ban Check - 2025-11-25 19:16:20
======================================================================

[Rule 1] Checking users with banned transactions (label=2)...
Found 10 users with high-risk transactions
Result: 0 users newly banned

[Rule 2] Checking users with 10+ warning transactions today...
No users with 10+ warning transactions today

======================================================================
Check completed at 19:16:20
Next check in 60 seconds...
======================================================================

======================================================================
Auto-Ban Check - 2025-11-25 19:17:20
======================================================================

[Rule 1] Checking users with banned transactions (label=2)...
Found 10 users with high-risk transactions
Result: 0 users newly banned

[Rule 2] Checking users with 10+ warning transactions today...
No users with 10+ warning transactions today

======================================================================
Check completed at 19:17:20
Next check in 60 seconds...
======================================================================

======================================================================
Auto-Ban Check - 2025-11-25 19:18:20
======================================================================

[Rule 1] Checking users with banned transactions (label=2)...
Found 10 users with high-risk transactions
Result: 0 users newly banned

[Rule 2] Checking users with 10+ warning transactions today...
No users with 10+ warning transactions today

======================================================================
Check completed at 19:18:20
Next check in 60 seconds...
======================================================================

======================================================================
Auto-Ban Check - 2025-11-25 19:19:20
======================================================================

[Rule 1] Checking users with banned transactions (label=2)...
Found 10 users with high-risk transactions
Result: 0 users newly banned

[Rule 2] Checking users with 10+ warning transactions today...
No users with 10+ warning transactions today

======================================================================
Check completed at 19:19:20
Next check in 60 seconds...
======================================================================

======================================================================
Auto-Ban Check - 2025-11-25 19:20:20
======================================================================

[Rule 1] Checking users with banned transactions (label=2)...
Found 10 users with high-risk transactions
Result: 0 users newly banned

[Rule 2] Checking users with 10+ warning transactions today...
No users with 10+ warning transactions today

======================================================================
Check completed at 19:20:21
Next check in 60 seconds...
======================================================================

======================================================================
Auto-Ban Check - 2025-11-25 19:21:21
======================================================================

[Rule 1] Checking users with banned transactions (label=2)...
Found 10 users with high-risk transactions
Result: 0 users newly banned

[Rule 2] Checking users with 10+ warning transactions today...
No users with 10+ warning transactions today

======================================================================
Check completed at 19:21:21
Next check in 60 seconds...
======================================================================

======================================================================
Auto-Ban Check - 2025-11-25 19:22:21
======================================================================

[Rule 1] Checking users with banned transactions (label=2)...
Found 10 users with high-risk transactions
Result: 0 users newly banned

[Rule 2] Checking users with 10+ warning transactions today...
No users with 10+ warning transactions today

======================================================================
Check completed at 19:22:21
Next check in 60 seconds...
======================================================================

======================================================================
Auto-Ban Check - 2025-11-25 19:23:21
======================================================================

[Rule 1] Checking users with banned transactions (label=2)...
Found 10 users with high-risk transactions
Result: 0 users newly banned

[Rule 2] Checking users with 10+ warning transactions today...
No users with 10+ warning transactions today

======================================================================
Check completed at 19:23:21
Next check in 60 seconds...
======================================================================

======================================================================
Auto-Ban Check - 2025-11-25 19:24:21
======================================================================

[Rule 1] Checking users with banned transactions (label=2)...
Found 10 users with high-risk transactions
Result: 0 users newly banned

[Rule 2] Checking users with 10+ warning transactions today...
No users with 10+ warning transactions today

======================================================================
Check completed at 19:24:21
Next check in 60 seconds...
======================================================================

======================================================================
Auto-Ban Check - 2025-11-25 19:25:21
======================================================================

[Rule 1] Checking users with banned transactions (label=2)...
Found 10 users with high-risk transactions
Result: 0 users newly banned

[Rule 2] Checking users with 10+ warning transactions today...
No users with 10+ warning transactions today

======================================================================
Check completed at 19:25:21
Next check in 60 seconds...
======================================================================

======================================================================
Auto-Ban Check - 2025-11-25 19:26:21
======================================================================

[Rule 1] Checking users with banned transactions (label=2)...
Found 10 users with high-risk transactions
Result: 0 users newly banned

[Rule 2] Checking users with 10+ warning transactions today...
No users with 10+ warning transactions today

======================================================================
Check completed at 19:26:22
Next check in 60 seconds...
======================================================================

======================================================================
Auto-Ban Check - 2025-11-25 19:27:22
======================================================================

[Rule 1] Checking users with banned transactions (label=2)...
Found 10 users with high-risk transactions
Result: 0 users newly banned

[Rule 2] Checking users with 10+ warning transactions today...
No users with 10+ warning transactions today

======================================================================
Check completed at 19:27:22
Next check in 60 seconds...
======================================================================

======================================================================
Auto-Ban Check - 2025-11-25 19:28:22
======================================================================

[Rule 1] Checking users with banned transactions (label=2)...
Found 10 users with high-risk transactions
Result: 0 users newly banned

[Rule 2] Checking users with 10+ warning transactions today...
No users with 10+ warning transactions today

======================================================================
Check completed at 19:28:22
Next check in 60 seconds...
======================================================================

======================================================================
Auto-Ban Check - 2025-11-25 19:29:22
======================================================================

[Rule 1] Checking users with banned transactions (label=2)...
Found 10 users with high-risk transactions
Result: 0 users newly banned

[Rule 2] Checking users with 10+ warning transactions today...
No users with 10+ warning transactions today

======================================================================
Check completed at 19:29:22
Next check in 60 seconds...
======================================================================

======================================================================
Auto-Ban Check - 2025-11-25 19:30:22
======================================================================

[Rule 1] Checking users with banned transactions (label=2)...
Found 10 users with high-risk transactions
Result: 0 users newly banned

[Rule 2] Checking users with 10+ warning transactions today...
No users with 10+ warning transactions today

======================================================================
Check completed at 19:30:22
Next check in 60 seconds...
======================================================================

======================================================================
Auto-Ban Check - 2025-11-25 19:31:22
======================================================================

[Rule 1] Checking users with banned transactions (label=2)...
Found 10 users with high-risk transactions
Result: 0 users newly banned

[Rule 2] Checking users with 10+ warning transactions today...
No users with 10+ warning transactions today

======================================================================
Check completed at 19:31:22
Next check in 60 seconds...
======================================================================

======================================================================
Auto-Ban Check - 2025-11-25 19:32:22
======================================================================

[Rule 1] Checking users with banned transactions (label=2)...
Found 10 users with high-risk transactions
Result: 0 users newly banned

[Rule 2] Checking users with 10+ warning transactions today...
No users with 10+ warning transactions today

======================================================================
Check completed at 19:32:23
Next check in 60 seconds...
======================================================================

======================================================================
Auto-Ban Check - 2025-11-25 19:33:23
======================================================================

[Rule 1] Checking users with banned transactions (label=2)...
Found 10 users with high-risk transactions
Result: 0 users newly banned

[Rule 2] Checking users with 10+ warning transactions today...
No users with 10+ warning transactions today

======================================================================
Check completed at 19:33:23
Next check in 60 seconds...
======================================================================

======================================================================
Auto-Ban Check - 2025-11-25 19:34:23
======================================================================

[Rule 1] Checking users with banned transactions (label=2)...
Found 10 users with high-risk transactions
Result: 0 users newly banned

[Rule 2] Checking users with 10+ warning transactions today...
No users with 10+ warning transactions today

======================================================================
Check completed at 19:34:23
Next check in 60 seconds...
======================================================================

======================================================================
Auto-Ban Check - 2025-11-25 19:35:23
======================================================================

[Rule 1] Checking users with banned transactions (label=2)...
Found 10 users with high-risk transactions
Result: 0 users newly banned

[Rule 2] Checking users with 10+ warning transactions today...
No users with 10+ warning transactions today

======================================================================
Check completed at 19:35:23
Next check in 60 seconds...
======================================================================

======================================================================
Auto-Ban Check - 2025-11-25 19:36:23
======================================================================

[Rule 1] Checking users with banned transactions (label=2)...
Found 10 users with high-risk transactions
Result: 0 users newly banned

[Rule 2] Checking users with 10+ warning transactions today...
No users with 10+ warning transactions today

======================================================================
Check completed at 19:36:23
Next check in 60 seconds...
======================================================================

======================================================================
Auto-Ban Check - 2025-11-25 19:37:23
======================================================================

[Rule 1] Checking users with banned transactions (label=2)...
Found 10 users with high-risk transactions
Result: 0 users newly banned

[Rule 2] Checking users with 10+ warning transactions today...
No users with 10+ warning transactions today

======================================================================
Check completed at 19:37:23
Next check in 60 seconds...
======================================================================

======================================================================
Auto-Ban Check - 2025-11-25 19:38:23
======================================================================

[Rule 1] Checking users with banned transactions (label=2)...
Found 10 users with high-risk transactions
Result: 0 users newly banned

[Rule 2] Checking users with 10+ warning transactions today...
No users with 10+ warning transactions today

======================================================================
Check completed at 19:38:24
Next check in 60 seconds...
======================================================================

======================================================================
Auto-Ban Check - 2025-11-25 19:39:24
======================================================================

[Rule 1] Checking users with banned transactions (label=2)...
Found 10 users with high-risk transactions
Result: 0 users newly banned

[Rule 2] Checking users with 10+ warning transactions today...
No users with 10+ warning transactions today

======================================================================
Check completed at 19:39:24
Next check in 60 seconds...
======================================================================

======================================================================
Auto-Ban Check - 2025-11-25 19:40:24
======================================================================

[Rule 1] Checking users with banned transactions (label=2)...
Found 10 users with high-risk transactions
Result: 0 users newly banned

[Rule 2] Checking users with 10+ warning transactions today...
No users with 10+ warning transactions today

======================================================================
Check completed at 19:40:24
Next check in 60 seconds...
======================================================================

======================================================================
Auto-Ban Check - 2025-11-25 19:41:24
======================================================================

[Rule 1] Checking users with banned transactions (label=2)...
Found 10 users with high-risk transactions
Result: 0 users newly banned

[Rule 2] Checking users with 10+ warning transactions today...
No users with 10+ warning transactions today

======================================================================
Check completed at 19:41:24
Next check in 60 seconds...
======================================================================

======================================================================
Auto-Ban Check - 2025-11-25 19:42:24
======================================================================

[Rule 1] Checking users with banned transactions (label=2)...
Found 10 users with high-risk transactions
Result: 0 users newly banned

[Rule 2] Checking users with 10+ warning transactions today...
No users with 10+ warning transactions today

======================================================================
Check completed at 19:42:24
Next check in 60 seconds...
======================================================================

======================================================================
Auto-Ban Check - 2025-11-25 19:43:24
======================================================================

[Rule 1] Checking users with banned transactions (label=2)...
Found 10 users with high-risk transactions
Result: 0 users newly banned

[Rule 2] Checking users with 10+ warning transactions today...
No users with 10+ warning transactions today

======================================================================
Check completed at 19:43:24
Next check in 60 seconds...
======================================================================

======================================================================
Auto-Ban Check - 2025-11-25 19:44:24
======================================================================

[Rule 1] Checking users with banned transactions (label=2)...
Found 10 users with high-risk transactions
Result: 0 users newly banned

[Rule 2] Checking users with 10+ warning transactions today...
No users with 10+ warning transactions today

======================================================================
Check completed at 19:44:25
Next check in 60 seconds...
======================================================================

======================================================================
Auto-Ban Check - 2025-11-25 19:45:25
======================================================================

[Rule 1] Checking users with banned transactions (label=2)...
Found 10 users with high-risk transactions
Result: 0 users newly banned

[Rule 2] Checking users with 10+ warning transactions today...
No users with 10+ warning transactions today

======================================================================
Check completed at 19:45:25
Next check in 60 seconds...
======================================================================

======================================================================
Auto-Ban Check - 2025-11-25 19:46:25
======================================================================

[Rule 1] Checking users with banned transactions (label=2)...
Found 10 users with high-risk transactions
Result: 0 users newly banned

[Rule 2] Checking users with 10+ warning transactions today...
No users with 10+ warning transactions today

======================================================================
Check completed at 19:46:25
Next check in 60 seconds...
======================================================================

======================================================================
Auto-Ban Check - 2025-11-25 19:47:25
======================================================================

[Rule 1] Checking users with banned transactions (label=2)...
Found 10 users with high-risk transactions
Result: 0 users newly banned

[Rule 2] Checking users with 10+ warning transactions today...
No users with 10+ warning transactions today

======================================================================
Check completed at 19:47:25
Next check in 60 seconds...
======================================================================

======================================================================
Auto-Ban Check - 2025-11-25 19:48:25
======================================================================

[Rule 1] Checking users with banned transactions (label=2)...
Found 10 users with high-risk transactions
Result: 0 users newly banned

[Rule 2] Checking users with 10+ warning transactions today...
No users with 10+ warning transactions today

======================================================================
Check completed at 19:48:25
Next check in 60 seconds...
======================================================================

======================================================================
Auto-Ban Check - 2025-11-25 19:49:25
======================================================================

[Rule 1] Checking users with banned transactions (label=2)...
Found 10 users with high-risk transactions
Result: 0 users newly banned

[Rule 2] Checking users with 10+ warning transactions today...
No users with 10+ warning transactions today

======================================================================
Check completed at 19:49:25
Next check in 60 seconds...
======================================================================

======================================================================
Auto-Ban Check - 2025-11-25 19:50:25
======================================================================

[Rule 1] Checking users with banned transactions (label=2)...
Found 10 users with high-risk transactions
Result: 0 users newly banned

[Rule 2] Checking users with 10+ warning transactions today...
No users with 10+ warning transactions today

======================================================================
Check completed at 19:50:25
Next check in 60 seconds...
======================================================================

======================================================================
Auto-Ban Check - 2025-11-25 19:51:25
======================================================================

[Rule 1] Checking users with banned transactions (label=2)...
Found 10 users with high-risk transactions
Result: 0 users newly banned

[Rule 2] Checking users with 10+ warning transactions today...
No users with 10+ warning transactions today

======================================================================
Check completed at 19:51:26
Next check in 60 seconds...
======================================================================

======================================================================
Auto-Ban Check - 2025-11-25 19:52:26
======================================================================

[Rule 1] Checking users with banned transactions (label=2)...
Found 10 users with high-risk transactions
Result: 0 users newly banned

[Rule 2] Checking users with 10+ warning transactions today...
No users with 10+ warning transactions today

======================================================================
Check completed at 19:52:26
Next check in 60 seconds...
======================================================================

======================================================================
Auto-Ban Check - 2025-11-25 19:53:26
======================================================================

[Rule 1] Checking users with banned transactions (label=2)...
Found 10 users with high-risk transactions
Result: 0 users newly banned

[Rule 2] Checking users with 10+ warning transactions today...
No users with 10+ warning transactions today

======================================================================
Check completed at 19:53:26
Next check in 60 seconds...
======================================================================

======================================================================
Auto-Ban Check - 2025-11-25 19:54:26
======================================================================

[Rule 1] Checking users with banned transactions (label=2)...
Found 10 users with high-risk transactions
Result: 0 users newly banned

[Rule 2] Checking users with 10+ warning transactions today...
No users with 10+ warning transactions today

======================================================================
Check completed at 19:54:26
Next check in 60 seconds...
======================================================================

======================================================================
Auto-Ban Check - 2025-11-25 19:55:26
======================================================================

[Rule 1] Checking users with banned transactions (label=2)...
Found 10 users with high-risk transactions
Result: 0 users newly banned

[Rule 2] Checking users with 10+ warning transactions today...
No users with 10+ warning transactions today

======================================================================
Check completed at 19:55:26
Next check in 60 seconds...
======================================================================

======================================================================
Auto-Ban Check - 2025-11-25 19:56:26
======================================================================

[Rule 1] Checking users with banned transactions (label=2)...
Found 10 users with high-risk transactions
Result: 0 users newly banned

[Rule 2] Checking users with 10+ warning transactions today...
No users with 10+ warning transactions today

======================================================================
Check completed at 19:56:26
Next check in 60 seconds...
======================================================================

======================================================================
Auto-Ban Check - 2025-11-25 19:57:26
======================================================================

[Rule 1] Checking users with banned transactions (label=2)...
Found 10 users with high-risk transactions
Result: 0 users newly banned

[Rule 2] Checking users with 10+ warning transactions today...
No users with 10+ warning transactions today

======================================================================
Check completed at 19:57:27
Next check in 60 seconds...
======================================================================

======================================================================
Auto-Ban Check - 2025-11-25 19:58:27
======================================================================

[Rule 1] Checking users with banned transactions (label=2)...
Found 10 users with high-risk transactions
Result: 0 users newly banned

[Rule 2] Checking users with 10+ warning transactions today...
No users with 10+ warning transactions today

======================================================================
Check completed at 19:58:27
Next check in 60 seconds...
======================================================================

======================================================================
Auto-Ban Check - 2025-11-25 19:59:27
======================================================================

[Rule 1] Checking users with banned transactions (label=2)...
Found 10 users with high-risk transactions
Result: 0 users newly banned

[Rule 2] Checking users with 10+ warning transactions today...
No users with 10+ warning transactions today

======================================================================
Check completed at 19:59:27
Next check in 60 seconds...
======================================================================

======================================================================
Auto-Ban Check - 2025-11-25 20:00:27
======================================================================

[Rule 1] Checking users with banned transactions (label=2)...
Found 10 users with high-risk transactions
Result: 0 users newly banned

[Rule 2] Checking users with 10+ warning transactions today...
No users with 10+ warning transactions today

======================================================================
Check completed at 20:00:27
Next check in 60 seconds...
======================================================================

======================================================================
Auto-Ban Check - 2025-11-25 20:01:27
======================================================================

[Rule 1] Checking users with banned transactions (label=2)...
Found 10 users with high-risk transactions
Result: 0 users newly banned

[Rule 2] Checking users with 10+ warning transactions today...
No users with 10+ warning transactions today

======================================================================
Check completed at 20:01:27
Next check in 60 seconds...
======================================================================

======================================================================
Auto-Ban Check - 2025-11-25 20:02:27
======================================================================

[Rule 1] Checking users with banned transactions (label=2)...
Found 10 users with high-risk transactions
Result: 0 users newly banned

[Rule 2] Checking users with 10+ warning transactions today...
No users with 10+ warning transactions today

======================================================================
Check completed at 20:02:27
Next check in 60 seconds...
======================================================================

======================================================================
Auto-Ban Check - 2025-11-25 20:03:27
======================================================================

[Rule 1] Checking users with banned transactions (label=2)...
Found 10 users with high-risk transactions
Result: 0 users newly banned

[Rule 2] Checking users with 10+ warning transactions today...
No users with 10+ warning transactions today

======================================================================
Check completed at 20:03:28
Next check in 60 seconds...
======================================================================

======================================================================
Auto-Ban Check - 2025-11-25 20:04:28
======================================================================

[Rule 1] Checking users with banned transactions (label=2)...
Found 10 users with high-risk transactions
Result: 0 users newly banned

[Rule 2] Checking users with 10+ warning transactions today...
No users with 10+ warning transactions today

======================================================================
Check completed at 20:04:28
Next check in 60 seconds...
======================================================================

======================================================================
Auto-Ban Check - 2025-11-25 20:05:28
======================================================================

[Rule 1] Checking users with banned transactions (label=2)...
Found 10 users with high-risk transactions
Result: 0 users newly banned

[Rule 2] Checking users with 10+ warning transactions today...
No users with 10+ warning transactions today

======================================================================
Check completed at 20:05:28
Next check in 60 seconds...
======================================================================

======================================================================
Auto-Ban Check - 2025-11-25 20:06:28
======================================================================

[Rule 1] Checking users with banned transactions (label=2)...
Found 10 users with high-risk transactions
Result: 0 users newly banned

[Rule 2] Checking users with 10+ warning transactions today...
No users with 10+ warning transactions today

======================================================================
Check completed at 20:06:28
Next check in 60 seconds...
======================================================================

======================================================================
Auto-Ban Check - 2025-11-25 20:07:28
======================================================================

[Rule 1] Checking users with banned transactions (label=2)...
Found 10 users with high-risk transactions
Result: 0 users newly banned

[Rule 2] Checking users with 10+ warning transactions today...
No users with 10+ warning transactions today

======================================================================
Check completed at 20:07:28
Next check in 60 seconds...
======================================================================

======================================================================
Auto-Ban Check - 2025-11-25 20:08:28
======================================================================

[Rule 1] Checking users with banned transactions (label=2)...
Found 10 users with high-risk transactions
Result: 0 users newly banned

[Rule 2] Checking users with 10+ warning transactions today...
No users with 10+ warning transactions today

======================================================================
Check completed at 20:08:28
Next check in 60 seconds...
======================================================================

======================================================================
Auto-Ban Check - 2025-11-25 20:09:28
======================================================================

[Rule 1] Checking users with banned transactions (label=2)...
Found 10 users with high-risk transactions
Result: 0 users newly banned

[Rule 2] Checking users with 10+ warning transactions today...
No users with 10+ warning transactions today

======================================================================
Check completed at 20:09:29
Next check in 60 seconds...
======================================================================

======================================================================
Auto-Ban Check - 2025-11-25 20:10:29
======================================================================

[Rule 1] Checking users with banned transactions (label=2)...
Found 10 users with high-risk transactions
Result: 0 users newly banned

[Rule 2] Checking users with 10+ warning transactions today...
No users with 10+ warning transactions today

======================================================================
Check completed at 20:10:29
Next check in 60 seconds...
======================================================================

======================================================================
Auto-Ban Check - 2025-11-25 20:11:29
======================================================================

[Rule 1] Checking users with banned transactions (label=2)...
Found 10 users with high-risk transactions
Result: 0 users newly banned

[Rule 2] Checking users with 10+ warning transactions today...
No users with 10+ warning transactions today

======================================================================
Check completed at 20:11:29
Next check in 60 seconds...
======================================================================

======================================================================
Auto-Ban Check - 2025-11-25 20:12:29
======================================================================

[Rule 1] Checking users with banned transactions (label=2)...
Found 10 users with high-risk transactions
Result: 0 users newly banned

[Rule 2] Checking users with 10+ warning transactions today...
No users with 10+ warning transactions today

======================================================================
Check completed at 20:12:29
Next check in 60 seconds...
======================================================================

======================================================================
Auto-Ban Check - 2025-11-25 20:13:29
======================================================================

[Rule 1] Checking users with banned transactions (label=2)...
Found 10 users with high-risk transactions
Result: 0 users newly banned

[Rule 2] Checking users with 10+ warning transactions today...
No users with 10+ warning transactions today

======================================================================
Check completed at 20:13:29
Next check in 60 seconds...
======================================================================

======================================================================
Auto-Ban Check - 2025-11-25 20:14:29
======================================================================

[Rule 1] Checking users with banned transactions (label=2)...
Found 10 users with high-risk transactions
Result: 0 users newly banned

[Rule 2] Checking users with 10+ warning transactions today...
No users with 10+ warning transactions today

======================================================================
Check completed at 20:14:29
Next check in 60 seconds...
======================================================================

======================================================================
Auto-Ban Check - 2025-11-25 20:15:29
======================================================================

[Rule 1] Checking users with banned transactions (label=2)...
Found 10 users with high-risk transactions
Result: 0 users newly banned

[Rule 2] Checking users with 10+ warning transactions today...
No users with 10+ warning transactions today

======================================================================
Check completed at 20:15:30
Next check in 60 seconds...
======================================================================

======================================================================
Auto-Ban Check - 2025-11-25 20:16:30
======================================================================

[Rule 1] Checking users with banned transactions (label=2)...
Found 10 users with high-risk transactions
Result: 0 users newly banned

[Rule 2] Checking users with 10+ warning transactions today...
No users with 10+ warning transactions today

======================================================================
Check completed at 20:16:30
Next check in 60 seconds...
======================================================================

======================================================================
Auto-Ban Check - 2025-11-25 20:17:30
======================================================================

[Rule 1] Checking users with banned transactions (label=2)...
Found 10 users with high-risk transactions
Result: 0 users newly banned

[Rule 2] Checking users with 10+ warning transactions today...
No users with 10+ warning transactions today

======================================================================
Check completed at 20:17:30
Next check in 60 seconds...
======================================================================

======================================================================
Auto-Ban Check - 2025-11-25 20:18:30
======================================================================

[Rule 1] Checking users with banned transactions (label=2)...
Found 10 users with high-risk transactions
Result: 0 users newly banned

[Rule 2] Checking users with 10+ warning transactions today...
No users with 10+ warning transactions today

======================================================================
Check completed at 20:18:30
Next check in 60 seconds...
======================================================================

======================================================================
Auto-Ban Check - 2025-11-25 20:19:30
======================================================================

[Rule 1] Checking users with banned transactions (label=2)...
Found 10 users with high-risk transactions
Result: 0 users newly banned

[Rule 2] Checking users with 10+ warning transactions today...
No users with 10+ warning transactions today

======================================================================
Check completed at 20:19:30
Next check in 60 seconds...
======================================================================

======================================================================
Auto-Ban Check - 2025-11-25 20:20:30
======================================================================

[Rule 1] Checking users with banned transactions (label=2)...
Found 10 users with high-risk transactions
Result: 0 users newly banned

[Rule 2] Checking users with 10+ warning transactions today...
No users with 10+ warning transactions today

======================================================================
Check completed at 20:20:30
Next check in 60 seconds...
======================================================================

======================================================================
Auto-Ban Check - 2025-11-25 20:21:30
======================================================================

[Rule 1] Checking users with banned transactions (label=2)...
Found 10 users with high-risk transactions
Result: 0 users newly banned

[Rule 2] Checking users with 10+ warning transactions today...
No users with 10+ warning transactions today

======================================================================
Check completed at 20:21:30
Next check in 60 seconds...
======================================================================

======================================================================
Auto-Ban Check - 2025-11-25 20:22:30
======================================================================

[Rule 1] Checking users with banned transactions (label=2)...
Found 10 users with high-risk transactions
Result: 0 users newly banned

[Rule 2] Checking users with 10+ warning transactions today...
No users with 10+ warning transactions today

======================================================================
Check completed at 20:22:31
Next check in 60 seconds...
======================================================================

======================================================================
Auto-Ban Check - 2025-11-25 20:23:31
======================================================================

[Rule 1] Checking users with banned transactions (label=2)...
Found 10 users with high-risk transactions
Result: 0 users newly banned

[Rule 2] Checking users with 10+ warning transactions today...
No users with 10+ warning transactions today

======================================================================
Check completed at 20:23:31
Next check in 60 seconds...
======================================================================

======================================================================
Auto-Ban Check - 2025-11-25 20:24:31
======================================================================

[Rule 1] Checking users with banned transactions (label=2)...
Found 10 users with high-risk transactions
Result: 0 users newly banned

[Rule 2] Checking users with 10+ warning transactions today...
No users with 10+ warning transactions today

======================================================================
Check completed at 20:24:31
Next check in 60 seconds...
======================================================================

======================================================================
Auto-Ban Check - 2025-11-25 20:25:31
======================================================================

[Rule 1] Checking users with banned transactions (label=2)...
Found 10 users with high-risk transactions
Result: 0 users newly banned

[Rule 2] Checking users with 10+ warning transactions today...
No users with 10+ warning transactions today

======================================================================
Check completed at 20:25:31
Next check in 60 seconds...
======================================================================

======================================================================
Auto-Ban Check - 2025-11-25 20:26:31
======================================================================

[Rule 1] Checking users with banned transactions (label=2)...
Found 10 users with high-risk transactions
Result: 0 users newly banned

[Rule 2] Checking users with 10+ warning transactions today...
No users with 10+ warning transactions today

======================================================================
Check completed at 20:26:31
Next check in 60 seconds...
======================================================================

======================================================================
Auto-Ban Check - 2025-11-25 20:27:31
======================================================================

[Rule 1] Checking users with banned transactions (label=2)...
Found 10 users with high-risk transactions
Result: 0 users newly banned

[Rule 2] Checking users with 10+ warning transactions today...
No users with 10+ warning transactions today

======================================================================
Check completed at 20:27:31
Next check in 60 seconds...
======================================================================

======================================================================
Auto-Ban Check - 2025-11-25 20:28:31
======================================================================

[Rule 1] Checking users with banned transactions (label=2)...
Found 10 users with high-risk transactions
Result: 0 users newly banned

[Rule 2] Checking users with 10+ warning transactions today...
No users with 10+ warning transactions today

======================================================================
Check completed at 20:28:32
Next check in 60 seconds...
======================================================================

======================================================================
Auto-Ban Check - 2025-11-25 20:29:32
======================================================================

[Rule 1] Checking users with banned transactions (label=2)...
Found 10 users with high-risk transactions
Result: 0 users newly banned

[Rule 2] Checking users with 10+ warning transactions today...
No users with 10+ warning transactions today

======================================================================
Check completed at 20:29:32
Next check in 60 seconds...
======================================================================

======================================================================
Auto-Ban Check - 2025-11-25 20:30:32
======================================================================

[Rule 1] Checking users with banned transactions (label=2)...
Found 10 users with high-risk transactions
Result: 0 users newly banned

[Rule 2] Checking users with 10+ warning transactions today...
No users with 10+ warning transactions today

======================================================================
Check completed at 20:30:32
Next check in 60 seconds...
======================================================================

======================================================================
Auto-Ban Check - 2025-11-25 20:31:32
======================================================================

[Rule 1] Checking users with banned transactions (label=2)...
Found 10 users with high-risk transactions
Result: 0 users newly banned

[Rule 2] Checking users with 10+ warning transactions today...
No users with 10+ warning transactions today

======================================================================
Check completed at 20:31:32
Next check in 60 seconds...
======================================================================

======================================================================
Auto-Ban Check - 2025-11-25 20:32:32
======================================================================

[Rule 1] Checking users with banned transactions (label=2)...
Found 10 users with high-risk transactions
Result: 0 users newly banned

[Rule 2] Checking users with 10+ warning transactions today...
No users with 10+ warning transactions today

======================================================================
Check completed at 20:32:32
Next check in 60 seconds...
======================================================================

======================================================================
Auto-Ban Check - 2025-11-25 20:33:32
======================================================================

[Rule 1] Checking users with banned transactions (label=2)...
Found 10 users with high-risk transactions
Result: 0 users newly banned

[Rule 2] Checking users with 10+ warning transactions today...
No users with 10+ warning transactions today

======================================================================
Check completed at 20:33:32
Next check in 60 seconds...
======================================================================

======================================================================
Auto-Ban Check - 2025-11-25 20:34:32
======================================================================

[Rule 1] Checking users with banned transactions (label=2)...
Found 10 users with high-risk transactions
Result: 0 users newly banned

[Rule 2] Checking users with 10+ warning transactions today...
No users with 10+ warning transactions today

======================================================================
Check completed at 20:34:33
Next check in 60 seconds...
======================================================================

======================================================================
Auto-Ban Check - 2025-11-25 20:35:33
======================================================================

[Rule 1] Checking users with banned transactions (label=2)...
Found 10 users with high-risk transactions
Result: 0 users newly banned

[Rule 2] Checking users with 10+ warning transactions today...
No users with 10+ warning transactions today

======================================================================
Check completed at 20:35:33
Next check in 60 seconds...
======================================================================

======================================================================
Auto-Ban Check - 2025-11-25 20:36:33
======================================================================

[Rule 1] Checking users with banned transactions (label=2)...
Found 10 users with high-risk transactions
Result: 0 users newly banned

[Rule 2] Checking users with 10+ warning transactions today...
No users with 10+ warning transactions today

======================================================================
Check completed at 20:36:33
Next check in 60 seconds...
======================================================================

======================================================================
Auto-Ban Check - 2025-11-25 20:37:33
======================================================================

[Rule 1] Checking users with banned transactions (label=2)...
Found 10 users with high-risk transactions
Result: 0 users newly banned

[Rule 2] Checking users with 10+ warning transactions today...
No users with 10+ warning transactions today

======================================================================
Check completed at 20:37:33
Next check in 60 seconds...
======================================================================

======================================================================
Auto-Ban Check - 2025-11-25 20:38:33
======================================================================

[Rule 1] Checking users with banned transactions (label=2)...
Found 10 users with high-risk transactions
Result: 0 users newly banned

[Rule 2] Checking users with 10+ warning transactions today...
No users with 10+ warning transactions today

======================================================================
Check completed at 20:38:33
Next check in 60 seconds...
======================================================================

======================================================================
Auto-Ban Check - 2025-11-25 20:39:33
======================================================================

[Rule 1] Checking users with banned transactions (label=2)...
Found 10 users with high-risk transactions
Result: 0 users newly banned

[Rule 2] Checking users with 10+ warning transactions today...
No users with 10+ warning transactions today

======================================================================
Check completed at 20:39:33
Next check in 60 seconds...
======================================================================

======================================================================
Auto-Ban Check - 2025-11-25 20:40:33
======================================================================

[Rule 1] Checking users with banned transactions (label=2)...
Found 10 users with high-risk transactions
Result: 0 users newly banned

[Rule 2] Checking users with 10+ warning transactions today...
No users with 10+ warning transactions today

======================================================================
Check completed at 20:40:34
Next check in 60 seconds...
======================================================================

======================================================================
Auto-Ban Check - 2025-11-25 20:41:34
======================================================================

[Rule 1] Checking users with banned transactions (label=2)...
Found 10 users with high-risk transactions
Result: 0 users newly banned

[Rule 2] Checking users with 10+ warning transactions today...
No users with 10+ warning transactions today

======================================================================
Check completed at 20:41:34
Next check in 60 seconds...
======================================================================

======================================================================
Auto-Ban Check - 2025-11-25 20:42:34
======================================================================

[Rule 1] Checking users with banned transactions (label=2)...
Found 10 users with high-risk transactions
Result: 0 users newly banned

[Rule 2] Checking users with 10+ warning transactions today...
No users with 10+ warning transactions today

======================================================================
Check completed at 20:42:34
Next check in 60 seconds...
======================================================================

======================================================================
Auto-Ban Check - 2025-11-25 20:43:34
======================================================================

[Rule 1] Checking users with banned transactions (label=2)...
Found 10 users with high-risk transactions
Result: 0 users newly banned

[Rule 2] Checking users with 10+ warning transactions today...
No users with 10+ warning transactions today

======================================================================
Check completed at 20:43:34
Next check in 60 seconds...
======================================================================

======================================================================
Auto-Ban Check - 2025-11-25 20:44:34
======================================================================

[Rule 1] Checking users with banned transactions (label=2)...
Found 10 users with high-risk transactions
Result: 0 users newly banned

[Rule 2] Checking users with 10+ warning transactions today...
No users with 10+ warning transactions today

======================================================================
Check completed at 20:44:34
Next check in 60 seconds...
======================================================================

======================================================================
Auto-Ban Check - 2025-11-25 20:45:34
======================================================================

[Rule 1] Checking users with banned transactions (label=2)...
Found 10 users with high-risk transactions
Result: 0 users newly banned

[Rule 2] Checking users with 10+ warning transactions today...
No users with 10+ warning transactions today

======================================================================
Check completed at 20:45:34
Next check in 60 seconds...
======================================================================

======================================================================
Auto-Ban Check - 2025-11-25 20:46:34
======================================================================

[Rule 1] Checking users with banned transactions (label=2)...
Found 10 users with high-risk transactions
Result: 0 users newly banned

[Rule 2] Checking users with 10+ warning transactions today...
No users with 10+ warning transactions today

======================================================================
Check completed at 20:46:35
Next check in 60 seconds...
======================================================================

======================================================================
Auto-Ban Check - 2025-11-25 20:47:35
======================================================================

[Rule 1] Checking users with banned transactions (label=2)...
Found 10 users with high-risk transactions
Result: 0 users newly banned

[Rule 2] Checking users with 10+ warning transactions today...
No users with 10+ warning transactions today

======================================================================
Check completed at 20:47:35
Next check in 60 seconds...
======================================================================

======================================================================
Auto-Ban Check - 2025-11-25 20:48:35
======================================================================

[Rule 1] Checking users with banned transactions (label=2)...
Found 10 users with high-risk transactions
Result: 0 users newly banned

[Rule 2] Checking users with 10+ warning transactions today...
No users with 10+ warning transactions today

======================================================================
Check completed at 20:48:35
Next check in 60 seconds...
======================================================================

======================================================================
Auto-Ban Check - 2025-11-25 20:49:35
======================================================================

[Rule 1] Checking users with banned transactions (label=2)...
Found 10 users with high-risk transactions
Result: 0 users newly banned

[Rule 2] Checking users with 10+ warning transactions today...
No users with 10+ warning transactions today

======================================================================
Check completed at 20:49:35
Next check in 60 seconds...
======================================================================

======================================================================
Auto-Ban Check - 2025-11-25 20:50:35
======================================================================

[Rule 1] Checking users with banned transactions (label=2)...
Found 10 users with high-risk transactions
Result: 0 users newly banned

[Rule 2] Checking users with 10+ warning transactions today...
No users with 10+ warning transactions today

======================================================================
Check completed at 20:50:35
Next check in 60 seconds...
======================================================================

======================================================================
Auto-Ban Check - 2025-11-25 20:51:35
======================================================================

[Rule 1] Checking users with banned transactions (label=2)...
Found 10 users with high-risk transactions
Result: 0 users newly banned

[Rule 2] Checking users with 10+ warning transactions today...
No users with 10+ warning transactions today

======================================================================
Check completed at 20:51:35
Next check in 60 seconds...
======================================================================

======================================================================
Auto-Ban Check - 2025-11-25 20:52:35
======================================================================

[Rule 1] Checking users with banned transactions (label=2)...
Found 10 users with high-risk transactions
Result: 0 users newly banned

[Rule 2] Checking users with 10+ warning transactions today...
No users with 10+ warning transactions today

======================================================================
Check completed at 20:52:35
Next check in 60 seconds...
======================================================================

======================================================================
Auto-Ban Check - 2025-11-25 20:53:35
======================================================================

[Rule 1] Checking users with banned transactions (label=2)...
Found 10 users with high-risk transactions
Result: 0 users newly banned

[Rule 2] Checking users with 10+ warning transactions today...
No users with 10+ warning transactions today

======================================================================
Check completed at 20:53:36
Next check in 60 seconds...
======================================================================

======================================================================
Auto-Ban Check - 2025-11-25 20:54:36
======================================================================

[Rule 1] Checking users with banned transactions (label=2)...
Found 10 users with high-risk transactions
Result: 0 users newly banned

[Rule 2] Checking users with 10+ warning transactions today...
No users with 10+ warning transactions today

======================================================================
Check completed at 20:54:36
Next check in 60 seconds...
======================================================================

======================================================================
Auto-Ban Check - 2025-11-25 20:55:36
======================================================================

[Rule 1] Checking users with banned transactions (label=2)...
Found 10 users with high-risk transactions
Result: 0 users newly banned

[Rule 2] Checking users with 10+ warning transactions today...
No users with 10+ warning transactions today

======================================================================
Check completed at 20:55:36
Next check in 60 seconds...
======================================================================

======================================================================
Auto-Ban Check - 2025-11-25 20:56:36
======================================================================

[Rule 1] Checking users with banned transactions (label=2)...
Found 10 users with high-risk transactions
Result: 0 users newly banned

[Rule 2] Checking users with 10+ warning transactions today...
No users with 10+ warning transactions today

======================================================================
Check completed at 20:56:36
Next check in 60 seconds...
======================================================================

======================================================================
Auto-Ban Check - 2025-11-25 20:57:36
======================================================================

[Rule 1] Checking users with banned transactions (label=2)...
Found 10 users with high-risk transactions
Result: 0 users newly banned

[Rule 2] Checking users with 10+ warning transactions today...
No users with 10+ warning transactions today

======================================================================
Check completed at 20:57:36
Next check in 60 seconds...
======================================================================

======================================================================
Auto-Ban Check - 2025-11-25 20:58:36
======================================================================

[Rule 1] Checking users with banned transactions (label=2)...
Found 10 users with high-risk transactions
Result: 0 users newly banned

[Rule 2] Checking users with 10+ warning transactions today...
No users with 10+ warning transactions today

======================================================================
Check completed at 20:58:36
Next check in 60 seconds...
======================================================================

======================================================================
Auto-Ban Check - 2025-11-25 20:59:36
======================================================================

[Rule 1] Checking users with banned transactions (label=2)...
Found 10 users with high-risk transactions
Result: 0 users newly banned

[Rule 2] Checking users with 10+ warning transactions today...
No users with 10+ warning transactions today

======================================================================
Check completed at 20:59:37
Next check in 60 seconds...
======================================================================

======================================================================
Auto-Ban Check - 2025-11-25 21:00:37
======================================================================

[Rule 1] Checking users with banned transactions (label=2)...
Found 10 users with high-risk transactions
Result: 0 users newly banned

[Rule 2] Checking users with 10+ warning transactions today...
No users with 10+ warning transactions today

======================================================================
Check completed at 21:00:37
Next check in 60 seconds...
======================================================================

======================================================================
Auto-Ban Check - 2025-11-25 21:01:37
======================================================================

[Rule 1] Checking users with banned transactions (label=2)...
Found 10 users with high-risk transactions
Result: 0 users newly banned

[Rule 2] Checking users with 10+ warning transactions today...
No users with 10+ warning transactions today

======================================================================
Check completed at 21:01:37
Next check in 60 seconds...
======================================================================

======================================================================
Auto-Ban Check - 2025-11-25 21:02:37
======================================================================

[Rule 1] Checking users with banned transactions (label=2)...
Found 10 users with high-risk transactions
Result: 0 users newly banned

[Rule 2] Checking users with 10+ warning transactions today...
No users with 10+ warning transactions today

======================================================================
Check completed at 21:02:37
Next check in 60 seconds...
======================================================================

======================================================================
Auto-Ban Check - 2025-11-25 21:03:37
======================================================================

[Rule 1] Checking users with banned transactions (label=2)...
Found 10 users with high-risk transactions
Result: 0 users newly banned

[Rule 2] Checking users with 10+ warning transactions today...
No users with 10+ warning transactions today

======================================================================
Check completed at 21:03:37
Next check in 60 seconds...
======================================================================

======================================================================
Auto-Ban Check - 2025-11-25 21:04:37
======================================================================

[Rule 1] Checking users with banned transactions (label=2)...
Found 10 users with high-risk transactions
Result: 0 users newly banned

[Rule 2] Checking users with 10+ warning transactions today...
No users with 10+ warning transactions today

======================================================================
Check completed at 21:04:37
Next check in 60 seconds...
======================================================================

======================================================================
Auto-Ban Check - 2025-11-25 21:05:37
======================================================================

[Rule 1] Checking users with banned transactions (label=2)...
Found 10 users with high-risk transactions
Result: 0 users newly banned

[Rule 2] Checking users with 10+ warning transactions today...
No users with 10+ warning transactions today

======================================================================
Check completed at 21:05:38
Next check in 60 seconds...
======================================================================

======================================================================
Auto-Ban Check - 2025-11-25 21:06:38
======================================================================

[Rule 1] Checking users with banned transactions (label=2)...
Found 10 users with high-risk transactions
Result: 0 users newly banned

[Rule 2] Checking users with 10+ warning transactions today...
No users with 10+ warning transactions today

======================================================================
Check completed at 21:06:38
Next check in 60 seconds...
======================================================================

======================================================================
Auto-Ban Check - 2025-11-25 21:07:38
======================================================================

[Rule 1] Checking users with banned transactions (label=2)...
Found 10 users with high-risk transactions
Result: 0 users newly banned

[Rule 2] Checking users with 10+ warning transactions today...
No users with 10+ warning transactions today

======================================================================
Check completed at 21:07:38
Next check in 60 seconds...
======================================================================

======================================================================
Auto-Ban Check - 2025-11-25 21:08:38
======================================================================

[Rule 1] Checking users with banned transactions (label=2)...
Found 10 users with high-risk transactions
Result: 0 users newly banned

[Rule 2] Checking users with 10+ warning transactions today...
No users with 10+ warning transactions today

======================================================================
Check completed at 21:08:38
Next check in 60 seconds...
======================================================================

======================================================================
Auto-Ban Check - 2025-11-25 21:09:38
======================================================================

[Rule 1] Checking users with banned transactions (label=2)...
Found 10 users with high-risk transactions
Result: 0 users newly banned

[Rule 2] Checking users with 10+ warning transactions today...
No users with 10+ warning transactions today

======================================================================
Check completed at 21:09:38
Next check in 60 seconds...
======================================================================

======================================================================
Auto-Ban Check - 2025-11-25 21:10:38
======================================================================

[Rule 1] Checking users with banned transactions (label=2)...
Found 10 users with high-risk transactions
Result: 0 users newly banned

[Rule 2] Checking users with 10+ warning transactions today...
No users with 10+ warning transactions today

======================================================================
Check completed at 21:10:38
Next check in 60 seconds...
======================================================================

======================================================================
Auto-Ban Check - 2025-11-25 21:11:38
======================================================================

[Rule 1] Checking users with banned transactions (label=2)...
Found 10 users with high-risk transactions
Result: 0 users newly banned

[Rule 2] Checking users with 10+ warning transactions today...
No users with 10+ warning transactions today

======================================================================
Check completed at 21:11:39
Next check in 60 seconds...
======================================================================

======================================================================
Auto-Ban Check - 2025-11-25 21:12:39
======================================================================

[Rule 1] Checking users with banned transactions (label=2)...
Found 10 users with high-risk transactions
Result: 0 users newly banned

[Rule 2] Checking users with 10+ warning transactions today...
No users with 10+ warning transactions today

======================================================================
Check completed at 21:12:39
Next check in 60 seconds...
======================================================================

======================================================================
Auto-Ban Check - 2025-11-25 21:13:39
======================================================================

[Rule 1] Checking users with banned transactions (label=2)...
Found 10 users with high-risk transactions
Result: 0 users newly banned

[Rule 2] Checking users with 10+ warning transactions today...
No users with 10+ warning transactions today

======================================================================
Check completed at 21:13:39
Next check in 60 seconds...
======================================================================

======================================================================
Auto-Ban Check - 2025-11-25 21:14:39
======================================================================

[Rule 1] Checking users with banned transactions (label=2)...
Found 10 users with high-risk transactions
Result: 0 users newly banned

[Rule 2] Checking users with 10+ warning transactions today...
No users with 10+ warning transactions today

======================================================================
Check completed at 21:14:39
Next check in 60 seconds...
======================================================================

======================================================================
Auto-Ban Check - 2025-11-25 21:15:39
======================================================================

[Rule 1] Checking users with banned transactions (label=2)...
Found 10 users with high-risk transactions
Result: 0 users newly banned

[Rule 2] Checking users with 10+ warning transactions today...
No users with 10+ warning transactions today

======================================================================
Check completed at 21:15:39
Next check in 60 seconds...
======================================================================

======================================================================
Auto-Ban Check - 2025-11-25 21:16:39
======================================================================

[Rule 1] Checking users with banned transactions (label=2)...
Found 10 users with high-risk transactions
Result: 0 users newly banned

[Rule 2] Checking users with 10+ warning transactions today...
No users with 10+ warning transactions today

======================================================================
Check completed at 21:16:39
Next check in 60 seconds...
======================================================================

======================================================================
Auto-Ban Check - 2025-11-25 21:17:39
======================================================================

[Rule 1] Checking users with banned transactions (label=2)...
Found 10 users with high-risk transactions
Result: 0 users newly banned

[Rule 2] Checking users with 10+ warning transactions today...
No users with 10+ warning transactions today

======================================================================
Check completed at 21:17:39
Next check in 60 seconds...
======================================================================

======================================================================
Auto-Ban Check - 2025-11-25 21:18:40
======================================================================

[Rule 1] Checking users with banned transactions (label=2)...
Found 10 users with high-risk transactions
Result: 0 users newly banned

[Rule 2] Checking users with 10+ warning transactions today...
No users with 10+ warning transactions today

======================================================================
Check completed at 21:18:40
Next check in 60 seconds...
======================================================================

======================================================================
Auto-Ban Check - 2025-11-25 21:19:40
======================================================================

[Rule 1] Checking users with banned transactions (label=2)...
Found 10 users with high-risk transactions
Result: 0 users newly banned

[Rule 2] Checking users with 10+ warning transactions today...
No users with 10+ warning transactions today

======================================================================
Check completed at 21:19:40
Next check in 60 seconds...
======================================================================

======================================================================
Auto-Ban Check - 2025-11-25 21:20:40
======================================================================

[Rule 1] Checking users with banned transactions (label=2)...
Found 10 users with high-risk transactions
Result: 0 users newly banned

[Rule 2] Checking users with 10+ warning transactions today...
No users with 10+ warning transactions today

======================================================================
Check completed at 21:20:40
Next check in 60 seconds...
======================================================================

======================================================================
Auto-Ban Check - 2025-11-25 21:21:40
======================================================================

[Rule 1] Checking users with banned transactions (label=2)...
Found 10 users with high-risk transactions
Result: 0 users newly banned

[Rule 2] Checking users with 10+ warning transactions today...
No users with 10+ warning transactions today

======================================================================
Check completed at 21:21:40
Next check in 60 seconds...
======================================================================

======================================================================
Auto-Ban Check - 2025-11-25 21:22:40
======================================================================

[Rule 1] Checking users with banned transactions (label=2)...
Found 10 users with high-risk transactions
Result: 0 users newly banned

[Rule 2] Checking users with 10+ warning transactions today...
No users with 10+ warning transactions today

======================================================================
Check completed at 21:22:40
Next check in 60 seconds...
======================================================================

======================================================================
Auto-Ban Check - 2025-11-25 21:23:40
======================================================================

[Rule 1] Checking users with banned transactions (label=2)...
Found 10 users with high-risk transactions
Result: 0 users newly banned

[Rule 2] Checking users with 10+ warning transactions today...
No users with 10+ warning transactions today

======================================================================
Check completed at 21:23:40
Next check in 60 seconds...
======================================================================

======================================================================
Auto-Ban Check - 2025-11-25 21:24:40
======================================================================

[Rule 1] Checking users with banned transactions (label=2)...
Found 10 users with high-risk transactions
Result: 0 users newly banned

[Rule 2] Checking users with 10+ warning transactions today...
No users with 10+ warning transactions today

======================================================================
Check completed at 21:24:41
Next check in 60 seconds...
======================================================================

======================================================================
Auto-Ban Check - 2025-11-25 21:25:41
======================================================================

[Rule 1] Checking users with banned transactions (label=2)...
Found 10 users with high-risk transactions
Result: 0 users newly banned

[Rule 2] Checking users with 10+ warning transactions today...
No users with 10+ warning transactions today

======================================================================
Check completed at 21:25:41
Next check in 60 seconds...
======================================================================

======================================================================
Auto-Ban Check - 2025-11-25 21:26:41
======================================================================

[Rule 1] Checking users with banned transactions (label=2)...
Found 10 users with high-risk transactions
Result: 0 users newly banned

[Rule 2] Checking users with 10+ warning transactions today...
No users with 10+ warning transactions today

======================================================================
Check completed at 21:26:41
Next check in 60 seconds...
======================================================================

======================================================================
Auto-Ban Check - 2025-11-25 21:27:41
======================================================================

[Rule 1] Checking users with banned transactions (label=2)...
Found 10 users with high-risk transactions
Result: 0 users newly banned

[Rule 2] Checking users with 10+ warning transactions today...
No users with 10+ warning transactions today

======================================================================
Check completed at 21:27:41
Next check in 60 seconds...
======================================================================

======================================================================
Auto-Ban Check - 2025-11-25 21:28:41
======================================================================

[Rule 1] Checking users with banned transactions (label=2)...
Found 10 users with high-risk transactions
Result: 0 users newly banned

[Rule 2] Checking users with 10+ warning transactions today...
No users with 10+ warning transactions today

======================================================================
Check completed at 21:28:41
Next check in 60 seconds...
======================================================================

======================================================================
Auto-Ban Check - 2025-11-25 21:29:41
======================================================================

[Rule 1] Checking users with banned transactions (label=2)...
Found 10 users with high-risk transactions
Result: 0 users newly banned

[Rule 2] Checking users with 10+ warning transactions today...
No users with 10+ warning transactions today

======================================================================
Check completed at 21:29:41
Next check in 60 seconds...
======================================================================

======================================================================
Auto-Ban Check - 2025-11-25 21:30:41
======================================================================

[Rule 1] Checking users with banned transactions (label=2)...
Found 10 users with high-risk transactions
Result: 0 users newly banned

[Rule 2] Checking users with 10+ warning transactions today...
No users with 10+ warning transactions today

======================================================================
Check completed at 21:30:42
Next check in 60 seconds...
======================================================================

======================================================================
Auto-Ban Check - 2025-11-25 21:31:42
======================================================================

[Rule 1] Checking users with banned transactions (label=2)...
Found 10 users with high-risk transactions
Result: 0 users newly banned

[Rule 2] Checking users with 10+ warning transactions today...
No users with 10+ warning transactions today

======================================================================
Check completed at 21:31:42
Next check in 60 seconds...
======================================================================

======================================================================
Auto-Ban Check - 2025-11-25 21:32:42
======================================================================

[Rule 1] Checking users with banned transactions (label=2)...
Found 10 users with high-risk transactions
Result: 0 users newly banned

[Rule 2] Checking users with 10+ warning transactions today...
No users with 10+ warning transactions today

======================================================================
Check completed at 21:32:42
Next check in 60 seconds...
======================================================================

======================================================================
Auto-Ban Check - 2025-11-25 21:33:42
======================================================================

[Rule 1] Checking users with banned transactions (label=2)...
Found 10 users with high-risk transactions
Result: 0 users newly banned

[Rule 2] Checking users with 10+ warning transactions today...
No users with 10+ warning transactions today

======================================================================
Check completed at 21:33:42
Next check in 60 seconds...
======================================================================

======================================================================
Auto-Ban Check - 2025-11-25 21:34:42
======================================================================

[Rule 1] Checking users with banned transactions (label=2)...
Found 10 users with high-risk transactions
Result: 0 users newly banned

[Rule 2] Checking users with 10+ warning transactions today...
No users with 10+ warning transactions today

======================================================================
Check completed at 21:34:42
Next check in 60 seconds...
======================================================================

======================================================================
Auto-Ban Check - 2025-11-25 21:35:42
======================================================================

[Rule 1] Checking users with banned transactions (label=2)...
Found 10 users with high-risk transactions
Result: 0 users newly banned

[Rule 2] Checking users with 10+ warning transactions today...
No users with 10+ warning transactions today

======================================================================
Check completed at 21:35:42
Next check in 60 seconds...
======================================================================

======================================================================
Auto-Ban Check - 2025-11-25 21:36:42
======================================================================

[Rule 1] Checking users with banned transactions (label=2)...
Found 10 users with high-risk transactions
Result: 0 users newly banned

[Rule 2] Checking users with 10+ warning transactions today...
No users with 10+ warning transactions today

======================================================================
Check completed at 21:36:43
Next check in 60 seconds...
======================================================================

======================================================================
Auto-Ban Check - 2025-11-25 21:37:43
======================================================================

[Rule 1] Checking users with banned transactions (label=2)...
Found 10 users with high-risk transactions
Result: 0 users newly banned

[Rule 2] Checking users with 10+ warning transactions today...
No users with 10+ warning transactions today

======================================================================
Check completed at 21:37:43
Next check in 60 seconds...
======================================================================

======================================================================
Auto-Ban Check - 2025-11-25 21:38:43
======================================================================

[Rule 1] Checking users with banned transactions (label=2)...
Found 10 users with high-risk transactions
Result: 0 users newly banned

[Rule 2] Checking users with 10+ warning transactions today...
No users with 10+ warning transactions today

======================================================================
Check completed at 21:38:43
Next check in 60 seconds...
======================================================================

======================================================================
Auto-Ban Check - 2025-11-25 21:39:43
======================================================================

[Rule 1] Checking users with banned transactions (label=2)...
Found 10 users with high-risk transactions
Result: 0 users newly banned

[Rule 2] Checking users with 10+ warning transactions today...
No users with 10+ warning transactions today

======================================================================
Check completed at 21:39:43
Next check in 60 seconds...
======================================================================

======================================================================
Auto-Ban Check - 2025-11-25 21:40:43
======================================================================

[Rule 1] Checking users with banned transactions (label=2)...
Found 10 users with high-risk transactions
Result: 0 users newly banned

[Rule 2] Checking users with 10+ warning transactions today...
No users with 10+ warning transactions today

======================================================================
Check completed at 21:40:43
Next check in 60 seconds...
======================================================================

======================================================================
Auto-Ban Check - 2025-11-25 21:41:43
======================================================================

[Rule 1] Checking users with banned transactions (label=2)...
Found 10 users with high-risk transactions
Result: 0 users newly banned

[Rule 2] Checking users with 10+ warning transactions today...
No users with 10+ warning transactions today

======================================================================
Check completed at 21:41:43
Next check in 60 seconds...
======================================================================

======================================================================
Auto-Ban Check - 2025-11-25 21:42:43
======================================================================

[Rule 1] Checking users with banned transactions (label=2)...
Found 10 users with high-risk transactions
Result: 0 users newly banned

[Rule 2] Checking users with 10+ warning transactions today...
No users with 10+ warning transactions today

======================================================================
Check completed at 21:42:44
Next check in 60 seconds...
======================================================================

======================================================================
Auto-Ban Check - 2025-11-25 21:43:44
======================================================================

[Rule 1] Checking users with banned transactions (label=2)...
Found 10 users with high-risk transactions
Result: 0 users newly banned

[Rule 2] Checking users with 10+ warning transactions today...
No users with 10+ warning transactions today

======================================================================
Check completed at 21:43:44
Next check in 60 seconds...
======================================================================

======================================================================
Auto-Ban Check - 2025-11-25 21:44:44
======================================================================

[Rule 1] Checking users with banned transactions (label=2)...
Found 10 users with high-risk transactions
Result: 0 users newly banned

[Rule 2] Checking users with 10+ warning transactions today...
No users with 10+ warning transactions today

======================================================================
Check completed at 21:44:44
Next check in 60 seconds...
======================================================================

======================================================================
Auto-Ban Check - 2025-11-25 21:45:44
======================================================================

[Rule 1] Checking users with banned transactions (label=2)...
Found 10 users with high-risk transactions
Result: 0 users newly banned

[Rule 2] Checking users with 10+ warning transactions today...
No users with 10+ warning transactions today

======================================================================
Check completed at 21:45:44
Next check in 60 seconds...
======================================================================

======================================================================
Auto-Ban Check - 2025-11-25 21:46:44
======================================================================

[Rule 1] Checking users with banned transactions (label=2)...
Found 10 users with high-risk transactions
Result: 0 users newly banned

[Rule 2] Checking users with 10+ warning transactions today...
No users with 10+ warning transactions today

======================================================================
Check completed at 21:46:44
Next check in 60 seconds...
======================================================================

======================================================================
Auto-Ban Check - 2025-11-25 21:47:44
======================================================================

[Rule 1] Checking users with banned transactions (label=2)...
Found 10 users with high-risk transactions
Result: 0 users newly banned

[Rule 2] Checking users with 10+ warning transactions today...
No users with 10+ warning transactions today

======================================================================
Check completed at 21:47:44
Next check in 60 seconds...
======================================================================

======================================================================
Auto-Ban Check - 2025-11-25 21:48:44
======================================================================

[Rule 1] Checking users with banned transactions (label=2)...
Found 10 users with high-risk transactions
Result: 0 users newly banned

[Rule 2] Checking users with 10+ warning transactions today...
No users with 10+ warning transactions today

======================================================================
Check completed at 21:48:44
Next check in 60 seconds...
======================================================================

======================================================================
Auto-Ban Check - 2025-11-25 21:49:44
======================================================================

[Rule 1] Checking users with banned transactions (label=2)...
Found 10 users with high-risk transactions
Result: 0 users newly banned

[Rule 2] Checking users with 10+ warning transactions today...
No users with 10+ warning transactions today

======================================================================
Check completed at 21:49:45
Next check in 60 seconds...
======================================================================

======================================================================
Auto-Ban Check - 2025-11-25 21:50:45
======================================================================

[Rule 1] Checking users with banned transactions (label=2)...
Found 10 users with high-risk transactions
Result: 0 users newly banned

[Rule 2] Checking users with 10+ warning transactions today...
No users with 10+ warning transactions today

======================================================================
Check completed at 21:50:45
Next check in 60 seconds...
======================================================================

======================================================================
Auto-Ban Check - 2025-11-25 21:51:45
======================================================================

[Rule 1] Checking users with banned transactions (label=2)...
Found 10 users with high-risk transactions
Result: 0 users newly banned

[Rule 2] Checking users with 10+ warning transactions today...
No users with 10+ warning transactions today

======================================================================
Check completed at 21:51:45
Next check in 60 seconds...
======================================================================

======================================================================
Auto-Ban Check - 2025-11-25 21:52:45
======================================================================

[Rule 1] Checking users with banned transactions (label=2)...
Found 10 users with high-risk transactions
Result: 0 users newly banned

[Rule 2] Checking users with 10+ warning transactions today...
No users with 10+ warning transactions today

======================================================================
Check completed at 21:52:45
Next check in 60 seconds...
======================================================================

======================================================================
Auto-Ban Check - 2025-11-25 21:53:45
======================================================================

[Rule 1] Checking users with banned transactions (label=2)...
Found 10 users with high-risk transactions
Result: 0 users newly banned

[Rule 2] Checking users with 10+ warning transactions today...
No users with 10+ warning transactions today

======================================================================
Check completed at 21:53:45
Next check in 60 seconds...
======================================================================

======================================================================
Auto-Ban Check - 2025-11-25 21:54:45
======================================================================

[Rule 1] Checking users with banned transactions (label=2)...
Found 10 users with high-risk transactions
Result: 0 users newly banned

[Rule 2] Checking users with 10+ warning transactions today...
No users with 10+ warning transactions today

======================================================================
Check completed at 21:54:45
Next check in 60 seconds...
======================================================================

======================================================================
Auto-Ban Check - 2025-11-25 21:55:45
======================================================================

[Rule 1] Checking users with banned transactions (label=2)...
Found 10 users with high-risk transactions
Result: 0 users newly banned

[Rule 2] Checking users with 10+ warning transactions today...
No users with 10+ warning transactions today

======================================================================
Check completed at 21:55:46
Next check in 60 seconds...
======================================================================

======================================================================
Auto-Ban Check - 2025-11-25 21:56:46
======================================================================

[Rule 1] Checking users with banned transactions (label=2)...
Found 10 users with high-risk transactions
Result: 0 users newly banned

[Rule 2] Checking users with 10+ warning transactions today...
No users with 10+ warning transactions today

======================================================================
Check completed at 21:56:46
Next check in 60 seconds...
======================================================================

======================================================================
Auto-Ban Check - 2025-11-25 21:57:46
======================================================================

[Rule 1] Checking users with banned transactions (label=2)...
Found 10 users with high-risk transactions
Result: 0 users newly banned

[Rule 2] Checking users with 10+ warning transactions today...
No users with 10+ warning transactions today

======================================================================
Check completed at 21:57:46
Next check in 60 seconds...
======================================================================

======================================================================
Auto-Ban Check - 2025-11-25 21:58:46
======================================================================

[Rule 1] Checking users with banned transactions (label=2)...
Found 10 users with high-risk transactions
Result: 0 users newly banned

[Rule 2] Checking users with 10+ warning transactions today...
No users with 10+ warning transactions today

======================================================================
Check completed at 21:58:46
Next check in 60 seconds...
======================================================================

======================================================================
Auto-Ban Check - 2025-11-25 21:59:46
======================================================================

[Rule 1] Checking users with banned transactions (label=2)...
Found 10 users with high-risk transactions
Result: 0 users newly banned

[Rule 2] Checking users with 10+ warning transactions today...
No users with 10+ warning transactions today

======================================================================
Check completed at 21:59:46
Next check in 60 seconds...
======================================================================

======================================================================
Auto-Ban Check - 2025-11-25 22:00:46
======================================================================

[Rule 1] Checking users with banned transactions (label=2)...
Found 10 users with high-risk transactions
Result: 0 users newly banned

[Rule 2] Checking users with 10+ warning transactions today...
No users with 10+ warning transactions today

======================================================================
Check completed at 22:00:46
Next check in 60 seconds...
======================================================================

======================================================================
Auto-Ban Check - 2025-11-25 22:01:46
======================================================================

[Rule 1] Checking users with banned transactions (label=2)...
Found 10 users with high-risk transactions
Result: 0 users newly banned

[Rule 2] Checking users with 10+ warning transactions today...
No users with 10+ warning transactions today

======================================================================
Check completed at 22:01:47
Next check in 60 seconds...
======================================================================

======================================================================
Auto-Ban Check - 2025-11-25 22:02:47
======================================================================

[Rule 1] Checking users with banned transactions (label=2)...
Found 10 users with high-risk transactions
Result: 0 users newly banned

[Rule 2] Checking users with 10+ warning transactions today...
No users with 10+ warning transactions today

======================================================================
Check completed at 22:02:47
Next check in 60 seconds...
======================================================================

======================================================================
Auto-Ban Check - 2025-11-25 22:03:47
======================================================================

[Rule 1] Checking users with banned transactions (label=2)...
Found 10 users with high-risk transactions
Result: 0 users newly banned

[Rule 2] Checking users with 10+ warning transactions today...
No users with 10+ warning transactions today

======================================================================
Check completed at 22:03:47
Next check in 60 seconds...
======================================================================

======================================================================
Auto-Ban Check - 2025-11-25 22:04:47
======================================================================

[Rule 1] Checking users with banned transactions (label=2)...
Found 10 users with high-risk transactions
Result: 0 users newly banned

[Rule 2] Checking users with 10+ warning transactions today...
No users with 10+ warning transactions today

======================================================================
Check completed at 22:04:47
Next check in 60 seconds...
======================================================================

======================================================================
Auto-Ban Check - 2025-11-25 22:05:47
======================================================================

[Rule 1] Checking users with banned transactions (label=2)...
Found 10 users with high-risk transactions
Result: 0 users newly banned

[Rule 2] Checking users with 10+ warning transactions today...
No users with 10+ warning transactions today

======================================================================
Check completed at 22:05:47
Next check in 60 seconds...
======================================================================

======================================================================
Auto-Ban Check - 2025-11-25 22:06:47
======================================================================

[Rule 1] Checking users with banned transactions (label=2)...
Found 10 users with high-risk transactions
Result: 0 users newly banned

[Rule 2] Checking users with 10+ warning transactions today...
No users with 10+ warning transactions today

======================================================================
Check completed at 22:06:47
Next check in 60 seconds...
======================================================================

======================================================================
Auto-Ban Check - 2025-11-25 22:07:47
======================================================================

[Rule 1] Checking users with banned transactions (label=2)...
Found 10 users with high-risk transactions
Result: 0 users newly banned

[Rule 2] Checking users with 10+ warning transactions today...
No users with 10+ warning transactions today

======================================================================
Check completed at 22:07:48
Next check in 60 seconds...
======================================================================

======================================================================
Auto-Ban Check - 2025-11-25 22:08:48
======================================================================

[Rule 1] Checking users with banned transactions (label=2)...
Found 10 users with high-risk transactions
Result: 0 users newly banned

[Rule 2] Checking users with 10+ warning transactions today...
No users with 10+ warning transactions today

======================================================================
Check completed at 22:08:48
Next check in 60 seconds...
======================================================================

======================================================================
Auto-Ban Check - 2025-11-25 22:09:48
======================================================================

[Rule 1] Checking users with banned transactions (label=2)...
Found 10 users with high-risk transactions
Result: 0 users newly banned

[Rule 2] Checking users with 10+ warning transactions today...
No users with 10+ warning transactions today

======================================================================
Check completed at 22:09:48
Next check in 60 seconds...
======================================================================

======================================================================
Auto-Ban Check - 2025-11-25 22:10:48
======================================================================

[Rule 1] Checking users with banned transactions (label=2)...
Found 10 users with high-risk transactions
Result: 0 users newly banned

[Rule 2] Checking users with 10+ warning transactions today...
No users with 10+ warning transactions today

======================================================================
Check completed at 22:10:48
Next check in 60 seconds...
======================================================================

======================================================================
Auto-Ban Check - 2025-11-25 22:11:48
======================================================================

[Rule 1] Checking users with banned transactions (label=2)...
Error querying Pinot: HTTPConnectionPool(host='localhost', port=3000): Max retries exceeded with url: /api/pinot/query (Caused by NewConnectionError('<urllib3.connection.HTTPConnection object at 0x7acc5799af00>: Failed to establish a new connection: [Errno 111] Connection refused'))
No users with banned-level transactions found

[Rule 2] Checking users with 10+ warning transactions today...
Error querying Pinot: HTTPConnectionPool(host='localhost', port=3000): Max retries exceeded with url: /api/pinot/query (Caused by NewConnectionError('<urllib3.connection.HTTPConnection object at 0x7acc54b44a40>: Failed to establish a new connection: [Errno 111] Connection refused'))
No users with 10+ warning transactions today

======================================================================
Check completed at 22:11:48
Next check in 60 seconds...
======================================================================

======================================================================
Auto-Ban Check - 2025-11-25 22:12:48
======================================================================

[Rule 1] Checking users with banned transactions (label=2)...
Error querying Pinot: HTTPConnectionPool(host='localhost', port=3000): Max retries exceeded with url: /api/pinot/query (Caused by NewConnectionError('<urllib3.connection.HTTPConnection object at 0x7acc54b45400>: Failed to establish a new connection: [Errno 111] Connection refused'))
No users with banned-level transactions found

[Rule 2] Checking users with 10+ warning transactions today...
Error querying Pinot: HTTPConnectionPool(host='localhost', port=3000): Max retries exceeded with url: /api/pinot/query (Caused by NewConnectionError('<urllib3.connection.HTTPConnection object at 0x7acc54b02ed0>: Failed to establish a new connection: [Errno 111] Connection refused'))
No users with 10+ warning transactions today

======================================================================
Check completed at 22:12:48
Next check in 60 seconds...
======================================================================

======================================================================
Auto-Ban Check - 2025-11-25 22:13:48
======================================================================

[Rule 1] Checking users with banned transactions (label=2)...
Error querying Pinot: HTTPConnectionPool(host='localhost', port=3000): Max retries exceeded with url: /api/pinot/query (Caused by NewConnectionError('<urllib3.connection.HTTPConnection object at 0x7acc54b450d0>: Failed to establish a new connection: [Errno 111] Connection refused'))
No users with banned-level transactions found

[Rule 2] Checking users with 10+ warning transactions today...
Error querying Pinot: HTTPConnectionPool(host='localhost', port=3000): Max retries exceeded with url: /api/pinot/query (Caused by NewConnectionError('<urllib3.connection.HTTPConnection object at 0x7acc54b44290>: Failed to establish a new connection: [Errno 111] Connection refused'))
No users with 10+ warning transactions today

======================================================================
Check completed at 22:13:48
Next check in 60 seconds...
======================================================================
