INFO:root:ML fraud detector loaded successfully
INFO:root:Booting rt-processor … BOOTSTRAP=localhost:9092
INFO:kafka.conn:<BrokerConnection node_id=bootstrap-0 host=localhost:9092 <connecting> [IPv6 ('::1', 9092, 0, 0)]>: connecting to localhost:9092 [('::1', 9092, 0, 0) IPv6]
INFO:kafka.conn:Probing node bootstrap-0 broker version
INFO:kafka.conn:<BrokerConnection node_id=bootstrap-0 host=localhost:9092 <connecting> [IPv6 ('::1', 9092, 0, 0)]>: Connection complete.
INFO:kafka.conn:Broker version identified as 2.5.0
INFO:kafka.conn:Set configuration api_version=(2, 5, 0) to skip auto check_version requests on startup
INFO:kafka.consumer.subscription_state:Updating subscribed topics to: ('transactions_raw',)
INFO:kafka.conn:<BrokerConnection node_id=bootstrap-0 host=localhost:9092 <connecting> [IPv6 ('::1', 9092, 0, 0)]>: connecting to localhost:9092 [('::1', 9092, 0, 0) IPv6]
INFO:kafka.conn:Probing node bootstrap-0 broker version
INFO:kafka.conn:<BrokerConnection node_id=bootstrap-0 host=localhost:9092 <connecting> [IPv6 ('::1', 9092, 0, 0)]>: Connection complete.
INFO:kafka.conn:Broker version identified as 2.5.0
INFO:kafka.conn:Set configuration api_version=(2, 5, 0) to skip auto check_version requests on startup
INFO:root:Processor started → raw=transactions_raw → clean=transactions_rt
INFO:kafka.cluster:Group coordinator for rt-processor-v1 is BrokerMetadata(nodeId='coordinator-1', host='localhost', port=9092, rack=None)
INFO:kafka.coordinator:Discovered coordinator coordinator-1 for group rt-processor-v1
INFO:kafka.coordinator:Starting new heartbeat thread
INFO:kafka.coordinator.consumer:Revoking previously assigned partitions set() for group rt-processor-v1
INFO:kafka.conn:<BrokerConnection node_id=coordinator-1 host=localhost:9092 <connecting> [IPv6 ('::1', 9092, 0, 0)]>: connecting to localhost:9092 [('::1', 9092, 0, 0) IPv6]
INFO:kafka.conn:<BrokerConnection node_id=coordinator-1 host=localhost:9092 <connecting> [IPv6 ('::1', 9092, 0, 0)]>: Connection complete.
INFO:kafka.conn:<BrokerConnection node_id=bootstrap-0 host=localhost:9092 <connected> [IPv6 ('::1', 9092, 0, 0)]>: Closing connection. 
INFO:kafka.coordinator:(Re-)joining group rt-processor-v1
INFO:kafka.coordinator:Elected group leader -- performing partition assignments using range
INFO:kafka.conn:<BrokerConnection node_id=1 host=localhost:9092 <connecting> [IPv6 ('::1', 9092, 0, 0)]>: connecting to localhost:9092 [('::1', 9092, 0, 0) IPv6]
INFO:kafka.conn:<BrokerConnection node_id=1 host=localhost:9092 <connecting> [IPv6 ('::1', 9092, 0, 0)]>: Connection complete.
INFO:kafka.coordinator:Successfully joined group rt-processor-v1 with generation 1
INFO:kafka.consumer.subscription_state:Updated partition assignment: [TopicPartition(topic='transactions_raw', partition=0)]
INFO:kafka.coordinator.consumer:Setting newly assigned partitions {TopicPartition(topic='transactions_raw', partition=0)} for group rt-processor-v1
/Users/nguyenthanh/Library/Python/3.9/lib/python/site-packages/xgboost/core.py:160: UserWarning: [03:05:14] WARNING: /Users/runner/work/xgboost/xgboost/src/gbm/../common/error_msg.h:80: If you are loading a serialized model (like pickle in Python, RDS in R) or
configuration generated by an older version of XGBoost, please export the model by calling
`Booster.save_model` from that version first, then load it back in current version. See:

    https://xgboost.readthedocs.io/en/stable/tutorials/saving_model.html

for more details about differences between saving model and serializing.

  warnings.warn(smsg, UserWarning)
INFO:ml_fraud_detector:Loaded model from /Users/nguyenthanh/Master/DataEngineering/final/realtime-pipeline-kafka-pinot-final/models/fraud_detection_latest/model.pkl
INFO:ml_fraud_detector:Loaded 44 features
INFO:kafka.conn:<BrokerConnection node_id=1 host=localhost:9092 <connecting> [IPv6 ('::1', 9092, 0, 0)]>: connecting to localhost:9092 [('::1', 9092, 0, 0) IPv6]
INFO:kafka.conn:<BrokerConnection node_id=1 host=localhost:9092 <connecting> [IPv6 ('::1', 9092, 0, 0)]>: Connection complete.
INFO:kafka.conn:<BrokerConnection node_id=bootstrap-0 host=localhost:9092 <connected> [IPv6 ('::1', 9092, 0, 0)]>: Closing connection. 
INFO:root:CLEAN <- RAW off=0 → p=0, off=0 | label=0 risk=0.78
INFO:root:CLEAN <- RAW off=1 → p=0, off=1 | label=0 risk=0.29
INFO:root:CLEAN <- RAW off=2 → p=0, off=2 | label=0 risk=0.76
INFO:root:CLEAN <- RAW off=3 → p=0, off=3 | label=0 risk=0.33
INFO:root:CLEAN <- RAW off=4 → p=0, off=4 | label=0 risk=0.42
INFO:root:CLEAN <- RAW off=5 → p=0, off=5 | label=0 risk=0.41
INFO:root:CLEAN <- RAW off=6 → p=0, off=6 | label=0 risk=0.37
INFO:root:CLEAN <- RAW off=7 → p=0, off=7 | label=0 risk=0.46
INFO:root:CLEAN <- RAW off=9 → p=0, off=8 | label=0 risk=0.91
INFO:root:CLEAN <- RAW off=10 → p=0, off=9 | label=0 risk=0.76
INFO:root:CLEAN <- RAW off=11 → p=0, off=10 | label=0 risk=0.36
INFO:root:CLEAN <- RAW off=12 → p=0, off=11 | label=0 risk=0.34
INFO:root:CLEAN <- RAW off=13 → p=0, off=12 | label=0 risk=0.36
INFO:root:CLEAN <- RAW off=14 → p=0, off=13 | label=0 risk=0.75
INFO:root:CLEAN <- RAW off=15 → p=0, off=14 | label=0 risk=0.36
INFO:root:CLEAN <- RAW off=16 → p=0, off=15 | label=0 risk=0.39
INFO:root:CLEAN <- RAW off=17 → p=0, off=16 | label=0 risk=0.50
INFO:root:CLEAN <- RAW off=18 → p=0, off=17 | label=0 risk=0.89
INFO:root:CLEAN <- RAW off=21 → p=0, off=18 | label=0 risk=0.36
INFO:root:CLEAN <- RAW off=22 → p=0, off=19 | label=0 risk=0.37
INFO:root:CLEAN <- RAW off=23 → p=0, off=20 | label=0 risk=0.41
INFO:root:CLEAN <- RAW off=24 → p=0, off=21 | label=0 risk=0.36
INFO:root:CLEAN <- RAW off=25 → p=0, off=22 | label=0 risk=0.36
INFO:root:CLEAN <- RAW off=26 → p=0, off=23 | label=0 risk=0.75
INFO:root:CLEAN <- RAW off=27 → p=0, off=24 | label=0 risk=0.39
INFO:root:CLEAN <- RAW off=28 → p=0, off=25 | label=0 risk=0.47
INFO:root:CLEAN <- RAW off=29 → p=0, off=26 | label=0 risk=0.37
INFO:root:CLEAN <- RAW off=30 → p=0, off=27 | label=0 risk=0.36
INFO:root:CLEAN <- RAW off=31 → p=0, off=28 | label=0 risk=0.51
INFO:root:CLEAN <- RAW off=32 → p=0, off=29 | label=0 risk=0.36
INFO:root:CLEAN <- RAW off=33 → p=0, off=30 | label=0 risk=0.46
INFO:root:CLEAN <- RAW off=34 → p=0, off=31 | label=0 risk=0.36
INFO:root:CLEAN <- RAW off=35 → p=0, off=32 | label=0 risk=0.46
INFO:root:CLEAN <- RAW off=36 → p=0, off=33 | label=0 risk=0.86
INFO:root:CLEAN <- RAW off=37 → p=0, off=34 | label=0 risk=0.71
INFO:root:CLEAN <- RAW off=38 → p=0, off=35 | label=0 risk=0.36
INFO:root:CLEAN <- RAW off=39 → p=0, off=36 | label=0 risk=0.41
INFO:root:CLEAN <- RAW off=40 → p=0, off=37 | label=0 risk=0.34
INFO:root:CLEAN <- RAW off=41 → p=0, off=38 | label=0 risk=0.73
INFO:root:CLEAN <- RAW off=42 → p=0, off=39 | label=0 risk=0.42
INFO:root:CLEAN <- RAW off=43 → p=0, off=40 | label=0 risk=0.41
INFO:root:CLEAN <- RAW off=44 → p=0, off=41 | label=0 risk=0.52
INFO:root:CLEAN <- RAW off=45 → p=0, off=42 | label=0 risk=0.36
INFO:root:CLEAN <- RAW off=46 → p=0, off=43 | label=0 risk=0.37
INFO:root:CLEAN <- RAW off=48 → p=0, off=44 | label=0 risk=0.41
INFO:root:CLEAN <- RAW off=49 → p=0, off=45 | label=0 risk=0.36
INFO:root:CLEAN <- RAW off=50 → p=0, off=46 | label=0 risk=0.37
INFO:root:CLEAN <- RAW off=51 → p=0, off=47 | label=0 risk=0.36
INFO:root:CLEAN <- RAW off=52 → p=0, off=48 | label=0 risk=0.41
INFO:root:CLEAN <- RAW off=53 → p=0, off=49 | label=0 risk=0.91
INFO:root:CLEAN <- RAW off=54 → p=0, off=50 | label=0 risk=0.42
INFO:root:CLEAN <- RAW off=55 → p=0, off=51 | label=0 risk=0.40
INFO:root:CLEAN <- RAW off=56 → p=0, off=52 | label=0 risk=0.72
INFO:root:CLEAN <- RAW off=57 → p=0, off=53 | label=0 risk=0.36
INFO:root:CLEAN <- RAW off=58 → p=0, off=54 | label=0 risk=0.36
INFO:root:CLEAN <- RAW off=59 → p=0, off=55 | label=0 risk=0.89
INFO:root:CLEAN <- RAW off=60 → p=0, off=56 | label=0 risk=0.41
INFO:root:CLEAN <- RAW off=61 → p=0, off=57 | label=0 risk=0.36
INFO:root:CLEAN <- RAW off=62 → p=0, off=58 | label=0 risk=0.41
INFO:root:CLEAN <- RAW off=63 → p=0, off=59 | label=0 risk=0.77
INFO:root:CLEAN <- RAW off=64 → p=0, off=60 | label=0 risk=0.88
INFO:root:CLEAN <- RAW off=65 → p=0, off=61 | label=0 risk=0.38
INFO:root:CLEAN <- RAW off=66 → p=0, off=62 | label=0 risk=0.41
INFO:root:CLEAN <- RAW off=67 → p=0, off=63 | label=0 risk=0.36
INFO:root:CLEAN <- RAW off=68 → p=0, off=64 | label=0 risk=0.47
INFO:root:CLEAN <- RAW off=69 → p=0, off=65 | label=0 risk=0.87
INFO:root:CLEAN <- RAW off=70 → p=0, off=66 | label=0 risk=0.36
INFO:root:CLEAN <- RAW off=71 → p=0, off=67 | label=0 risk=0.36
INFO:root:CLEAN <- RAW off=72 → p=0, off=68 | label=0 risk=0.51
INFO:root:CLEAN <- RAW off=73 → p=0, off=69 | label=0 risk=0.88
INFO:root:CLEAN <- RAW off=74 → p=0, off=70 | label=0 risk=0.45
INFO:root:CLEAN <- RAW off=75 → p=0, off=71 | label=0 risk=0.36
INFO:root:CLEAN <- RAW off=76 → p=0, off=72 | label=0 risk=0.39
INFO:root:CLEAN <- RAW off=77 → p=0, off=73 | label=0 risk=0.47
INFO:root:CLEAN <- RAW off=78 → p=0, off=74 | label=0 risk=0.39
INFO:root:CLEAN <- RAW off=79 → p=0, off=75 | label=0 risk=0.50
INFO:root:CLEAN <- RAW off=80 → p=0, off=76 | label=0 risk=0.36
INFO:root:CLEAN <- RAW off=81 → p=0, off=77 | label=0 risk=0.89
INFO:root:CLEAN <- RAW off=82 → p=0, off=78 | label=0 risk=0.46
INFO:root:CLEAN <- RAW off=83 → p=0, off=79 | label=0 risk=0.36
INFO:root:CLEAN <- RAW off=84 → p=0, off=80 | label=0 risk=0.36
INFO:root:CLEAN <- RAW off=85 → p=0, off=81 | label=0 risk=0.57
INFO:root:CLEAN <- RAW off=86 → p=0, off=82 | label=0 risk=0.36
INFO:root:CLEAN <- RAW off=88 → p=0, off=83 | label=0 risk=0.71
INFO:root:CLEAN <- RAW off=89 → p=0, off=84 | label=0 risk=0.47
INFO:root:CLEAN <- RAW off=90 → p=0, off=85 | label=0 risk=0.36
INFO:root:CLEAN <- RAW off=91 → p=0, off=86 | label=0 risk=0.36
INFO:root:CLEAN <- RAW off=92 → p=0, off=87 | label=0 risk=0.45
INFO:root:CLEAN <- RAW off=94 → p=0, off=88 | label=0 risk=0.46
INFO:root:CLEAN <- RAW off=95 → p=0, off=89 | label=0 risk=0.36
INFO:root:CLEAN <- RAW off=96 → p=0, off=90 | label=0 risk=0.41
INFO:root:CLEAN <- RAW off=97 → p=0, off=91 | label=0 risk=0.36
INFO:root:CLEAN <- RAW off=98 → p=0, off=92 | label=0 risk=0.36
INFO:root:CLEAN <- RAW off=99 → p=0, off=93 | label=0 risk=0.36
INFO:root:CLEAN <- RAW off=100 → p=0, off=94 | label=0 risk=0.41
INFO:root:CLEAN <- RAW off=101 → p=0, off=95 | label=0 risk=0.39
INFO:root:CLEAN <- RAW off=102 → p=0, off=96 | label=0 risk=0.41
INFO:root:CLEAN <- RAW off=103 → p=0, off=97 | label=0 risk=0.36
INFO:root:CLEAN <- RAW off=104 → p=0, off=98 | label=0 risk=0.39
INFO:root:CLEAN <- RAW off=105 → p=0, off=99 | label=0 risk=0.75
INFO:root:CLEAN <- RAW off=106 → p=0, off=100 | label=0 risk=0.36
INFO:root:CLEAN <- RAW off=107 → p=0, off=101 | label=0 risk=0.41
INFO:root:CLEAN <- RAW off=108 → p=0, off=102 | label=0 risk=0.40
INFO:root:CLEAN <- RAW off=109 → p=0, off=103 | label=0 risk=0.42
INFO:root:CLEAN <- RAW off=110 → p=0, off=104 | label=0 risk=0.36
INFO:root:CLEAN <- RAW off=111 → p=0, off=105 | label=0 risk=0.79
INFO:root:CLEAN <- RAW off=112 → p=0, off=106 | label=0 risk=0.46
INFO:root:CLEAN <- RAW off=113 → p=0, off=107 | label=0 risk=0.40
INFO:root:CLEAN <- RAW off=115 → p=0, off=108 | label=0 risk=0.41
INFO:root:CLEAN <- RAW off=116 → p=0, off=109 | label=0 risk=0.36
INFO:root:CLEAN <- RAW off=117 → p=0, off=110 | label=0 risk=0.92
INFO:root:CLEAN <- RAW off=118 → p=0, off=111 | label=0 risk=0.39
INFO:root:CLEAN <- RAW off=119 → p=0, off=112 | label=0 risk=0.46
INFO:root:CLEAN <- RAW off=121 → p=0, off=113 | label=0 risk=0.37
INFO:root:CLEAN <- RAW off=122 → p=0, off=114 | label=0 risk=0.41
INFO:root:CLEAN <- RAW off=123 → p=0, off=115 | label=0 risk=0.36
INFO:root:CLEAN <- RAW off=125 → p=0, off=116 | label=0 risk=0.36
INFO:root:CLEAN <- RAW off=126 → p=0, off=117 | label=0 risk=0.36
INFO:root:CLEAN <- RAW off=127 → p=0, off=118 | label=0 risk=0.37
INFO:root:CLEAN <- RAW off=128 → p=0, off=119 | label=0 risk=0.83
INFO:root:CLEAN <- RAW off=129 → p=0, off=120 | label=0 risk=0.41
INFO:root:CLEAN <- RAW off=130 → p=0, off=121 | label=0 risk=0.36
INFO:root:CLEAN <- RAW off=131 → p=0, off=122 | label=0 risk=0.36
INFO:root:CLEAN <- RAW off=132 → p=0, off=123 | label=0 risk=0.77
INFO:root:CLEAN <- RAW off=133 → p=0, off=124 | label=0 risk=0.46
INFO:root:CLEAN <- RAW off=134 → p=0, off=125 | label=0 risk=0.29
INFO:root:CLEAN <- RAW off=135 → p=0, off=126 | label=0 risk=0.36
INFO:root:CLEAN <- RAW off=136 → p=0, off=127 | label=0 risk=0.39
INFO:root:CLEAN <- RAW off=137 → p=0, off=128 | label=0 risk=0.90
INFO:root:CLEAN <- RAW off=138 → p=0, off=129 | label=0 risk=0.37
INFO:root:CLEAN <- RAW off=139 → p=0, off=130 | label=0 risk=0.75
INFO:root:CLEAN <- RAW off=140 → p=0, off=131 | label=0 risk=0.36
INFO:root:CLEAN <- RAW off=141 → p=0, off=132 | label=0 risk=0.29
INFO:root:CLEAN <- RAW off=142 → p=0, off=133 | label=0 risk=0.52
INFO:root:CLEAN <- RAW off=143 → p=0, off=134 | label=0 risk=0.89
INFO:root:CLEAN <- RAW off=144 → p=0, off=135 | label=0 risk=0.46
INFO:root:CLEAN <- RAW off=145 → p=0, off=136 | label=0 risk=0.29
INFO:root:CLEAN <- RAW off=146 → p=0, off=137 | label=0 risk=0.89
INFO:root:CLEAN <- RAW off=147 → p=0, off=138 | label=0 risk=0.41
INFO:root:CLEAN <- RAW off=148 → p=0, off=139 | label=0 risk=0.41
INFO:root:CLEAN <- RAW off=149 → p=0, off=140 | label=0 risk=0.41
INFO:root:CLEAN <- RAW off=150 → p=0, off=141 | label=0 risk=0.33
INFO:root:CLEAN <- RAW off=151 → p=0, off=142 | label=0 risk=0.36
INFO:root:CLEAN <- RAW off=152 → p=0, off=143 | label=0 risk=0.46
INFO:root:CLEAN <- RAW off=153 → p=0, off=144 | label=0 risk=0.29
INFO:root:CLEAN <- RAW off=154 → p=0, off=145 | label=0 risk=0.36
INFO:root:CLEAN <- RAW off=155 → p=0, off=146 | label=0 risk=0.90
INFO:root:CLEAN <- RAW off=156 → p=0, off=147 | label=0 risk=0.41
INFO:root:CLEAN <- RAW off=157 → p=0, off=148 | label=0 risk=0.89
INFO:root:CLEAN <- RAW off=158 → p=0, off=149 | label=0 risk=0.37
INFO:root:CLEAN <- RAW off=159 → p=0, off=150 | label=0 risk=0.36
INFO:root:CLEAN <- RAW off=160 → p=0, off=151 | label=0 risk=0.77
INFO:root:CLEAN <- RAW off=161 → p=0, off=152 | label=0 risk=0.29
INFO:root:CLEAN <- RAW off=162 → p=0, off=153 | label=0 risk=0.82
INFO:root:CLEAN <- RAW off=163 → p=0, off=154 | label=0 risk=0.46
INFO:root:CLEAN <- RAW off=164 → p=0, off=155 | label=0 risk=0.90
INFO:root:CLEAN <- RAW off=165 → p=0, off=156 | label=0 risk=0.36
INFO:root:CLEAN <- RAW off=166 → p=0, off=157 | label=0 risk=0.89
INFO:root:CLEAN <- RAW off=167 → p=0, off=158 | label=0 risk=0.37
INFO:root:CLEAN <- RAW off=168 → p=0, off=159 | label=0 risk=0.36
INFO:root:CLEAN <- RAW off=169 → p=0, off=160 | label=0 risk=0.36
INFO:root:CLEAN <- RAW off=170 → p=0, off=161 | label=0 risk=0.36
INFO:root:CLEAN <- RAW off=171 → p=0, off=162 | label=0 risk=0.47
INFO:root:CLEAN <- RAW off=172 → p=0, off=163 | label=0 risk=0.36
INFO:root:CLEAN <- RAW off=173 → p=0, off=164 | label=0 risk=0.79
INFO:root:CLEAN <- RAW off=174 → p=0, off=165 | label=0 risk=0.36
INFO:root:CLEAN <- RAW off=175 → p=0, off=166 | label=0 risk=0.79
INFO:root:CLEAN <- RAW off=176 → p=0, off=167 | label=0 risk=0.29
INFO:root:CLEAN <- RAW off=177 → p=0, off=168 | label=0 risk=0.46
INFO:root:CLEAN <- RAW off=178 → p=0, off=169 | label=0 risk=0.75
INFO:root:CLEAN <- RAW off=179 → p=0, off=170 | label=0 risk=0.74
INFO:root:CLEAN <- RAW off=180 → p=0, off=171 | label=0 risk=0.36
INFO:root:CLEAN <- RAW off=182 → p=0, off=172 | label=0 risk=0.47
INFO:root:CLEAN <- RAW off=183 → p=0, off=173 | label=0 risk=0.36
INFO:root:CLEAN <- RAW off=184 → p=0, off=174 | label=0 risk=0.28
INFO:root:CLEAN <- RAW off=186 → p=0, off=175 | label=0 risk=0.36
INFO:root:CLEAN <- RAW off=187 → p=0, off=176 | label=0 risk=0.36
INFO:root:CLEAN <- RAW off=188 → p=0, off=177 | label=0 risk=0.41
INFO:root:CLEAN <- RAW off=189 → p=0, off=178 | label=0 risk=0.47
INFO:root:CLEAN <- RAW off=190 → p=0, off=179 | label=0 risk=0.89
INFO:root:CLEAN <- RAW off=191 → p=0, off=180 | label=0 risk=0.36
INFO:root:CLEAN <- RAW off=192 → p=0, off=181 | label=0 risk=0.77
INFO:root:CLEAN <- RAW off=193 → p=0, off=182 | label=0 risk=0.87
INFO:root:CLEAN <- RAW off=194 → p=0, off=183 | label=0 risk=0.46
INFO:root:CLEAN <- RAW off=195 → p=0, off=184 | label=0 risk=0.40
INFO:root:CLEAN <- RAW off=196 → p=0, off=185 | label=0 risk=0.33
INFO:root:CLEAN <- RAW off=197 → p=0, off=186 | label=0 risk=0.88
INFO:root:CLEAN <- RAW off=198 → p=0, off=187 | label=0 risk=0.88
INFO:root:CLEAN <- RAW off=199 → p=0, off=188 | label=0 risk=0.93
INFO:root:CLEAN <- RAW off=200 → p=0, off=189 | label=0 risk=0.36
INFO:root:CLEAN <- RAW off=201 → p=0, off=190 | label=0 risk=0.47
INFO:root:CLEAN <- RAW off=202 → p=0, off=191 | label=0 risk=0.41
INFO:root:CLEAN <- RAW off=203 → p=0, off=192 | label=0 risk=0.78
INFO:root:CLEAN <- RAW off=204 → p=0, off=193 | label=0 risk=0.74
INFO:root:CLEAN <- RAW off=205 → p=0, off=194 | label=0 risk=0.46
INFO:root:CLEAN <- RAW off=206 → p=0, off=195 | label=0 risk=0.87
INFO:root:CLEAN <- RAW off=207 → p=0, off=196 | label=0 risk=0.38
INFO:root:CLEAN <- RAW off=208 → p=0, off=197 | label=0 risk=0.74
INFO:root:CLEAN <- RAW off=209 → p=0, off=198 | label=0 risk=0.75
INFO:root:CLEAN <- RAW off=210 → p=0, off=199 | label=0 risk=0.89
INFO:root:Heartbeat: processed=200
INFO:root:CLEAN <- RAW off=211 → p=0, off=200 | label=0 risk=0.37
INFO:root:CLEAN <- RAW off=212 → p=0, off=201 | label=0 risk=0.75
INFO:root:CLEAN <- RAW off=213 → p=0, off=202 | label=0 risk=0.91
INFO:root:CLEAN <- RAW off=214 → p=0, off=203 | label=0 risk=0.41
INFO:root:CLEAN <- RAW off=215 → p=0, off=204 | label=0 risk=0.79
INFO:root:CLEAN <- RAW off=216 → p=0, off=205 | label=0 risk=0.37
INFO:root:CLEAN <- RAW off=217 → p=0, off=206 | label=0 risk=0.46
INFO:root:CLEAN <- RAW off=218 → p=0, off=207 | label=0 risk=0.34
INFO:root:CLEAN <- RAW off=219 → p=0, off=208 | label=0 risk=0.39
INFO:root:CLEAN <- RAW off=220 → p=0, off=209 | label=0 risk=0.71
INFO:root:CLEAN <- RAW off=221 → p=0, off=210 | label=0 risk=0.36
INFO:root:CLEAN <- RAW off=222 → p=0, off=211 | label=0 risk=0.88
INFO:root:CLEAN <- RAW off=223 → p=0, off=212 | label=0 risk=0.37
INFO:root:CLEAN <- RAW off=224 → p=0, off=213 | label=0 risk=0.47
INFO:root:CLEAN <- RAW off=225 → p=0, off=214 | label=0 risk=0.36
INFO:root:CLEAN <- RAW off=226 → p=0, off=215 | label=0 risk=0.76
INFO:root:CLEAN <- RAW off=227 → p=0, off=216 | label=0 risk=0.34
INFO:root:CLEAN <- RAW off=229 → p=0, off=217 | label=0 risk=0.83
INFO:root:CLEAN <- RAW off=230 → p=0, off=218 | label=0 risk=0.41
INFO:root:CLEAN <- RAW off=231 → p=0, off=219 | label=0 risk=0.36
INFO:root:CLEAN <- RAW off=232 → p=0, off=220 | label=0 risk=0.34
INFO:root:CLEAN <- RAW off=233 → p=0, off=221 | label=0 risk=0.36
INFO:root:CLEAN <- RAW off=234 → p=0, off=222 | label=0 risk=0.36
INFO:root:CLEAN <- RAW off=235 → p=0, off=223 | label=0 risk=0.36
INFO:root:CLEAN <- RAW off=236 → p=0, off=224 | label=0 risk=0.36
INFO:root:CLEAN <- RAW off=237 → p=0, off=225 | label=0 risk=0.36
INFO:root:CLEAN <- RAW off=238 → p=0, off=226 | label=0 risk=0.41
INFO:root:CLEAN <- RAW off=239 → p=0, off=227 | label=0 risk=0.29
INFO:root:CLEAN <- RAW off=240 → p=0, off=228 | label=0 risk=0.37
INFO:root:CLEAN <- RAW off=241 → p=0, off=229 | label=0 risk=0.40
INFO:root:CLEAN <- RAW off=242 → p=0, off=230 | label=0 risk=0.36
INFO:root:CLEAN <- RAW off=243 → p=0, off=231 | label=0 risk=0.36
INFO:root:CLEAN <- RAW off=244 → p=0, off=232 | label=0 risk=0.37
INFO:root:CLEAN <- RAW off=245 → p=0, off=233 | label=0 risk=0.46
INFO:root:CLEAN <- RAW off=246 → p=0, off=234 | label=0 risk=0.36
INFO:root:CLEAN <- RAW off=247 → p=0, off=235 | label=0 risk=0.37
INFO:root:CLEAN <- RAW off=248 → p=0, off=236 | label=0 risk=0.36
INFO:root:CLEAN <- RAW off=249 → p=0, off=237 | label=0 risk=0.41
INFO:root:CLEAN <- RAW off=250 → p=0, off=238 | label=0 risk=0.50
INFO:root:CLEAN <- RAW off=251 → p=0, off=239 | label=0 risk=0.91
INFO:root:CLEAN <- RAW off=252 → p=0, off=240 | label=0 risk=0.47
INFO:root:CLEAN <- RAW off=253 → p=0, off=241 | label=0 risk=0.36
INFO:root:CLEAN <- RAW off=254 → p=0, off=242 | label=0 risk=0.94
INFO:root:CLEAN <- RAW off=255 → p=0, off=243 | label=0 risk=0.36
INFO:root:CLEAN <- RAW off=257 → p=0, off=244 | label=0 risk=0.36
INFO:root:CLEAN <- RAW off=258 → p=0, off=245 | label=0 risk=0.36
INFO:root:CLEAN <- RAW off=259 → p=0, off=246 | label=0 risk=0.90
INFO:root:CLEAN <- RAW off=260 → p=0, off=247 | label=0 risk=0.37
INFO:root:CLEAN <- RAW off=261 → p=0, off=248 | label=0 risk=0.46
INFO:root:CLEAN <- RAW off=262 → p=0, off=249 | label=0 risk=0.36
INFO:root:CLEAN <- RAW off=263 → p=0, off=250 | label=0 risk=0.73
INFO:root:CLEAN <- RAW off=264 → p=0, off=251 | label=0 risk=0.46
INFO:root:CLEAN <- RAW off=265 → p=0, off=252 | label=0 risk=0.36
INFO:root:CLEAN <- RAW off=267 → p=0, off=253 | label=0 risk=0.36
INFO:root:CLEAN <- RAW off=268 → p=0, off=254 | label=0 risk=0.41
INFO:root:CLEAN <- RAW off=269 → p=0, off=255 | label=0 risk=0.36
INFO:root:CLEAN <- RAW off=270 → p=0, off=256 | label=0 risk=0.41
INFO:root:CLEAN <- RAW off=271 → p=0, off=257 | label=0 risk=0.79
INFO:root:CLEAN <- RAW off=272 → p=0, off=258 | label=0 risk=0.72
INFO:root:CLEAN <- RAW off=273 → p=0, off=259 | label=0 risk=0.46
INFO:root:CLEAN <- RAW off=274 → p=0, off=260 | label=0 risk=0.28
INFO:root:CLEAN <- RAW off=275 → p=0, off=261 | label=0 risk=0.36
INFO:root:CLEAN <- RAW off=276 → p=0, off=262 | label=0 risk=0.46
INFO:root:CLEAN <- RAW off=277 → p=0, off=263 | label=0 risk=0.36
INFO:root:CLEAN <- RAW off=278 → p=0, off=264 | label=0 risk=0.41
INFO:root:CLEAN <- RAW off=279 → p=0, off=265 | label=0 risk=0.46
INFO:root:CLEAN <- RAW off=280 → p=0, off=266 | label=0 risk=0.36
INFO:root:CLEAN <- RAW off=281 → p=0, off=267 | label=0 risk=0.36
INFO:root:CLEAN <- RAW off=282 → p=0, off=268 | label=0 risk=0.36
INFO:root:CLEAN <- RAW off=283 → p=0, off=269 | label=0 risk=0.37
INFO:root:CLEAN <- RAW off=284 → p=0, off=270 | label=0 risk=0.36
INFO:root:CLEAN <- RAW off=285 → p=0, off=271 | label=0 risk=0.42
INFO:root:CLEAN <- RAW off=286 → p=0, off=272 | label=0 risk=0.36
INFO:root:CLEAN <- RAW off=287 → p=0, off=273 | label=0 risk=0.82
INFO:root:CLEAN <- RAW off=288 → p=0, off=274 | label=0 risk=0.42
INFO:root:CLEAN <- RAW off=289 → p=0, off=275 | label=0 risk=0.81
INFO:root:CLEAN <- RAW off=290 → p=0, off=276 | label=0 risk=0.36
INFO:root:CLEAN <- RAW off=291 → p=0, off=277 | label=0 risk=0.41
INFO:root:CLEAN <- RAW off=292 → p=0, off=278 | label=0 risk=0.36
INFO:root:CLEAN <- RAW off=293 → p=0, off=279 | label=0 risk=0.36
INFO:root:CLEAN <- RAW off=294 → p=0, off=280 | label=0 risk=0.41
INFO:root:CLEAN <- RAW off=295 → p=0, off=281 | label=0 risk=0.47
INFO:root:CLEAN <- RAW off=297 → p=0, off=282 | label=0 risk=0.37
INFO:root:CLEAN <- RAW off=298 → p=0, off=283 | label=0 risk=0.36
INFO:root:CLEAN <- RAW off=299 → p=0, off=284 | label=0 risk=0.41
INFO:root:CLEAN <- RAW off=300 → p=0, off=285 | label=0 risk=0.92
INFO:root:CLEAN <- RAW off=301 → p=0, off=286 | label=0 risk=0.41
INFO:root:CLEAN <- RAW off=302 → p=0, off=287 | label=0 risk=0.41
INFO:root:CLEAN <- RAW off=303 → p=0, off=288 | label=0 risk=0.37
INFO:root:CLEAN <- RAW off=304 → p=0, off=289 | label=0 risk=0.46
INFO:root:CLEAN <- RAW off=305 → p=0, off=290 | label=0 risk=0.37
INFO:root:CLEAN <- RAW off=306 → p=0, off=291 | label=0 risk=0.39
INFO:root:CLEAN <- RAW off=307 → p=0, off=292 | label=0 risk=0.87
INFO:root:CLEAN <- RAW off=308 → p=0, off=293 | label=0 risk=0.46
INFO:root:CLEAN <- RAW off=309 → p=0, off=294 | label=0 risk=0.70
INFO:root:CLEAN <- RAW off=310 → p=0, off=295 | label=0 risk=0.41
INFO:root:CLEAN <- RAW off=311 → p=0, off=296 | label=0 risk=0.36
INFO:root:CLEAN <- RAW off=312 → p=0, off=297 | label=0 risk=0.41
INFO:root:CLEAN <- RAW off=313 → p=0, off=298 | label=0 risk=0.78
INFO:root:CLEAN <- RAW off=314 → p=0, off=299 | label=0 risk=0.86
INFO:root:CLEAN <- RAW off=315 → p=0, off=300 | label=0 risk=0.46
INFO:root:CLEAN <- RAW off=316 → p=0, off=301 | label=0 risk=0.36
INFO:root:CLEAN <- RAW off=317 → p=0, off=302 | label=0 risk=0.28
INFO:root:CLEAN <- RAW off=318 → p=0, off=303 | label=0 risk=0.36
INFO:root:CLEAN <- RAW off=319 → p=0, off=304 | label=0 risk=0.36
INFO:root:CLEAN <- RAW off=320 → p=0, off=305 | label=0 risk=0.47
INFO:root:CLEAN <- RAW off=321 → p=0, off=306 | label=0 risk=0.36
INFO:root:CLEAN <- RAW off=322 → p=0, off=307 | label=0 risk=0.47
INFO:root:CLEAN <- RAW off=323 → p=0, off=308 | label=0 risk=0.78
INFO:root:CLEAN <- RAW off=324 → p=0, off=309 | label=0 risk=0.78
INFO:root:CLEAN <- RAW off=325 → p=0, off=310 | label=0 risk=0.87
INFO:root:CLEAN <- RAW off=326 → p=0, off=311 | label=0 risk=0.41
INFO:root:CLEAN <- RAW off=328 → p=0, off=312 | label=0 risk=0.41
INFO:root:CLEAN <- RAW off=329 → p=0, off=313 | label=0 risk=0.36
INFO:root:CLEAN <- RAW off=330 → p=0, off=314 | label=0 risk=0.36
INFO:root:CLEAN <- RAW off=331 → p=0, off=315 | label=0 risk=0.36
INFO:root:CLEAN <- RAW off=332 → p=0, off=316 | label=0 risk=0.37
INFO:root:CLEAN <- RAW off=333 → p=0, off=317 | label=0 risk=0.41
INFO:root:CLEAN <- RAW off=334 → p=0, off=318 | label=0 risk=0.37
INFO:root:CLEAN <- RAW off=335 → p=0, off=319 | label=0 risk=0.36
INFO:root:CLEAN <- RAW off=336 → p=0, off=320 | label=0 risk=0.36
INFO:root:CLEAN <- RAW off=337 → p=0, off=321 | label=0 risk=0.36
INFO:root:CLEAN <- RAW off=338 → p=0, off=322 | label=0 risk=0.41
INFO:root:CLEAN <- RAW off=339 → p=0, off=323 | label=0 risk=0.73
INFO:root:CLEAN <- RAW off=340 → p=0, off=324 | label=0 risk=0.92
INFO:root:CLEAN <- RAW off=341 → p=0, off=325 | label=0 risk=0.77
INFO:root:CLEAN <- RAW off=342 → p=0, off=326 | label=0 risk=0.41
INFO:root:CLEAN <- RAW off=343 → p=0, off=327 | label=0 risk=0.87
INFO:root:CLEAN <- RAW off=344 → p=0, off=328 | label=0 risk=0.36
INFO:root:CLEAN <- RAW off=345 → p=0, off=329 | label=0 risk=0.36
INFO:root:CLEAN <- RAW off=346 → p=0, off=330 | label=0 risk=0.41
INFO:root:CLEAN <- RAW off=347 → p=0, off=331 | label=0 risk=0.33
INFO:root:CLEAN <- RAW off=348 → p=0, off=332 | label=0 risk=0.41
INFO:root:CLEAN <- RAW off=349 → p=0, off=333 | label=0 risk=0.41
INFO:root:CLEAN <- RAW off=350 → p=0, off=334 | label=0 risk=0.37
INFO:root:CLEAN <- RAW off=351 → p=0, off=335 | label=0 risk=0.43
INFO:root:CLEAN <- RAW off=352 → p=0, off=336 | label=0 risk=0.36
INFO:root:CLEAN <- RAW off=353 → p=0, off=337 | label=0 risk=0.36
INFO:root:CLEAN <- RAW off=354 → p=0, off=338 | label=0 risk=0.78
INFO:root:CLEAN <- RAW off=355 → p=0, off=339 | label=0 risk=0.41
INFO:root:CLEAN <- RAW off=356 → p=0, off=340 | label=0 risk=0.79
INFO:root:CLEAN <- RAW off=357 → p=0, off=341 | label=0 risk=0.80
INFO:root:CLEAN <- RAW off=358 → p=0, off=342 | label=0 risk=0.46
INFO:root:CLEAN <- RAW off=359 → p=0, off=343 | label=0 risk=0.47
INFO:root:CLEAN <- RAW off=360 → p=0, off=344 | label=0 risk=0.46
INFO:root:CLEAN <- RAW off=361 → p=0, off=345 | label=0 risk=0.79
INFO:root:CLEAN <- RAW off=362 → p=0, off=346 | label=0 risk=0.41
INFO:root:CLEAN <- RAW off=363 → p=0, off=347 | label=0 risk=0.36
INFO:root:CLEAN <- RAW off=365 → p=0, off=348 | label=0 risk=0.41
INFO:root:CLEAN <- RAW off=366 → p=0, off=349 | label=0 risk=0.78
INFO:root:CLEAN <- RAW off=367 → p=0, off=350 | label=0 risk=0.79
INFO:root:CLEAN <- RAW off=369 → p=0, off=351 | label=0 risk=0.39
INFO:root:CLEAN <- RAW off=370 → p=0, off=352 | label=0 risk=0.36
INFO:root:CLEAN <- RAW off=371 → p=0, off=353 | label=0 risk=0.36
INFO:root:CLEAN <- RAW off=372 → p=0, off=354 | label=0 risk=0.45
INFO:root:CLEAN <- RAW off=373 → p=0, off=355 | label=0 risk=0.89
INFO:root:CLEAN <- RAW off=374 → p=0, off=356 | label=0 risk=0.79
INFO:root:CLEAN <- RAW off=375 → p=0, off=357 | label=0 risk=0.46
INFO:root:CLEAN <- RAW off=376 → p=0, off=358 | label=0 risk=0.36
INFO:root:CLEAN <- RAW off=377 → p=0, off=359 | label=0 risk=0.36
INFO:root:CLEAN <- RAW off=378 → p=0, off=360 | label=0 risk=0.36
INFO:root:CLEAN <- RAW off=379 → p=0, off=361 | label=0 risk=0.41
INFO:root:CLEAN <- RAW off=380 → p=0, off=362 | label=0 risk=0.89
INFO:root:CLEAN <- RAW off=381 → p=0, off=363 | label=0 risk=0.36
INFO:root:CLEAN <- RAW off=382 → p=0, off=364 | label=0 risk=0.54
INFO:root:CLEAN <- RAW off=383 → p=0, off=365 | label=0 risk=0.46
INFO:root:CLEAN <- RAW off=384 → p=0, off=366 | label=0 risk=0.36
INFO:root:CLEAN <- RAW off=385 → p=0, off=367 | label=0 risk=0.39
INFO:root:CLEAN <- RAW off=386 → p=0, off=368 | label=0 risk=0.89
INFO:root:CLEAN <- RAW off=387 → p=0, off=369 | label=0 risk=0.46
INFO:root:CLEAN <- RAW off=388 → p=0, off=370 | label=0 risk=0.33
INFO:root:CLEAN <- RAW off=389 → p=0, off=371 | label=0 risk=0.37
INFO:root:CLEAN <- RAW off=390 → p=0, off=372 | label=0 risk=0.41
INFO:root:CLEAN <- RAW off=391 → p=0, off=373 | label=0 risk=0.80
INFO:root:CLEAN <- RAW off=392 → p=0, off=374 | label=0 risk=0.36
INFO:root:CLEAN <- RAW off=393 → p=0, off=375 | label=0 risk=0.39
INFO:root:CLEAN <- RAW off=394 → p=0, off=376 | label=0 risk=0.28
INFO:root:CLEAN <- RAW off=397 → p=0, off=377 | label=0 risk=0.46
INFO:root:CLEAN <- RAW off=398 → p=0, off=378 | label=0 risk=0.36
INFO:root:CLEAN <- RAW off=399 → p=0, off=379 | label=0 risk=0.36
INFO:root:CLEAN <- RAW off=400 → p=0, off=380 | label=0 risk=0.41
INFO:root:CLEAN <- RAW off=401 → p=0, off=381 | label=0 risk=0.36
INFO:root:CLEAN <- RAW off=402 → p=0, off=382 | label=0 risk=0.36
INFO:root:CLEAN <- RAW off=403 → p=0, off=383 | label=0 risk=0.36
INFO:root:CLEAN <- RAW off=404 → p=0, off=384 | label=0 risk=0.36
INFO:root:CLEAN <- RAW off=405 → p=0, off=385 | label=0 risk=0.36
INFO:root:CLEAN <- RAW off=407 → p=0, off=386 | label=0 risk=0.41
INFO:root:CLEAN <- RAW off=408 → p=0, off=387 | label=0 risk=0.39
INFO:root:CLEAN <- RAW off=410 → p=0, off=388 | label=0 risk=0.46
INFO:root:CLEAN <- RAW off=411 → p=0, off=389 | label=0 risk=0.36
INFO:root:CLEAN <- RAW off=412 → p=0, off=390 | label=0 risk=0.46
INFO:root:CLEAN <- RAW off=413 → p=0, off=391 | label=0 risk=0.43
INFO:root:CLEAN <- RAW off=414 → p=0, off=392 | label=0 risk=0.29
INFO:root:CLEAN <- RAW off=415 → p=0, off=393 | label=0 risk=0.41
INFO:root:CLEAN <- RAW off=416 → p=0, off=394 | label=0 risk=0.50
INFO:root:CLEAN <- RAW off=417 → p=0, off=395 | label=0 risk=0.34
INFO:root:CLEAN <- RAW off=418 → p=0, off=396 | label=0 risk=0.36
INFO:root:CLEAN <- RAW off=419 → p=0, off=397 | label=0 risk=0.36
INFO:root:CLEAN <- RAW off=420 → p=0, off=398 | label=0 risk=0.41
INFO:root:CLEAN <- RAW off=421 → p=0, off=399 | label=0 risk=0.41
INFO:root:Heartbeat: processed=400
INFO:root:CLEAN <- RAW off=422 → p=0, off=400 | label=0 risk=0.46
INFO:root:CLEAN <- RAW off=424 → p=0, off=401 | label=0 risk=0.42
INFO:root:CLEAN <- RAW off=425 → p=0, off=402 | label=0 risk=0.36
INFO:root:CLEAN <- RAW off=426 → p=0, off=403 | label=0 risk=0.80
INFO:root:CLEAN <- RAW off=427 → p=0, off=404 | label=0 risk=0.36
INFO:root:CLEAN <- RAW off=428 → p=0, off=405 | label=0 risk=0.41
INFO:root:CLEAN <- RAW off=429 → p=0, off=406 | label=0 risk=0.36
INFO:root:CLEAN <- RAW off=430 → p=0, off=407 | label=0 risk=0.47
INFO:root:CLEAN <- RAW off=431 → p=0, off=408 | label=0 risk=0.36
INFO:root:CLEAN <- RAW off=432 → p=0, off=409 | label=0 risk=0.29
INFO:root:CLEAN <- RAW off=433 → p=0, off=410 | label=0 risk=0.41
INFO:root:CLEAN <- RAW off=434 → p=0, off=411 | label=0 risk=0.38
INFO:root:CLEAN <- RAW off=435 → p=0, off=412 | label=0 risk=0.76
INFO:root:CLEAN <- RAW off=437 → p=0, off=413 | label=0 risk=0.29
INFO:root:CLEAN <- RAW off=438 → p=0, off=414 | label=0 risk=0.41
INFO:root:CLEAN <- RAW off=439 → p=0, off=415 | label=0 risk=0.84
INFO:root:CLEAN <- RAW off=440 → p=0, off=416 | label=0 risk=0.81
INFO:root:CLEAN <- RAW off=441 → p=0, off=417 | label=0 risk=0.37
INFO:root:CLEAN <- RAW off=442 → p=0, off=418 | label=0 risk=0.46
INFO:root:CLEAN <- RAW off=443 → p=0, off=419 | label=0 risk=0.41
INFO:root:CLEAN <- RAW off=444 → p=0, off=420 | label=0 risk=0.36
INFO:root:CLEAN <- RAW off=445 → p=0, off=421 | label=0 risk=0.88
INFO:root:CLEAN <- RAW off=446 → p=0, off=422 | label=0 risk=0.89
INFO:root:CLEAN <- RAW off=447 → p=0, off=423 | label=0 risk=0.37
INFO:root:CLEAN <- RAW off=448 → p=0, off=424 | label=0 risk=0.46
INFO:root:CLEAN <- RAW off=449 → p=0, off=425 | label=0 risk=0.36
INFO:root:CLEAN <- RAW off=450 → p=0, off=426 | label=0 risk=0.36
INFO:root:CLEAN <- RAW off=451 → p=0, off=427 | label=0 risk=0.36
INFO:root:CLEAN <- RAW off=452 → p=0, off=428 | label=0 risk=0.36
INFO:root:CLEAN <- RAW off=453 → p=0, off=429 | label=0 risk=0.36
INFO:root:CLEAN <- RAW off=454 → p=0, off=430 | label=0 risk=0.36
INFO:root:CLEAN <- RAW off=455 → p=0, off=431 | label=0 risk=0.29
INFO:root:CLEAN <- RAW off=456 → p=0, off=432 | label=0 risk=0.35
INFO:root:CLEAN <- RAW off=457 → p=0, off=433 | label=0 risk=0.40
INFO:root:CLEAN <- RAW off=458 → p=0, off=434 | label=0 risk=0.36
INFO:root:CLEAN <- RAW off=459 → p=0, off=435 | label=0 risk=0.46
INFO:root:CLEAN <- RAW off=460 → p=0, off=436 | label=0 risk=0.47
INFO:root:CLEAN <- RAW off=461 → p=0, off=437 | label=0 risk=0.36
INFO:root:CLEAN <- RAW off=462 → p=0, off=438 | label=0 risk=0.92
INFO:root:CLEAN <- RAW off=463 → p=0, off=439 | label=0 risk=0.47
INFO:root:CLEAN <- RAW off=465 → p=0, off=440 | label=0 risk=0.41
INFO:root:CLEAN <- RAW off=466 → p=0, off=441 | label=0 risk=0.36
INFO:root:CLEAN <- RAW off=467 → p=0, off=442 | label=0 risk=0.46
INFO:root:CLEAN <- RAW off=468 → p=0, off=443 | label=0 risk=0.90
INFO:root:CLEAN <- RAW off=469 → p=0, off=444 | label=0 risk=0.36
INFO:root:CLEAN <- RAW off=470 → p=0, off=445 | label=0 risk=0.46
INFO:root:CLEAN <- RAW off=471 → p=0, off=446 | label=0 risk=0.36
INFO:root:CLEAN <- RAW off=472 → p=0, off=447 | label=0 risk=0.71
INFO:root:CLEAN <- RAW off=473 → p=0, off=448 | label=0 risk=0.41
INFO:root:CLEAN <- RAW off=474 → p=0, off=449 | label=0 risk=0.35
INFO:root:CLEAN <- RAW off=475 → p=0, off=450 | label=0 risk=0.79
INFO:root:CLEAN <- RAW off=476 → p=0, off=451 | label=0 risk=0.79
INFO:root:CLEAN <- RAW off=477 → p=0, off=452 | label=0 risk=0.36
INFO:root:CLEAN <- RAW off=479 → p=0, off=453 | label=0 risk=0.46
INFO:root:CLEAN <- RAW off=480 → p=0, off=454 | label=0 risk=0.36
INFO:root:CLEAN <- RAW off=481 → p=0, off=455 | label=0 risk=0.77
INFO:root:CLEAN <- RAW off=482 → p=0, off=456 | label=0 risk=0.84
INFO:root:CLEAN <- RAW off=483 → p=0, off=457 | label=0 risk=0.36
INFO:root:CLEAN <- RAW off=484 → p=0, off=458 | label=0 risk=0.81
INFO:root:CLEAN <- RAW off=485 → p=0, off=459 | label=0 risk=0.74
INFO:root:CLEAN <- RAW off=486 → p=0, off=460 | label=0 risk=0.37
INFO:root:CLEAN <- RAW off=487 → p=0, off=461 | label=0 risk=0.46
INFO:root:CLEAN <- RAW off=488 → p=0, off=462 | label=0 risk=0.86
INFO:root:CLEAN <- RAW off=489 → p=0, off=463 | label=0 risk=0.77
INFO:root:CLEAN <- RAW off=490 → p=0, off=464 | label=0 risk=0.37
INFO:root:CLEAN <- RAW off=491 → p=0, off=465 | label=0 risk=0.36
INFO:root:CLEAN <- RAW off=492 → p=0, off=466 | label=0 risk=0.90
INFO:root:CLEAN <- RAW off=493 → p=0, off=467 | label=0 risk=0.37
INFO:root:CLEAN <- RAW off=494 → p=0, off=468 | label=0 risk=0.36
INFO:root:CLEAN <- RAW off=495 → p=0, off=469 | label=0 risk=0.37
INFO:root:CLEAN <- RAW off=496 → p=0, off=470 | label=0 risk=0.90
INFO:root:CLEAN <- RAW off=497 → p=0, off=471 | label=0 risk=0.37
INFO:root:CLEAN <- RAW off=498 → p=0, off=472 | label=0 risk=0.86
INFO:root:CLEAN <- RAW off=499 → p=0, off=473 | label=0 risk=0.34
INFO:root:CLEAN <- RAW off=500 → p=0, off=474 | label=0 risk=0.79
INFO:root:CLEAN <- RAW off=501 → p=0, off=475 | label=0 risk=0.47
INFO:root:CLEAN <- RAW off=502 → p=0, off=476 | label=0 risk=0.36
INFO:root:CLEAN <- RAW off=503 → p=0, off=477 | label=0 risk=0.49
INFO:root:CLEAN <- RAW off=504 → p=0, off=478 | label=0 risk=0.41
INFO:root:CLEAN <- RAW off=505 → p=0, off=479 | label=0 risk=0.41
INFO:root:CLEAN <- RAW off=506 → p=0, off=480 | label=0 risk=0.80
INFO:root:CLEAN <- RAW off=507 → p=0, off=481 | label=0 risk=0.46
INFO:root:CLEAN <- RAW off=508 → p=0, off=482 | label=0 risk=0.46
INFO:root:CLEAN <- RAW off=509 → p=0, off=483 | label=0 risk=0.33
INFO:root:CLEAN <- RAW off=510 → p=0, off=484 | label=0 risk=0.36
INFO:root:CLEAN <- RAW off=511 → p=0, off=485 | label=0 risk=0.36
INFO:root:CLEAN <- RAW off=513 → p=0, off=486 | label=0 risk=0.36
INFO:root:CLEAN <- RAW off=514 → p=0, off=487 | label=0 risk=0.46
INFO:root:CLEAN <- RAW off=515 → p=0, off=488 | label=0 risk=0.36
INFO:root:CLEAN <- RAW off=516 → p=0, off=489 | label=0 risk=0.36
INFO:root:CLEAN <- RAW off=517 → p=0, off=490 | label=1 risk=0.60
INFO:root:CLEAN <- RAW off=518 → p=0, off=491 | label=0 risk=0.36
INFO:root:CLEAN <- RAW off=519 → p=0, off=492 | label=0 risk=0.37
INFO:root:CLEAN <- RAW off=520 → p=0, off=493 | label=0 risk=0.36
INFO:root:CLEAN <- RAW off=521 → p=0, off=494 | label=0 risk=0.36
INFO:root:CLEAN <- RAW off=522 → p=0, off=495 | label=0 risk=0.36
INFO:root:CLEAN <- RAW off=523 → p=0, off=496 | label=0 risk=0.88
INFO:root:CLEAN <- RAW off=524 → p=0, off=497 | label=0 risk=0.41
INFO:root:CLEAN <- RAW off=525 → p=0, off=498 | label=0 risk=0.33
INFO:root:CLEAN <- RAW off=526 → p=0, off=499 | label=0 risk=0.48
INFO:root:CLEAN <- RAW off=527 → p=0, off=500 | label=0 risk=0.36
INFO:root:CLEAN <- RAW off=528 → p=0, off=501 | label=0 risk=0.36
INFO:root:CLEAN <- RAW off=529 → p=0, off=502 | label=0 risk=0.78
INFO:root:CLEAN <- RAW off=530 → p=0, off=503 | label=0 risk=0.36
INFO:root:CLEAN <- RAW off=531 → p=0, off=504 | label=0 risk=0.77
INFO:root:CLEAN <- RAW off=532 → p=0, off=505 | label=0 risk=0.29
INFO:root:CLEAN <- RAW off=533 → p=0, off=506 | label=0 risk=0.54
INFO:root:CLEAN <- RAW off=534 → p=0, off=507 | label=0 risk=0.41
INFO:root:CLEAN <- RAW off=535 → p=0, off=508 | label=0 risk=0.36
INFO:root:CLEAN <- RAW off=536 → p=0, off=509 | label=0 risk=0.36
INFO:root:CLEAN <- RAW off=537 → p=0, off=510 | label=0 risk=0.36
INFO:root:CLEAN <- RAW off=538 → p=0, off=511 | label=0 risk=0.37
INFO:root:CLEAN <- RAW off=539 → p=0, off=512 | label=0 risk=0.79
INFO:root:CLEAN <- RAW off=540 → p=0, off=513 | label=0 risk=0.47
INFO:root:CLEAN <- RAW off=541 → p=0, off=514 | label=0 risk=0.36
INFO:root:CLEAN <- RAW off=543 → p=0, off=515 | label=0 risk=0.36
INFO:root:CLEAN <- RAW off=545 → p=0, off=516 | label=0 risk=0.73
INFO:root:CLEAN <- RAW off=546 → p=0, off=517 | label=0 risk=0.36
INFO:root:CLEAN <- RAW off=548 → p=0, off=518 | label=0 risk=0.46
INFO:root:CLEAN <- RAW off=549 → p=0, off=519 | label=0 risk=0.36
INFO:root:CLEAN <- RAW off=550 → p=0, off=520 | label=0 risk=0.36
INFO:root:CLEAN <- RAW off=551 → p=0, off=521 | label=0 risk=0.55
INFO:root:CLEAN <- RAW off=552 → p=0, off=522 | label=0 risk=0.42
INFO:root:CLEAN <- RAW off=553 → p=0, off=523 | label=0 risk=0.36
INFO:root:CLEAN <- RAW off=554 → p=0, off=524 | label=0 risk=0.36
INFO:root:CLEAN <- RAW off=555 → p=0, off=525 | label=0 risk=0.42
INFO:root:CLEAN <- RAW off=556 → p=0, off=526 | label=0 risk=0.92
INFO:root:CLEAN <- RAW off=557 → p=0, off=527 | label=0 risk=0.39
INFO:root:CLEAN <- RAW off=558 → p=0, off=528 | label=0 risk=0.36
INFO:root:CLEAN <- RAW off=559 → p=0, off=529 | label=0 risk=0.36
INFO:root:CLEAN <- RAW off=560 → p=0, off=530 | label=0 risk=0.79
INFO:root:CLEAN <- RAW off=561 → p=0, off=531 | label=0 risk=0.36
INFO:root:CLEAN <- RAW off=562 → p=0, off=532 | label=0 risk=0.36
INFO:root:CLEAN <- RAW off=563 → p=0, off=533 | label=0 risk=0.37
INFO:root:CLEAN <- RAW off=564 → p=0, off=534 | label=0 risk=0.82
INFO:root:CLEAN <- RAW off=565 → p=0, off=535 | label=0 risk=0.37
INFO:root:CLEAN <- RAW off=566 → p=0, off=536 | label=0 risk=0.36
INFO:root:CLEAN <- RAW off=567 → p=0, off=537 | label=0 risk=0.37
INFO:root:CLEAN <- RAW off=568 → p=0, off=538 | label=0 risk=0.41
INFO:root:CLEAN <- RAW off=569 → p=0, off=539 | label=0 risk=0.42
INFO:root:CLEAN <- RAW off=570 → p=0, off=540 | label=0 risk=0.37
INFO:root:CLEAN <- RAW off=572 → p=0, off=541 | label=0 risk=0.38
INFO:root:CLEAN <- RAW off=573 → p=0, off=542 | label=0 risk=0.37
INFO:root:CLEAN <- RAW off=574 → p=0, off=543 | label=0 risk=0.41
INFO:root:CLEAN <- RAW off=575 → p=0, off=544 | label=0 risk=0.36
INFO:root:CLEAN <- RAW off=576 → p=0, off=545 | label=0 risk=0.44
INFO:root:CLEAN <- RAW off=577 → p=0, off=546 | label=0 risk=0.45
INFO:root:CLEAN <- RAW off=579 → p=0, off=547 | label=0 risk=0.36
INFO:root:CLEAN <- RAW off=580 → p=0, off=548 | label=0 risk=0.36
INFO:root:CLEAN <- RAW off=582 → p=0, off=549 | label=0 risk=0.41
INFO:root:CLEAN <- RAW off=583 → p=0, off=550 | label=0 risk=0.34
INFO:root:CLEAN <- RAW off=584 → p=0, off=551 | label=0 risk=0.79
INFO:root:CLEAN <- RAW off=585 → p=0, off=552 | label=0 risk=0.36
INFO:root:CLEAN <- RAW off=586 → p=0, off=553 | label=0 risk=0.71
INFO:root:CLEAN <- RAW off=587 → p=0, off=554 | label=0 risk=0.47
INFO:root:CLEAN <- RAW off=588 → p=0, off=555 | label=0 risk=0.34
INFO:root:CLEAN <- RAW off=589 → p=0, off=556 | label=0 risk=0.40
INFO:root:CLEAN <- RAW off=590 → p=0, off=557 | label=0 risk=0.80
INFO:root:CLEAN <- RAW off=591 → p=0, off=558 | label=0 risk=0.36
INFO:root:CLEAN <- RAW off=592 → p=0, off=559 | label=0 risk=0.30
INFO:root:CLEAN <- RAW off=593 → p=0, off=560 | label=0 risk=0.36
INFO:root:CLEAN <- RAW off=594 → p=0, off=561 | label=0 risk=0.29
INFO:root:CLEAN <- RAW off=595 → p=0, off=562 | label=0 risk=0.41
INFO:root:CLEAN <- RAW off=596 → p=0, off=563 | label=0 risk=0.36
INFO:root:CLEAN <- RAW off=597 → p=0, off=564 | label=0 risk=0.37
INFO:root:CLEAN <- RAW off=598 → p=0, off=565 | label=0 risk=0.44
INFO:root:CLEAN <- RAW off=599 → p=0, off=566 | label=0 risk=0.41
INFO:root:CLEAN <- RAW off=600 → p=0, off=567 | label=0 risk=0.41
INFO:root:CLEAN <- RAW off=601 → p=0, off=568 | label=0 risk=0.46
INFO:root:CLEAN <- RAW off=602 → p=0, off=569 | label=0 risk=0.36
INFO:root:CLEAN <- RAW off=604 → p=0, off=570 | label=0 risk=0.46
INFO:root:CLEAN <- RAW off=605 → p=0, off=571 | label=0 risk=0.36
INFO:root:CLEAN <- RAW off=606 → p=0, off=572 | label=0 risk=0.50
INFO:root:CLEAN <- RAW off=607 → p=0, off=573 | label=0 risk=0.41
INFO:root:CLEAN <- RAW off=608 → p=0, off=574 | label=0 risk=0.47
INFO:root:CLEAN <- RAW off=609 → p=0, off=575 | label=0 risk=0.36
INFO:root:CLEAN <- RAW off=610 → p=0, off=576 | label=0 risk=0.38
INFO:root:CLEAN <- RAW off=611 → p=0, off=577 | label=0 risk=0.37
INFO:root:CLEAN <- RAW off=612 → p=0, off=578 | label=0 risk=0.36
INFO:root:CLEAN <- RAW off=613 → p=0, off=579 | label=0 risk=0.46
INFO:root:CLEAN <- RAW off=614 → p=0, off=580 | label=0 risk=0.36
INFO:root:CLEAN <- RAW off=615 → p=0, off=581 | label=0 risk=0.41
INFO:root:CLEAN <- RAW off=616 → p=0, off=582 | label=0 risk=0.36
INFO:root:CLEAN <- RAW off=617 → p=0, off=583 | label=0 risk=0.42
INFO:root:CLEAN <- RAW off=618 → p=0, off=584 | label=0 risk=0.36
INFO:root:CLEAN <- RAW off=619 → p=0, off=585 | label=0 risk=0.41
INFO:root:CLEAN <- RAW off=620 → p=0, off=586 | label=0 risk=0.32
INFO:root:CLEAN <- RAW off=622 → p=0, off=587 | label=0 risk=0.36
INFO:root:CLEAN <- RAW off=623 → p=0, off=588 | label=0 risk=0.27
INFO:root:CLEAN <- RAW off=624 → p=0, off=589 | label=0 risk=0.43
INFO:root:CLEAN <- RAW off=625 → p=0, off=590 | label=0 risk=0.59
INFO:root:CLEAN <- RAW off=626 → p=0, off=591 | label=0 risk=0.36
INFO:root:CLEAN <- RAW off=627 → p=0, off=592 | label=0 risk=0.39
INFO:root:CLEAN <- RAW off=628 → p=0, off=593 | label=0 risk=0.41
INFO:root:CLEAN <- RAW off=629 → p=0, off=594 | label=0 risk=0.37
INFO:root:CLEAN <- RAW off=630 → p=0, off=595 | label=0 risk=0.47
INFO:root:CLEAN <- RAW off=631 → p=0, off=596 | label=0 risk=0.41
INFO:root:CLEAN <- RAW off=632 → p=0, off=597 | label=0 risk=0.81
INFO:root:CLEAN <- RAW off=633 → p=0, off=598 | label=0 risk=0.36
INFO:root:CLEAN <- RAW off=634 → p=0, off=599 | label=0 risk=0.37
INFO:root:Heartbeat: processed=600
INFO:root:CLEAN <- RAW off=635 → p=0, off=600 | label=0 risk=0.36
INFO:root:CLEAN <- RAW off=637 → p=0, off=601 | label=0 risk=0.36
INFO:root:CLEAN <- RAW off=638 → p=0, off=602 | label=0 risk=0.36
INFO:root:CLEAN <- RAW off=639 → p=0, off=603 | label=0 risk=0.46
INFO:root:CLEAN <- RAW off=641 → p=0, off=604 | label=0 risk=0.36
INFO:root:CLEAN <- RAW off=642 → p=0, off=605 | label=0 risk=0.36
INFO:root:CLEAN <- RAW off=643 → p=0, off=606 | label=0 risk=0.41
INFO:root:CLEAN <- RAW off=644 → p=0, off=607 | label=0 risk=0.46
INFO:root:CLEAN <- RAW off=645 → p=0, off=608 | label=0 risk=0.41
INFO:root:CLEAN <- RAW off=646 → p=0, off=609 | label=0 risk=0.79
INFO:root:CLEAN <- RAW off=647 → p=0, off=610 | label=0 risk=0.82
INFO:root:CLEAN <- RAW off=648 → p=0, off=611 | label=0 risk=0.36
INFO:root:CLEAN <- RAW off=649 → p=0, off=612 | label=0 risk=0.29
INFO:root:CLEAN <- RAW off=651 → p=0, off=613 | label=0 risk=0.36
INFO:root:CLEAN <- RAW off=652 → p=0, off=614 | label=0 risk=0.46
INFO:root:CLEAN <- RAW off=653 → p=0, off=615 | label=0 risk=0.80
INFO:root:CLEAN <- RAW off=655 → p=0, off=616 | label=0 risk=0.36
INFO:root:CLEAN <- RAW off=656 → p=0, off=617 | label=0 risk=0.36
INFO:root:CLEAN <- RAW off=657 → p=0, off=618 | label=0 risk=0.36
INFO:root:CLEAN <- RAW off=658 → p=0, off=619 | label=0 risk=0.36
INFO:root:CLEAN <- RAW off=659 → p=0, off=620 | label=0 risk=0.36
INFO:root:CLEAN <- RAW off=660 → p=0, off=621 | label=0 risk=0.36
INFO:root:CLEAN <- RAW off=661 → p=0, off=622 | label=0 risk=0.41
INFO:root:CLEAN <- RAW off=662 → p=0, off=623 | label=0 risk=0.46
INFO:root:CLEAN <- RAW off=663 → p=0, off=624 | label=0 risk=0.49
INFO:root:CLEAN <- RAW off=664 → p=0, off=625 | label=0 risk=0.89
INFO:root:CLEAN <- RAW off=665 → p=0, off=626 | label=0 risk=0.36
INFO:root:CLEAN <- RAW off=666 → p=0, off=627 | label=0 risk=0.36
INFO:root:CLEAN <- RAW off=667 → p=0, off=628 | label=0 risk=0.46
INFO:root:CLEAN <- RAW off=668 → p=0, off=629 | label=0 risk=0.41
INFO:root:CLEAN <- RAW off=669 → p=0, off=630 | label=0 risk=0.45
INFO:root:CLEAN <- RAW off=670 → p=0, off=631 | label=0 risk=0.36
INFO:root:CLEAN <- RAW off=671 → p=0, off=632 | label=0 risk=0.74
INFO:root:CLEAN <- RAW off=672 → p=0, off=633 | label=0 risk=0.93
INFO:root:CLEAN <- RAW off=673 → p=0, off=634 | label=0 risk=0.46
INFO:root:CLEAN <- RAW off=674 → p=0, off=635 | label=0 risk=0.46
INFO:root:CLEAN <- RAW off=675 → p=0, off=636 | label=0 risk=0.33
INFO:root:CLEAN <- RAW off=676 → p=0, off=637 | label=0 risk=0.81
INFO:root:CLEAN <- RAW off=677 → p=0, off=638 | label=0 risk=0.45
INFO:root:CLEAN <- RAW off=678 → p=0, off=639 | label=0 risk=0.47
INFO:root:CLEAN <- RAW off=679 → p=0, off=640 | label=0 risk=0.36
INFO:root:CLEAN <- RAW off=680 → p=0, off=641 | label=0 risk=0.74
INFO:root:CLEAN <- RAW off=681 → p=0, off=642 | label=0 risk=0.70
INFO:root:CLEAN <- RAW off=682 → p=0, off=643 | label=0 risk=0.71
INFO:root:CLEAN <- RAW off=683 → p=0, off=644 | label=0 risk=0.52
INFO:root:CLEAN <- RAW off=684 → p=0, off=645 | label=0 risk=0.37
INFO:root:CLEAN <- RAW off=685 → p=0, off=646 | label=0 risk=0.39
INFO:root:CLEAN <- RAW off=687 → p=0, off=647 | label=0 risk=0.79
INFO:root:CLEAN <- RAW off=688 → p=0, off=648 | label=0 risk=0.44
INFO:root:CLEAN <- RAW off=690 → p=0, off=649 | label=0 risk=0.39
INFO:root:CLEAN <- RAW off=691 → p=0, off=650 | label=0 risk=0.81
INFO:root:CLEAN <- RAW off=692 → p=0, off=651 | label=0 risk=0.41
INFO:root:CLEAN <- RAW off=693 → p=0, off=652 | label=0 risk=0.41
INFO:root:CLEAN <- RAW off=694 → p=0, off=653 | label=0 risk=0.36
INFO:root:CLEAN <- RAW off=695 → p=0, off=654 | label=0 risk=0.36
INFO:root:CLEAN <- RAW off=696 → p=0, off=655 | label=0 risk=0.46
INFO:root:CLEAN <- RAW off=697 → p=0, off=656 | label=0 risk=0.38
INFO:root:CLEAN <- RAW off=698 → p=0, off=657 | label=0 risk=0.72
INFO:root:CLEAN <- RAW off=699 → p=0, off=658 | label=0 risk=0.46
INFO:root:CLEAN <- RAW off=700 → p=0, off=659 | label=0 risk=0.89
INFO:root:CLEAN <- RAW off=701 → p=0, off=660 | label=0 risk=0.36
INFO:root:CLEAN <- RAW off=702 → p=0, off=661 | label=0 risk=0.36
INFO:root:CLEAN <- RAW off=703 → p=0, off=662 | label=0 risk=0.36
INFO:root:CLEAN <- RAW off=704 → p=0, off=663 | label=0 risk=0.36
INFO:root:CLEAN <- RAW off=705 → p=0, off=664 | label=0 risk=0.54
INFO:root:CLEAN <- RAW off=706 → p=0, off=665 | label=0 risk=0.36
INFO:root:CLEAN <- RAW off=708 → p=0, off=666 | label=0 risk=0.36
INFO:root:CLEAN <- RAW off=709 → p=0, off=667 | label=0 risk=0.36
INFO:root:CLEAN <- RAW off=710 → p=0, off=668 | label=0 risk=0.37
INFO:root:CLEAN <- RAW off=711 → p=0, off=669 | label=0 risk=0.36
INFO:root:CLEAN <- RAW off=713 → p=0, off=670 | label=0 risk=0.36
INFO:root:CLEAN <- RAW off=714 → p=0, off=671 | label=0 risk=0.90
INFO:root:CLEAN <- RAW off=715 → p=0, off=672 | label=0 risk=0.34
INFO:root:CLEAN <- RAW off=716 → p=0, off=673 | label=0 risk=0.46
INFO:root:CLEAN <- RAW off=717 → p=0, off=674 | label=0 risk=0.47
INFO:root:CLEAN <- RAW off=718 → p=0, off=675 | label=0 risk=0.41
INFO:root:CLEAN <- RAW off=719 → p=0, off=676 | label=0 risk=0.84
INFO:root:CLEAN <- RAW off=720 → p=0, off=677 | label=0 risk=0.89
INFO:root:CLEAN <- RAW off=722 → p=0, off=678 | label=0 risk=0.36
INFO:root:CLEAN <- RAW off=723 → p=0, off=679 | label=0 risk=0.34
INFO:root:CLEAN <- RAW off=724 → p=0, off=680 | label=0 risk=0.47
INFO:root:CLEAN <- RAW off=725 → p=0, off=681 | label=0 risk=0.36
INFO:root:CLEAN <- RAW off=726 → p=0, off=682 | label=0 risk=0.46
INFO:root:CLEAN <- RAW off=727 → p=0, off=683 | label=0 risk=0.28
INFO:root:CLEAN <- RAW off=728 → p=0, off=684 | label=0 risk=0.47
INFO:root:CLEAN <- RAW off=729 → p=0, off=685 | label=0 risk=0.79
INFO:root:CLEAN <- RAW off=730 → p=0, off=686 | label=0 risk=0.46
INFO:root:CLEAN <- RAW off=731 → p=0, off=687 | label=0 risk=0.37
INFO:root:CLEAN <- RAW off=732 → p=0, off=688 | label=0 risk=0.36
INFO:root:CLEAN <- RAW off=733 → p=0, off=689 | label=0 risk=0.83
INFO:root:CLEAN <- RAW off=734 → p=0, off=690 | label=0 risk=0.36
INFO:root:CLEAN <- RAW off=735 → p=0, off=691 | label=0 risk=0.70
INFO:root:CLEAN <- RAW off=736 → p=0, off=692 | label=0 risk=0.36
INFO:root:CLEAN <- RAW off=737 → p=0, off=693 | label=0 risk=0.39
INFO:root:CLEAN <- RAW off=738 → p=0, off=694 | label=0 risk=0.36
INFO:root:CLEAN <- RAW off=739 → p=0, off=695 | label=0 risk=0.36
INFO:root:CLEAN <- RAW off=740 → p=0, off=696 | label=0 risk=0.41
INFO:root:CLEAN <- RAW off=741 → p=0, off=697 | label=0 risk=0.36
INFO:root:CLEAN <- RAW off=742 → p=0, off=698 | label=0 risk=0.70
INFO:root:CLEAN <- RAW off=743 → p=0, off=699 | label=0 risk=0.40
INFO:root:CLEAN <- RAW off=744 → p=0, off=700 | label=0 risk=0.37
INFO:root:CLEAN <- RAW off=745 → p=0, off=701 | label=0 risk=0.41
INFO:root:CLEAN <- RAW off=746 → p=0, off=702 | label=0 risk=0.81
INFO:root:CLEAN <- RAW off=747 → p=0, off=703 | label=0 risk=0.95
INFO:root:CLEAN <- RAW off=748 → p=0, off=704 | label=0 risk=0.75
INFO:root:CLEAN <- RAW off=749 → p=0, off=705 | label=0 risk=0.44
INFO:root:CLEAN <- RAW off=750 → p=0, off=706 | label=0 risk=0.75
INFO:root:CLEAN <- RAW off=751 → p=0, off=707 | label=0 risk=0.39
INFO:root:CLEAN <- RAW off=752 → p=0, off=708 | label=0 risk=0.36
INFO:root:CLEAN <- RAW off=753 → p=0, off=709 | label=0 risk=0.99
INFO:root:CLEAN <- RAW off=754 → p=0, off=710 | label=0 risk=0.36
INFO:root:CLEAN <- RAW off=755 → p=0, off=711 | label=0 risk=0.41
INFO:root:CLEAN <- RAW off=756 → p=0, off=712 | label=0 risk=0.36
INFO:root:CLEAN <- RAW off=757 → p=0, off=713 | label=0 risk=0.90
INFO:root:CLEAN <- RAW off=759 → p=0, off=714 | label=0 risk=0.46
INFO:root:CLEAN <- RAW off=760 → p=0, off=715 | label=0 risk=0.39
INFO:root:CLEAN <- RAW off=761 → p=0, off=716 | label=0 risk=0.44
INFO:root:CLEAN <- RAW off=762 → p=0, off=717 | label=0 risk=0.80
INFO:root:CLEAN <- RAW off=763 → p=0, off=718 | label=0 risk=0.47
INFO:root:CLEAN <- RAW off=764 → p=0, off=719 | label=0 risk=0.28
INFO:root:CLEAN <- RAW off=765 → p=0, off=720 | label=0 risk=0.36
INFO:root:CLEAN <- RAW off=766 → p=0, off=721 | label=0 risk=0.41
INFO:root:CLEAN <- RAW off=767 → p=0, off=722 | label=0 risk=0.72
INFO:root:CLEAN <- RAW off=768 → p=0, off=723 | label=0 risk=0.77
INFO:root:CLEAN <- RAW off=769 → p=0, off=724 | label=0 risk=0.37
INFO:root:CLEAN <- RAW off=770 → p=0, off=725 | label=0 risk=0.84
INFO:root:CLEAN <- RAW off=771 → p=0, off=726 | label=0 risk=0.36
INFO:root:CLEAN <- RAW off=772 → p=0, off=727 | label=0 risk=0.42
INFO:root:CLEAN <- RAW off=773 → p=0, off=728 | label=0 risk=0.37
INFO:root:CLEAN <- RAW off=774 → p=0, off=729 | label=0 risk=0.77
INFO:root:CLEAN <- RAW off=775 → p=0, off=730 | label=0 risk=0.91
INFO:root:CLEAN <- RAW off=776 → p=0, off=731 | label=0 risk=0.46
INFO:root:CLEAN <- RAW off=777 → p=0, off=732 | label=0 risk=0.89
INFO:root:CLEAN <- RAW off=778 → p=0, off=733 | label=0 risk=0.36
INFO:root:CLEAN <- RAW off=779 → p=0, off=734 | label=0 risk=0.77
INFO:root:CLEAN <- RAW off=780 → p=0, off=735 | label=0 risk=0.36
INFO:root:CLEAN <- RAW off=782 → p=0, off=736 | label=0 risk=0.41
INFO:root:CLEAN <- RAW off=783 → p=0, off=737 | label=0 risk=0.28
INFO:root:CLEAN <- RAW off=784 → p=0, off=738 | label=0 risk=0.46
INFO:root:CLEAN <- RAW off=785 → p=0, off=739 | label=0 risk=0.36
INFO:root:CLEAN <- RAW off=786 → p=0, off=740 | label=0 risk=0.36
INFO:root:CLEAN <- RAW off=787 → p=0, off=741 | label=0 risk=0.36
INFO:root:CLEAN <- RAW off=788 → p=0, off=742 | label=0 risk=0.74
INFO:root:CLEAN <- RAW off=789 → p=0, off=743 | label=0 risk=0.36
INFO:root:CLEAN <- RAW off=790 → p=0, off=744 | label=0 risk=0.46
INFO:root:CLEAN <- RAW off=791 → p=0, off=745 | label=0 risk=0.36
INFO:root:CLEAN <- RAW off=793 → p=0, off=746 | label=0 risk=0.36
INFO:root:CLEAN <- RAW off=794 → p=0, off=747 | label=0 risk=0.46
INFO:root:CLEAN <- RAW off=795 → p=0, off=748 | label=0 risk=0.74
INFO:root:CLEAN <- RAW off=796 → p=0, off=749 | label=0 risk=0.89
INFO:root:CLEAN <- RAW off=797 → p=0, off=750 | label=0 risk=0.73
INFO:root:CLEAN <- RAW off=798 → p=0, off=751 | label=0 risk=0.46
INFO:root:CLEAN <- RAW off=799 → p=0, off=752 | label=0 risk=0.42
INFO:root:CLEAN <- RAW off=800 → p=0, off=753 | label=0 risk=0.53
INFO:root:CLEAN <- RAW off=801 → p=0, off=754 | label=0 risk=0.41
INFO:root:CLEAN <- RAW off=802 → p=0, off=755 | label=0 risk=0.36
INFO:root:CLEAN <- RAW off=803 → p=0, off=756 | label=0 risk=0.46
INFO:root:CLEAN <- RAW off=804 → p=0, off=757 | label=0 risk=0.46
INFO:root:CLEAN <- RAW off=805 → p=0, off=758 | label=0 risk=0.36
INFO:root:CLEAN <- RAW off=806 → p=0, off=759 | label=0 risk=0.35
INFO:root:CLEAN <- RAW off=807 → p=0, off=760 | label=0 risk=0.45
INFO:root:CLEAN <- RAW off=808 → p=0, off=761 | label=0 risk=0.41
INFO:root:CLEAN <- RAW off=809 → p=0, off=762 | label=0 risk=0.36
INFO:root:CLEAN <- RAW off=810 → p=0, off=763 | label=0 risk=0.36
INFO:root:CLEAN <- RAW off=811 → p=0, off=764 | label=0 risk=0.34
INFO:root:CLEAN <- RAW off=812 → p=0, off=765 | label=0 risk=0.79
INFO:root:CLEAN <- RAW off=813 → p=0, off=766 | label=0 risk=0.48
INFO:root:CLEAN <- RAW off=814 → p=0, off=767 | label=0 risk=0.40
INFO:root:CLEAN <- RAW off=815 → p=0, off=768 | label=0 risk=0.41
INFO:root:CLEAN <- RAW off=816 → p=0, off=769 | label=0 risk=0.74
INFO:root:CLEAN <- RAW off=817 → p=0, off=770 | label=0 risk=0.36
INFO:root:CLEAN <- RAW off=818 → p=0, off=771 | label=0 risk=0.36
INFO:root:CLEAN <- RAW off=819 → p=0, off=772 | label=0 risk=0.51
INFO:root:CLEAN <- RAW off=820 → p=0, off=773 | label=0 risk=0.46
INFO:root:CLEAN <- RAW off=821 → p=0, off=774 | label=0 risk=0.82
INFO:root:CLEAN <- RAW off=822 → p=0, off=775 | label=0 risk=0.36
INFO:root:CLEAN <- RAW off=823 → p=0, off=776 | label=0 risk=0.47
INFO:root:CLEAN <- RAW off=824 → p=0, off=777 | label=0 risk=0.41
INFO:root:CLEAN <- RAW off=825 → p=0, off=778 | label=0 risk=0.47
INFO:root:CLEAN <- RAW off=827 → p=0, off=779 | label=0 risk=0.92
INFO:root:CLEAN <- RAW off=828 → p=0, off=780 | label=0 risk=0.74
INFO:root:CLEAN <- RAW off=829 → p=0, off=781 | label=0 risk=0.36
INFO:root:CLEAN <- RAW off=830 → p=0, off=782 | label=0 risk=0.88
INFO:root:CLEAN <- RAW off=831 → p=0, off=783 | label=0 risk=0.41
INFO:root:CLEAN <- RAW off=832 → p=0, off=784 | label=0 risk=0.74
INFO:root:CLEAN <- RAW off=833 → p=0, off=785 | label=0 risk=0.36
INFO:root:CLEAN <- RAW off=834 → p=0, off=786 | label=0 risk=0.36
INFO:root:CLEAN <- RAW off=835 → p=0, off=787 | label=0 risk=0.39
INFO:root:CLEAN <- RAW off=836 → p=0, off=788 | label=0 risk=0.53
INFO:root:CLEAN <- RAW off=837 → p=0, off=789 | label=0 risk=0.36
INFO:root:CLEAN <- RAW off=838 → p=0, off=790 | label=0 risk=0.40
INFO:root:CLEAN <- RAW off=839 → p=0, off=791 | label=0 risk=0.36
INFO:root:CLEAN <- RAW off=840 → p=0, off=792 | label=0 risk=0.41
INFO:root:CLEAN <- RAW off=841 → p=0, off=793 | label=0 risk=0.91
INFO:root:CLEAN <- RAW off=842 → p=0, off=794 | label=0 risk=0.46
INFO:root:CLEAN <- RAW off=843 → p=0, off=795 | label=0 risk=0.46
INFO:root:CLEAN <- RAW off=844 → p=0, off=796 | label=0 risk=0.46
INFO:root:CLEAN <- RAW off=845 → p=0, off=797 | label=0 risk=0.36
INFO:root:CLEAN <- RAW off=846 → p=0, off=798 | label=0 risk=0.40
INFO:root:CLEAN <- RAW off=847 → p=0, off=799 | label=0 risk=0.75
INFO:root:Heartbeat: processed=800
INFO:root:CLEAN <- RAW off=848 → p=0, off=800 | label=0 risk=0.41
INFO:root:CLEAN <- RAW off=849 → p=0, off=801 | label=0 risk=0.36
INFO:root:CLEAN <- RAW off=850 → p=0, off=802 | label=0 risk=0.33
INFO:root:CLEAN <- RAW off=851 → p=0, off=803 | label=0 risk=0.36
INFO:root:CLEAN <- RAW off=853 → p=0, off=804 | label=0 risk=0.45
INFO:root:CLEAN <- RAW off=854 → p=0, off=805 | label=0 risk=0.79
INFO:root:CLEAN <- RAW off=855 → p=0, off=806 | label=0 risk=0.51
INFO:root:CLEAN <- RAW off=856 → p=0, off=807 | label=0 risk=0.80
INFO:root:CLEAN <- RAW off=857 → p=0, off=808 | label=0 risk=0.77
INFO:root:CLEAN <- RAW off=858 → p=0, off=809 | label=0 risk=0.28
INFO:root:CLEAN <- RAW off=859 → p=0, off=810 | label=0 risk=0.46
INFO:root:CLEAN <- RAW off=860 → p=0, off=811 | label=0 risk=0.36
INFO:root:CLEAN <- RAW off=861 → p=0, off=812 | label=0 risk=0.40
INFO:root:CLEAN <- RAW off=862 → p=0, off=813 | label=0 risk=0.72
INFO:root:CLEAN <- RAW off=863 → p=0, off=814 | label=0 risk=0.41
INFO:root:CLEAN <- RAW off=864 → p=0, off=815 | label=0 risk=0.36
INFO:root:CLEAN <- RAW off=865 → p=0, off=816 | label=0 risk=0.72
INFO:root:CLEAN <- RAW off=866 → p=0, off=817 | label=0 risk=0.97
INFO:root:CLEAN <- RAW off=867 → p=0, off=818 | label=0 risk=0.29
INFO:root:CLEAN <- RAW off=868 → p=0, off=819 | label=0 risk=0.87
INFO:root:CLEAN <- RAW off=869 → p=0, off=820 | label=0 risk=0.36
INFO:root:CLEAN <- RAW off=870 → p=0, off=821 | label=0 risk=0.36
INFO:root:CLEAN <- RAW off=871 → p=0, off=822 | label=0 risk=0.36
INFO:root:CLEAN <- RAW off=872 → p=0, off=823 | label=0 risk=0.36
INFO:root:CLEAN <- RAW off=873 → p=0, off=824 | label=0 risk=0.75
INFO:root:CLEAN <- RAW off=874 → p=0, off=825 | label=0 risk=0.41
INFO:root:CLEAN <- RAW off=875 → p=0, off=826 | label=0 risk=0.36
INFO:root:CLEAN <- RAW off=876 → p=0, off=827 | label=0 risk=0.37
INFO:root:CLEAN <- RAW off=877 → p=0, off=828 | label=0 risk=0.87
INFO:root:CLEAN <- RAW off=878 → p=0, off=829 | label=0 risk=0.95
INFO:root:CLEAN <- RAW off=879 → p=0, off=830 | label=0 risk=0.36
INFO:root:CLEAN <- RAW off=880 → p=0, off=831 | label=0 risk=0.75
INFO:root:CLEAN <- RAW off=881 → p=0, off=832 | label=0 risk=0.34
INFO:root:CLEAN <- RAW off=882 → p=0, off=833 | label=0 risk=0.41
INFO:root:CLEAN <- RAW off=883 → p=0, off=834 | label=0 risk=0.41
INFO:root:CLEAN <- RAW off=884 → p=0, off=835 | label=0 risk=0.78
INFO:root:CLEAN <- RAW off=885 → p=0, off=836 | label=0 risk=0.36
INFO:root:CLEAN <- RAW off=886 → p=0, off=837 | label=0 risk=0.86
INFO:root:CLEAN <- RAW off=887 → p=0, off=838 | label=0 risk=0.36
INFO:root:CLEAN <- RAW off=888 → p=0, off=839 | label=0 risk=0.52
INFO:root:CLEAN <- RAW off=890 → p=0, off=840 | label=0 risk=0.58
INFO:root:CLEAN <- RAW off=892 → p=0, off=841 | label=0 risk=0.36
INFO:root:CLEAN <- RAW off=893 → p=0, off=842 | label=0 risk=0.36
INFO:root:CLEAN <- RAW off=895 → p=0, off=843 | label=0 risk=0.88
INFO:root:CLEAN <- RAW off=896 → p=0, off=844 | label=0 risk=0.86
INFO:root:CLEAN <- RAW off=897 → p=0, off=845 | label=0 risk=0.81
INFO:root:CLEAN <- RAW off=898 → p=0, off=846 | label=0 risk=0.36
INFO:root:CLEAN <- RAW off=899 → p=0, off=847 | label=0 risk=0.80
INFO:root:CLEAN <- RAW off=900 → p=0, off=848 | label=0 risk=0.95
INFO:root:CLEAN <- RAW off=901 → p=0, off=849 | label=0 risk=0.46
INFO:root:CLEAN <- RAW off=902 → p=0, off=850 | label=0 risk=0.36
INFO:root:CLEAN <- RAW off=903 → p=0, off=851 | label=0 risk=0.41
INFO:root:CLEAN <- RAW off=904 → p=0, off=852 | label=0 risk=0.80
INFO:root:CLEAN <- RAW off=905 → p=0, off=853 | label=0 risk=0.41
INFO:root:CLEAN <- RAW off=906 → p=0, off=854 | label=0 risk=0.78
INFO:root:CLEAN <- RAW off=907 → p=0, off=855 | label=0 risk=0.75
INFO:root:CLEAN <- RAW off=908 → p=0, off=856 | label=0 risk=0.37
INFO:root:CLEAN <- RAW off=909 → p=0, off=857 | label=0 risk=0.36
INFO:root:CLEAN <- RAW off=910 → p=0, off=858 | label=0 risk=0.46
INFO:root:CLEAN <- RAW off=911 → p=0, off=859 | label=0 risk=0.41
INFO:root:CLEAN <- RAW off=912 → p=0, off=860 | label=0 risk=0.36
INFO:root:CLEAN <- RAW off=913 → p=0, off=861 | label=0 risk=0.49
INFO:root:CLEAN <- RAW off=915 → p=0, off=862 | label=0 risk=0.46
INFO:root:CLEAN <- RAW off=916 → p=0, off=863 | label=0 risk=0.36
INFO:root:CLEAN <- RAW off=917 → p=0, off=864 | label=0 risk=0.36
INFO:root:CLEAN <- RAW off=918 → p=0, off=865 | label=0 risk=0.47
INFO:root:CLEAN <- RAW off=919 → p=0, off=866 | label=0 risk=0.41
INFO:root:CLEAN <- RAW off=920 → p=0, off=867 | label=0 risk=0.46
INFO:root:CLEAN <- RAW off=921 → p=0, off=868 | label=0 risk=0.51
INFO:root:CLEAN <- RAW off=922 → p=0, off=869 | label=0 risk=0.38
INFO:root:CLEAN <- RAW off=923 → p=0, off=870 | label=0 risk=0.36
INFO:root:CLEAN <- RAW off=924 → p=0, off=871 | label=0 risk=0.87
INFO:root:CLEAN <- RAW off=925 → p=0, off=872 | label=0 risk=0.36
INFO:root:CLEAN <- RAW off=926 → p=0, off=873 | label=0 risk=0.41
INFO:root:CLEAN <- RAW off=927 → p=0, off=874 | label=1 risk=0.65
INFO:root:CLEAN <- RAW off=928 → p=0, off=875 | label=0 risk=0.76
INFO:root:CLEAN <- RAW off=929 → p=0, off=876 | label=0 risk=0.36
INFO:root:CLEAN <- RAW off=931 → p=0, off=877 | label=0 risk=0.78
INFO:root:CLEAN <- RAW off=932 → p=0, off=878 | label=0 risk=0.92
INFO:root:CLEAN <- RAW off=933 → p=0, off=879 | label=0 risk=0.87
INFO:root:CLEAN <- RAW off=934 → p=0, off=880 | label=0 risk=0.37
INFO:root:CLEAN <- RAW off=935 → p=0, off=881 | label=0 risk=0.46
INFO:root:CLEAN <- RAW off=936 → p=0, off=882 | label=0 risk=0.78
INFO:root:CLEAN <- RAW off=937 → p=0, off=883 | label=0 risk=0.46
INFO:root:CLEAN <- RAW off=938 → p=0, off=884 | label=0 risk=0.36
INFO:root:CLEAN <- RAW off=939 → p=0, off=885 | label=0 risk=0.81
INFO:root:CLEAN <- RAW off=940 → p=0, off=886 | label=0 risk=0.72
INFO:root:CLEAN <- RAW off=941 → p=0, off=887 | label=0 risk=0.36
INFO:root:CLEAN <- RAW off=942 → p=0, off=888 | label=0 risk=0.36
INFO:root:CLEAN <- RAW off=943 → p=0, off=889 | label=0 risk=0.36
INFO:root:CLEAN <- RAW off=944 → p=0, off=890 | label=0 risk=0.42
INFO:root:CLEAN <- RAW off=945 → p=0, off=891 | label=0 risk=0.43
INFO:root:CLEAN <- RAW off=946 → p=0, off=892 | label=0 risk=0.37
INFO:root:CLEAN <- RAW off=947 → p=0, off=893 | label=0 risk=0.37
INFO:root:CLEAN <- RAW off=948 → p=0, off=894 | label=0 risk=0.36
INFO:root:CLEAN <- RAW off=949 → p=0, off=895 | label=0 risk=0.79
INFO:root:CLEAN <- RAW off=950 → p=0, off=896 | label=0 risk=0.74
INFO:root:CLEAN <- RAW off=951 → p=0, off=897 | label=0 risk=0.41
INFO:root:CLEAN <- RAW off=952 → p=0, off=898 | label=0 risk=0.46
INFO:root:CLEAN <- RAW off=953 → p=0, off=899 | label=0 risk=0.36
INFO:root:CLEAN <- RAW off=954 → p=0, off=900 | label=0 risk=0.57
INFO:root:CLEAN <- RAW off=955 → p=0, off=901 | label=0 risk=0.88
INFO:root:CLEAN <- RAW off=956 → p=0, off=902 | label=0 risk=0.74
INFO:root:CLEAN <- RAW off=957 → p=0, off=903 | label=0 risk=0.74
INFO:root:CLEAN <- RAW off=958 → p=0, off=904 | label=0 risk=0.36
INFO:root:CLEAN <- RAW off=959 → p=0, off=905 | label=0 risk=0.37
INFO:root:CLEAN <- RAW off=960 → p=0, off=906 | label=0 risk=0.36
INFO:root:CLEAN <- RAW off=961 → p=0, off=907 | label=0 risk=0.91
INFO:root:CLEAN <- RAW off=962 → p=0, off=908 | label=0 risk=0.36
INFO:root:CLEAN <- RAW off=963 → p=0, off=909 | label=0 risk=0.81
INFO:root:CLEAN <- RAW off=964 → p=0, off=910 | label=0 risk=0.36
INFO:root:CLEAN <- RAW off=965 → p=0, off=911 | label=0 risk=0.36
INFO:root:CLEAN <- RAW off=966 → p=0, off=912 | label=0 risk=0.33
INFO:root:CLEAN <- RAW off=967 → p=0, off=913 | label=0 risk=0.36
INFO:root:CLEAN <- RAW off=968 → p=0, off=914 | label=0 risk=0.46
INFO:root:CLEAN <- RAW off=969 → p=0, off=915 | label=0 risk=0.46
INFO:root:CLEAN <- RAW off=970 → p=0, off=916 | label=0 risk=0.41
INFO:root:CLEAN <- RAW off=971 → p=0, off=917 | label=0 risk=0.36
INFO:root:CLEAN <- RAW off=972 → p=0, off=918 | label=0 risk=0.36
INFO:root:CLEAN <- RAW off=973 → p=0, off=919 | label=0 risk=0.28
INFO:root:CLEAN <- RAW off=974 → p=0, off=920 | label=0 risk=0.29
INFO:root:CLEAN <- RAW off=975 → p=0, off=921 | label=0 risk=0.74
INFO:root:CLEAN <- RAW off=976 → p=0, off=922 | label=0 risk=0.46
INFO:root:CLEAN <- RAW off=977 → p=0, off=923 | label=0 risk=0.79
INFO:root:CLEAN <- RAW off=978 → p=0, off=924 | label=0 risk=0.37
INFO:root:CLEAN <- RAW off=979 → p=0, off=925 | label=0 risk=0.36
INFO:root:CLEAN <- RAW off=980 → p=0, off=926 | label=0 risk=0.47
INFO:root:CLEAN <- RAW off=981 → p=0, off=927 | label=0 risk=0.47
INFO:root:CLEAN <- RAW off=982 → p=0, off=928 | label=0 risk=0.36
INFO:root:CLEAN <- RAW off=983 → p=0, off=929 | label=0 risk=0.41
INFO:root:CLEAN <- RAW off=984 → p=0, off=930 | label=0 risk=0.36
INFO:root:CLEAN <- RAW off=985 → p=0, off=931 | label=0 risk=0.37
INFO:root:CLEAN <- RAW off=986 → p=0, off=932 | label=0 risk=0.34
INFO:root:CLEAN <- RAW off=987 → p=0, off=933 | label=0 risk=0.83
INFO:root:CLEAN <- RAW off=988 → p=0, off=934 | label=0 risk=0.41
INFO:root:CLEAN <- RAW off=989 → p=0, off=935 | label=0 risk=0.77
INFO:root:CLEAN <- RAW off=990 → p=0, off=936 | label=0 risk=0.47
INFO:root:CLEAN <- RAW off=991 → p=0, off=937 | label=0 risk=0.74
INFO:root:CLEAN <- RAW off=992 → p=0, off=938 | label=0 risk=0.36
INFO:root:CLEAN <- RAW off=993 → p=0, off=939 | label=0 risk=0.89
INFO:root:CLEAN <- RAW off=994 → p=0, off=940 | label=0 risk=0.36
INFO:root:CLEAN <- RAW off=995 → p=0, off=941 | label=0 risk=0.74
INFO:root:CLEAN <- RAW off=996 → p=0, off=942 | label=0 risk=0.36
INFO:root:CLEAN <- RAW off=997 → p=0, off=943 | label=0 risk=0.36
INFO:root:CLEAN <- RAW off=998 → p=0, off=944 | label=0 risk=0.28
INFO:root:CLEAN <- RAW off=999 → p=0, off=945 | label=0 risk=0.41
INFO:root:CLEAN <- RAW off=1000 → p=0, off=946 | label=0 risk=0.33
INFO:root:CLEAN <- RAW off=1001 → p=0, off=947 | label=0 risk=0.43
INFO:root:CLEAN <- RAW off=1002 → p=0, off=948 | label=0 risk=0.83
INFO:root:CLEAN <- RAW off=1003 → p=0, off=949 | label=0 risk=0.34
INFO:root:CLEAN <- RAW off=1004 → p=0, off=950 | label=0 risk=0.34
INFO:root:CLEAN <- RAW off=1005 → p=0, off=951 | label=0 risk=0.36
INFO:root:CLEAN <- RAW off=1006 → p=0, off=952 | label=0 risk=0.88
INFO:root:CLEAN <- RAW off=1007 → p=0, off=953 | label=0 risk=0.36
INFO:root:CLEAN <- RAW off=1008 → p=0, off=954 | label=0 risk=0.29
INFO:root:CLEAN <- RAW off=1009 → p=0, off=955 | label=0 risk=0.34
INFO:root:CLEAN <- RAW off=1010 → p=0, off=956 | label=0 risk=0.36
INFO:root:CLEAN <- RAW off=1011 → p=0, off=957 | label=0 risk=0.36
INFO:root:CLEAN <- RAW off=1012 → p=0, off=958 | label=0 risk=0.47
INFO:root:CLEAN <- RAW off=1013 → p=0, off=959 | label=0 risk=0.36
INFO:root:CLEAN <- RAW off=1014 → p=0, off=960 | label=0 risk=0.36
INFO:root:CLEAN <- RAW off=1015 → p=0, off=961 | label=0 risk=0.28
INFO:root:CLEAN <- RAW off=1016 → p=0, off=962 | label=0 risk=0.41
INFO:root:CLEAN <- RAW off=1017 → p=0, off=963 | label=0 risk=0.47
INFO:root:CLEAN <- RAW off=1018 → p=0, off=964 | label=0 risk=0.36
INFO:root:CLEAN <- RAW off=1020 → p=0, off=965 | label=0 risk=0.52
INFO:root:CLEAN <- RAW off=1021 → p=0, off=966 | label=0 risk=0.77
INFO:root:CLEAN <- RAW off=1023 → p=0, off=967 | label=0 risk=0.49
INFO:root:CLEAN <- RAW off=1024 → p=0, off=968 | label=0 risk=0.47
INFO:root:CLEAN <- RAW off=1025 → p=0, off=969 | label=0 risk=0.89
INFO:root:CLEAN <- RAW off=1026 → p=0, off=970 | label=0 risk=0.37
INFO:root:CLEAN <- RAW off=1027 → p=0, off=971 | label=0 risk=0.46
INFO:root:CLEAN <- RAW off=1028 → p=0, off=972 | label=0 risk=0.46
INFO:root:CLEAN <- RAW off=1029 → p=0, off=973 | label=0 risk=0.79
INFO:root:CLEAN <- RAW off=1030 → p=0, off=974 | label=0 risk=0.36
INFO:root:CLEAN <- RAW off=1031 → p=0, off=975 | label=0 risk=0.49
INFO:root:CLEAN <- RAW off=1032 → p=0, off=976 | label=0 risk=0.36
INFO:root:CLEAN <- RAW off=1033 → p=0, off=977 | label=0 risk=0.36
INFO:root:CLEAN <- RAW off=1034 → p=0, off=978 | label=0 risk=0.36
INFO:root:CLEAN <- RAW off=1035 → p=0, off=979 | label=0 risk=0.36
INFO:root:CLEAN <- RAW off=1036 → p=0, off=980 | label=0 risk=0.78
INFO:root:CLEAN <- RAW off=1037 → p=0, off=981 | label=0 risk=0.37
INFO:root:CLEAN <- RAW off=1038 → p=0, off=982 | label=0 risk=0.36
INFO:root:CLEAN <- RAW off=1039 → p=0, off=983 | label=0 risk=0.37
INFO:root:CLEAN <- RAW off=1040 → p=0, off=984 | label=0 risk=0.40
INFO:root:CLEAN <- RAW off=1041 → p=0, off=985 | label=0 risk=0.36
INFO:root:CLEAN <- RAW off=1042 → p=0, off=986 | label=0 risk=0.46
INFO:root:CLEAN <- RAW off=1043 → p=0, off=987 | label=0 risk=0.40
INFO:root:CLEAN <- RAW off=1044 → p=0, off=988 | label=0 risk=0.29
INFO:root:CLEAN <- RAW off=1045 → p=0, off=989 | label=0 risk=0.46
INFO:root:CLEAN <- RAW off=1046 → p=0, off=990 | label=0 risk=0.41
INFO:root:CLEAN <- RAW off=1047 → p=0, off=991 | label=0 risk=0.36
INFO:root:CLEAN <- RAW off=1048 → p=0, off=992 | label=0 risk=0.41
INFO:root:CLEAN <- RAW off=1049 → p=0, off=993 | label=0 risk=0.73
INFO:root:CLEAN <- RAW off=1050 → p=0, off=994 | label=0 risk=0.41
INFO:root:CLEAN <- RAW off=1051 → p=0, off=995 | label=0 risk=0.38
INFO:root:CLEAN <- RAW off=1052 → p=0, off=996 | label=0 risk=0.36
INFO:root:CLEAN <- RAW off=1053 → p=0, off=997 | label=0 risk=0.36
INFO:root:CLEAN <- RAW off=1054 → p=0, off=998 | label=0 risk=0.45
INFO:root:CLEAN <- RAW off=1055 → p=0, off=999 | label=0 risk=0.36
INFO:root:Heartbeat: processed=1000
INFO:root:CLEAN <- RAW off=1056 → p=0, off=1000 | label=0 risk=0.42
INFO:root:CLEAN <- RAW off=1057 → p=0, off=1001 | label=0 risk=0.37
INFO:root:CLEAN <- RAW off=1058 → p=0, off=1002 | label=0 risk=0.57
INFO:root:CLEAN <- RAW off=1059 → p=0, off=1003 | label=0 risk=0.94
INFO:root:CLEAN <- RAW off=1060 → p=0, off=1004 | label=0 risk=0.47
INFO:root:CLEAN <- RAW off=1061 → p=0, off=1005 | label=0 risk=0.36
INFO:root:CLEAN <- RAW off=1062 → p=0, off=1006 | label=0 risk=0.91
INFO:root:CLEAN <- RAW off=1063 → p=0, off=1007 | label=0 risk=0.35
INFO:root:CLEAN <- RAW off=1064 → p=0, off=1008 | label=0 risk=0.46
INFO:root:CLEAN <- RAW off=1065 → p=0, off=1009 | label=0 risk=0.41
INFO:root:CLEAN <- RAW off=1066 → p=0, off=1010 | label=0 risk=0.46
INFO:root:CLEAN <- RAW off=1067 → p=0, off=1011 | label=0 risk=0.91
INFO:root:CLEAN <- RAW off=1068 → p=0, off=1012 | label=0 risk=0.47
INFO:root:CLEAN <- RAW off=1070 → p=0, off=1013 | label=0 risk=0.36
INFO:root:CLEAN <- RAW off=1071 → p=0, off=1014 | label=0 risk=0.46
INFO:root:CLEAN <- RAW off=1072 → p=0, off=1015 | label=0 risk=0.85
INFO:root:CLEAN <- RAW off=1073 → p=0, off=1016 | label=0 risk=0.49
INFO:root:CLEAN <- RAW off=1074 → p=0, off=1017 | label=0 risk=0.47
INFO:root:CLEAN <- RAW off=1075 → p=0, off=1018 | label=0 risk=0.36
INFO:root:CLEAN <- RAW off=1076 → p=0, off=1019 | label=0 risk=0.36
INFO:root:CLEAN <- RAW off=1077 → p=0, off=1020 | label=0 risk=0.41
INFO:root:CLEAN <- RAW off=1078 → p=0, off=1021 | label=0 risk=0.44
INFO:root:CLEAN <- RAW off=1079 → p=0, off=1022 | label=0 risk=0.41
INFO:root:CLEAN <- RAW off=1080 → p=0, off=1023 | label=0 risk=0.38
INFO:root:CLEAN <- RAW off=1081 → p=0, off=1024 | label=0 risk=0.46
INFO:root:CLEAN <- RAW off=1082 → p=0, off=1025 | label=0 risk=0.34
INFO:root:CLEAN <- RAW off=1083 → p=0, off=1026 | label=0 risk=0.81
INFO:root:CLEAN <- RAW off=1084 → p=0, off=1027 | label=0 risk=0.78
INFO:root:CLEAN <- RAW off=1085 → p=0, off=1028 | label=0 risk=0.42
INFO:root:CLEAN <- RAW off=1086 → p=0, off=1029 | label=0 risk=0.40
INFO:root:CLEAN <- RAW off=1087 → p=0, off=1030 | label=0 risk=0.36
INFO:root:CLEAN <- RAW off=1088 → p=0, off=1031 | label=0 risk=0.36
INFO:root:CLEAN <- RAW off=1089 → p=0, off=1032 | label=0 risk=0.46
INFO:root:CLEAN <- RAW off=1090 → p=0, off=1033 | label=0 risk=0.36
INFO:root:CLEAN <- RAW off=1091 → p=0, off=1034 | label=0 risk=0.47
INFO:root:CLEAN <- RAW off=1092 → p=0, off=1035 | label=0 risk=0.46
INFO:root:CLEAN <- RAW off=1093 → p=0, off=1036 | label=0 risk=0.36
INFO:root:CLEAN <- RAW off=1094 → p=0, off=1037 | label=0 risk=0.91
INFO:root:CLEAN <- RAW off=1095 → p=0, off=1038 | label=0 risk=0.36
INFO:root:CLEAN <- RAW off=1096 → p=0, off=1039 | label=0 risk=0.46
INFO:root:CLEAN <- RAW off=1097 → p=0, off=1040 | label=0 risk=0.79
INFO:root:CLEAN <- RAW off=1098 → p=0, off=1041 | label=0 risk=0.36
INFO:root:CLEAN <- RAW off=1099 → p=0, off=1042 | label=0 risk=0.46
INFO:root:CLEAN <- RAW off=1100 → p=0, off=1043 | label=0 risk=0.36
INFO:root:CLEAN <- RAW off=1101 → p=0, off=1044 | label=0 risk=0.30
INFO:root:CLEAN <- RAW off=1102 → p=0, off=1045 | label=0 risk=0.36
INFO:root:CLEAN <- RAW off=1103 → p=0, off=1046 | label=0 risk=0.46
INFO:root:CLEAN <- RAW off=1104 → p=0, off=1047 | label=0 risk=0.46
INFO:root:CLEAN <- RAW off=1105 → p=0, off=1048 | label=0 risk=0.36
INFO:root:CLEAN <- RAW off=1106 → p=0, off=1049 | label=0 risk=0.37
INFO:root:CLEAN <- RAW off=1107 → p=0, off=1050 | label=0 risk=0.36
INFO:root:CLEAN <- RAW off=1108 → p=0, off=1051 | label=0 risk=0.91
INFO:root:CLEAN <- RAW off=1109 → p=0, off=1052 | label=0 risk=0.46
INFO:root:CLEAN <- RAW off=1110 → p=0, off=1053 | label=0 risk=0.36
INFO:root:CLEAN <- RAW off=1112 → p=0, off=1054 | label=0 risk=0.36
INFO:root:CLEAN <- RAW off=1113 → p=0, off=1055 | label=0 risk=0.41
INFO:root:CLEAN <- RAW off=1114 → p=0, off=1056 | label=0 risk=0.36
INFO:root:CLEAN <- RAW off=1115 → p=0, off=1057 | label=0 risk=0.33
INFO:root:CLEAN <- RAW off=1116 → p=0, off=1058 | label=0 risk=0.74
INFO:root:CLEAN <- RAW off=1117 → p=0, off=1059 | label=0 risk=0.37
INFO:root:CLEAN <- RAW off=1118 → p=0, off=1060 | label=0 risk=0.42
INFO:root:CLEAN <- RAW off=1119 → p=0, off=1061 | label=0 risk=0.45
INFO:root:CLEAN <- RAW off=1120 → p=0, off=1062 | label=0 risk=0.36
INFO:root:CLEAN <- RAW off=1121 → p=0, off=1063 | label=0 risk=0.77
INFO:root:CLEAN <- RAW off=1122 → p=0, off=1064 | label=0 risk=0.47
INFO:root:CLEAN <- RAW off=1123 → p=0, off=1065 | label=0 risk=0.36
INFO:root:CLEAN <- RAW off=1124 → p=0, off=1066 | label=0 risk=0.50
INFO:root:CLEAN <- RAW off=1125 → p=0, off=1067 | label=0 risk=0.50
INFO:root:CLEAN <- RAW off=1126 → p=0, off=1068 | label=0 risk=0.37
INFO:root:CLEAN <- RAW off=1127 → p=0, off=1069 | label=0 risk=0.46
INFO:root:CLEAN <- RAW off=1128 → p=0, off=1070 | label=0 risk=0.79
INFO:root:CLEAN <- RAW off=1129 → p=0, off=1071 | label=0 risk=0.36
INFO:root:CLEAN <- RAW off=1130 → p=0, off=1072 | label=0 risk=0.36
INFO:root:CLEAN <- RAW off=1131 → p=0, off=1073 | label=0 risk=0.83
INFO:root:CLEAN <- RAW off=1132 → p=0, off=1074 | label=0 risk=0.37
INFO:root:CLEAN <- RAW off=1133 → p=0, off=1075 | label=0 risk=0.46
INFO:root:CLEAN <- RAW off=1134 → p=0, off=1076 | label=0 risk=0.36
INFO:root:CLEAN <- RAW off=1135 → p=0, off=1077 | label=0 risk=0.53
INFO:root:CLEAN <- RAW off=1136 → p=0, off=1078 | label=0 risk=0.41
INFO:root:CLEAN <- RAW off=1137 → p=0, off=1079 | label=0 risk=0.46
INFO:root:CLEAN <- RAW off=1138 → p=0, off=1080 | label=0 risk=0.81
INFO:root:CLEAN <- RAW off=1139 → p=0, off=1081 | label=0 risk=0.76
INFO:root:CLEAN <- RAW off=1140 → p=0, off=1082 | label=0 risk=0.36
INFO:root:CLEAN <- RAW off=1141 → p=0, off=1083 | label=0 risk=0.81
INFO:root:CLEAN <- RAW off=1142 → p=0, off=1084 | label=0 risk=0.47
INFO:root:CLEAN <- RAW off=1143 → p=0, off=1085 | label=0 risk=0.90
INFO:root:CLEAN <- RAW off=1144 → p=0, off=1086 | label=0 risk=0.36
INFO:root:CLEAN <- RAW off=1145 → p=0, off=1087 | label=0 risk=0.90
INFO:root:CLEAN <- RAW off=1147 → p=0, off=1088 | label=0 risk=0.46
INFO:root:CLEAN <- RAW off=1148 → p=0, off=1089 | label=0 risk=0.36
INFO:root:CLEAN <- RAW off=1149 → p=0, off=1090 | label=0 risk=0.75
INFO:root:CLEAN <- RAW off=1150 → p=0, off=1091 | label=0 risk=0.79
INFO:root:CLEAN <- RAW off=1151 → p=0, off=1092 | label=0 risk=0.46
INFO:root:CLEAN <- RAW off=1152 → p=0, off=1093 | label=0 risk=0.40
INFO:root:CLEAN <- RAW off=1153 → p=0, off=1094 | label=0 risk=0.46
INFO:root:CLEAN <- RAW off=1154 → p=0, off=1095 | label=0 risk=0.45
INFO:root:CLEAN <- RAW off=1155 → p=0, off=1096 | label=0 risk=0.36
INFO:root:CLEAN <- RAW off=1156 → p=0, off=1097 | label=0 risk=0.47
INFO:root:CLEAN <- RAW off=1157 → p=0, off=1098 | label=0 risk=0.41
INFO:root:CLEAN <- RAW off=1158 → p=0, off=1099 | label=0 risk=0.46
INFO:root:CLEAN <- RAW off=1159 → p=0, off=1100 | label=0 risk=0.36
INFO:root:CLEAN <- RAW off=1160 → p=0, off=1101 | label=0 risk=0.34
INFO:root:CLEAN <- RAW off=1162 → p=0, off=1102 | label=0 risk=0.37
INFO:root:CLEAN <- RAW off=1163 → p=0, off=1103 | label=0 risk=0.86
INFO:root:CLEAN <- RAW off=1164 → p=0, off=1104 | label=0 risk=0.41
INFO:root:CLEAN <- RAW off=1165 → p=0, off=1105 | label=0 risk=0.88
INFO:root:CLEAN <- RAW off=1166 → p=0, off=1106 | label=0 risk=0.36
INFO:root:CLEAN <- RAW off=1167 → p=0, off=1107 | label=0 risk=0.36
INFO:root:CLEAN <- RAW off=1168 → p=0, off=1108 | label=0 risk=0.36
INFO:root:CLEAN <- RAW off=1169 → p=0, off=1109 | label=0 risk=0.47
INFO:root:CLEAN <- RAW off=1170 → p=0, off=1110 | label=0 risk=0.46
INFO:root:CLEAN <- RAW off=1171 → p=0, off=1111 | label=0 risk=0.36
INFO:root:CLEAN <- RAW off=1172 → p=0, off=1112 | label=0 risk=0.89
INFO:root:CLEAN <- RAW off=1173 → p=0, off=1113 | label=0 risk=0.78
INFO:root:CLEAN <- RAW off=1174 → p=0, off=1114 | label=0 risk=0.47
INFO:root:CLEAN <- RAW off=1175 → p=0, off=1115 | label=0 risk=0.39
INFO:root:CLEAN <- RAW off=1176 → p=0, off=1116 | label=0 risk=0.36
INFO:root:CLEAN <- RAW off=1177 → p=0, off=1117 | label=0 risk=0.36
INFO:root:CLEAN <- RAW off=1178 → p=0, off=1118 | label=0 risk=0.41
INFO:root:CLEAN <- RAW off=1179 → p=0, off=1119 | label=0 risk=0.37
INFO:root:CLEAN <- RAW off=1180 → p=0, off=1120 | label=0 risk=0.91
INFO:root:CLEAN <- RAW off=1181 → p=0, off=1121 | label=0 risk=0.41
INFO:root:CLEAN <- RAW off=1182 → p=0, off=1122 | label=0 risk=0.80
INFO:root:CLEAN <- RAW off=1183 → p=0, off=1123 | label=0 risk=0.86
INFO:root:CLEAN <- RAW off=1185 → p=0, off=1124 | label=0 risk=0.36
INFO:root:CLEAN <- RAW off=1186 → p=0, off=1125 | label=0 risk=0.41
INFO:root:CLEAN <- RAW off=1187 → p=0, off=1126 | label=0 risk=0.33
INFO:root:CLEAN <- RAW off=1188 → p=0, off=1127 | label=0 risk=0.46
INFO:root:CLEAN <- RAW off=1189 → p=0, off=1128 | label=0 risk=0.76
INFO:root:CLEAN <- RAW off=1190 → p=0, off=1129 | label=0 risk=0.46
INFO:root:CLEAN <- RAW off=1191 → p=0, off=1130 | label=0 risk=0.77
INFO:root:CLEAN <- RAW off=1192 → p=0, off=1131 | label=0 risk=0.41
INFO:root:CLEAN <- RAW off=1193 → p=0, off=1132 | label=0 risk=0.41
INFO:root:CLEAN <- RAW off=1194 → p=0, off=1133 | label=0 risk=0.41
INFO:root:CLEAN <- RAW off=1195 → p=0, off=1134 | label=0 risk=0.37
INFO:root:CLEAN <- RAW off=1196 → p=0, off=1135 | label=0 risk=0.47
INFO:root:CLEAN <- RAW off=1197 → p=0, off=1136 | label=0 risk=0.41
INFO:root:CLEAN <- RAW off=1198 → p=0, off=1137 | label=0 risk=0.81
INFO:root:CLEAN <- RAW off=1199 → p=0, off=1138 | label=0 risk=0.36
INFO:root:CLEAN <- RAW off=1200 → p=0, off=1139 | label=0 risk=0.36
INFO:root:CLEAN <- RAW off=1201 → p=0, off=1140 | label=0 risk=0.41
INFO:root:CLEAN <- RAW off=1202 → p=0, off=1141 | label=0 risk=0.39
INFO:root:CLEAN <- RAW off=1203 → p=0, off=1142 | label=0 risk=0.36
INFO:root:CLEAN <- RAW off=1204 → p=0, off=1143 | label=0 risk=0.41
INFO:root:CLEAN <- RAW off=1205 → p=0, off=1144 | label=0 risk=0.92
INFO:root:CLEAN <- RAW off=1206 → p=0, off=1145 | label=0 risk=0.46
INFO:root:CLEAN <- RAW off=1207 → p=0, off=1146 | label=0 risk=0.74
INFO:root:CLEAN <- RAW off=1208 → p=0, off=1147 | label=0 risk=0.36
INFO:root:CLEAN <- RAW off=1209 → p=0, off=1148 | label=0 risk=0.44
INFO:root:CLEAN <- RAW off=1210 → p=0, off=1149 | label=0 risk=0.29
INFO:root:CLEAN <- RAW off=1211 → p=0, off=1150 | label=0 risk=0.36
INFO:root:CLEAN <- RAW off=1212 → p=0, off=1151 | label=0 risk=0.79
INFO:root:CLEAN <- RAW off=1213 → p=0, off=1152 | label=0 risk=0.46
INFO:root:CLEAN <- RAW off=1214 → p=0, off=1153 | label=0 risk=0.33
INFO:root:CLEAN <- RAW off=1215 → p=0, off=1154 | label=0 risk=0.37
INFO:root:CLEAN <- RAW off=1216 → p=0, off=1155 | label=0 risk=0.28
INFO:root:CLEAN <- RAW off=1217 → p=0, off=1156 | label=0 risk=0.36
INFO:root:CLEAN <- RAW off=1218 → p=0, off=1157 | label=0 risk=0.49
INFO:root:CLEAN <- RAW off=1219 → p=0, off=1158 | label=0 risk=0.36
INFO:root:CLEAN <- RAW off=1220 → p=0, off=1159 | label=0 risk=0.82
INFO:root:CLEAN <- RAW off=1221 → p=0, off=1160 | label=0 risk=0.36
INFO:root:CLEAN <- RAW off=1222 → p=0, off=1161 | label=0 risk=0.73
INFO:root:CLEAN <- RAW off=1223 → p=0, off=1162 | label=0 risk=0.36
INFO:root:CLEAN <- RAW off=1224 → p=0, off=1163 | label=0 risk=0.40
INFO:root:CLEAN <- RAW off=1225 → p=0, off=1164 | label=0 risk=0.89
INFO:root:CLEAN <- RAW off=1226 → p=0, off=1165 | label=0 risk=0.41
INFO:root:CLEAN <- RAW off=1227 → p=0, off=1166 | label=0 risk=0.36
INFO:root:CLEAN <- RAW off=1228 → p=0, off=1167 | label=0 risk=0.80
INFO:root:CLEAN <- RAW off=1229 → p=0, off=1168 | label=0 risk=0.36
INFO:root:CLEAN <- RAW off=1230 → p=0, off=1169 | label=0 risk=0.36
INFO:root:CLEAN <- RAW off=1231 → p=0, off=1170 | label=0 risk=0.36
INFO:root:CLEAN <- RAW off=1232 → p=0, off=1171 | label=0 risk=0.47
INFO:root:CLEAN <- RAW off=1233 → p=0, off=1172 | label=0 risk=0.47
INFO:root:CLEAN <- RAW off=1234 → p=0, off=1173 | label=0 risk=0.36
INFO:root:CLEAN <- RAW off=1235 → p=0, off=1174 | label=0 risk=0.36
INFO:root:CLEAN <- RAW off=1236 → p=0, off=1175 | label=0 risk=0.36
INFO:root:CLEAN <- RAW off=1237 → p=0, off=1176 | label=0 risk=0.37
INFO:root:CLEAN <- RAW off=1238 → p=0, off=1177 | label=0 risk=0.36
INFO:root:CLEAN <- RAW off=1239 → p=0, off=1178 | label=0 risk=0.37
INFO:root:CLEAN <- RAW off=1240 → p=0, off=1179 | label=0 risk=0.78
INFO:root:CLEAN <- RAW off=1241 → p=0, off=1180 | label=0 risk=0.47
INFO:root:CLEAN <- RAW off=1242 → p=0, off=1181 | label=0 risk=0.88
INFO:root:CLEAN <- RAW off=1243 → p=0, off=1182 | label=0 risk=0.36
INFO:root:CLEAN <- RAW off=1244 → p=0, off=1183 | label=0 risk=0.40
INFO:root:CLEAN <- RAW off=1245 → p=0, off=1184 | label=0 risk=0.37
INFO:root:CLEAN <- RAW off=1246 → p=0, off=1185 | label=0 risk=0.36
INFO:root:CLEAN <- RAW off=1248 → p=0, off=1186 | label=0 risk=0.92
INFO:root:CLEAN <- RAW off=1249 → p=0, off=1187 | label=0 risk=0.28
INFO:root:CLEAN <- RAW off=1250 → p=0, off=1188 | label=0 risk=0.36
INFO:root:CLEAN <- RAW off=1251 → p=0, off=1189 | label=0 risk=0.36
INFO:root:CLEAN <- RAW off=1252 → p=0, off=1190 | label=0 risk=0.41
INFO:root:CLEAN <- RAW off=1253 → p=0, off=1191 | label=0 risk=0.36
INFO:root:CLEAN <- RAW off=1254 → p=0, off=1192 | label=0 risk=0.42
INFO:root:CLEAN <- RAW off=1255 → p=0, off=1193 | label=0 risk=0.41
INFO:root:CLEAN <- RAW off=1257 → p=0, off=1194 | label=0 risk=0.36
INFO:root:CLEAN <- RAW off=1258 → p=0, off=1195 | label=0 risk=0.46
INFO:root:CLEAN <- RAW off=1259 → p=0, off=1196 | label=0 risk=0.37
INFO:root:CLEAN <- RAW off=1260 → p=0, off=1197 | label=0 risk=0.42
INFO:root:CLEAN <- RAW off=1261 → p=0, off=1198 | label=0 risk=0.81
INFO:root:CLEAN <- RAW off=1262 → p=0, off=1199 | label=0 risk=0.76
INFO:root:Heartbeat: processed=1200
INFO:root:CLEAN <- RAW off=1263 → p=0, off=1200 | label=0 risk=0.89
INFO:root:CLEAN <- RAW off=1264 → p=0, off=1201 | label=0 risk=0.79
INFO:root:CLEAN <- RAW off=1265 → p=0, off=1202 | label=0 risk=0.47
INFO:root:CLEAN <- RAW off=1266 → p=0, off=1203 | label=0 risk=0.46
INFO:root:CLEAN <- RAW off=1267 → p=0, off=1204 | label=0 risk=0.73
INFO:root:CLEAN <- RAW off=1268 → p=0, off=1205 | label=0 risk=0.46
INFO:root:CLEAN <- RAW off=1269 → p=0, off=1206 | label=0 risk=0.82
INFO:root:CLEAN <- RAW off=1270 → p=0, off=1207 | label=0 risk=0.46
INFO:root:CLEAN <- RAW off=1271 → p=0, off=1208 | label=0 risk=0.41
INFO:root:CLEAN <- RAW off=1272 → p=0, off=1209 | label=0 risk=0.41
INFO:root:CLEAN <- RAW off=1273 → p=0, off=1210 | label=0 risk=0.36
INFO:root:CLEAN <- RAW off=1274 → p=0, off=1211 | label=0 risk=0.81
INFO:root:CLEAN <- RAW off=1275 → p=0, off=1212 | label=0 risk=0.36
INFO:root:CLEAN <- RAW off=1276 → p=0, off=1213 | label=0 risk=0.39
INFO:root:CLEAN <- RAW off=1277 → p=0, off=1214 | label=0 risk=0.36
INFO:root:CLEAN <- RAW off=1278 → p=0, off=1215 | label=0 risk=0.36
INFO:root:CLEAN <- RAW off=1279 → p=0, off=1216 | label=0 risk=0.37
INFO:root:CLEAN <- RAW off=1280 → p=0, off=1217 | label=0 risk=0.36
INFO:root:CLEAN <- RAW off=1281 → p=0, off=1218 | label=0 risk=0.76
INFO:root:CLEAN <- RAW off=1282 → p=0, off=1219 | label=0 risk=0.33
INFO:root:CLEAN <- RAW off=1283 → p=0, off=1220 | label=0 risk=0.39
INFO:root:CLEAN <- RAW off=1284 → p=0, off=1221 | label=0 risk=0.41
INFO:root:CLEAN <- RAW off=1285 → p=0, off=1222 | label=0 risk=0.36
INFO:root:CLEAN <- RAW off=1286 → p=0, off=1223 | label=0 risk=0.47
INFO:root:CLEAN <- RAW off=1287 → p=0, off=1224 | label=0 risk=0.46
INFO:root:CLEAN <- RAW off=1288 → p=0, off=1225 | label=0 risk=0.82
INFO:root:CLEAN <- RAW off=1289 → p=0, off=1226 | label=0 risk=0.36
INFO:root:CLEAN <- RAW off=1290 → p=0, off=1227 | label=0 risk=0.41
INFO:root:CLEAN <- RAW off=1292 → p=0, off=1228 | label=0 risk=0.47
INFO:root:CLEAN <- RAW off=1293 → p=0, off=1229 | label=0 risk=0.94
INFO:root:CLEAN <- RAW off=1294 → p=0, off=1230 | label=0 risk=0.41
INFO:root:CLEAN <- RAW off=1295 → p=0, off=1231 | label=0 risk=0.37
INFO:root:CLEAN <- RAW off=1296 → p=0, off=1232 | label=0 risk=0.92
INFO:root:CLEAN <- RAW off=1297 → p=0, off=1233 | label=0 risk=0.36
INFO:root:CLEAN <- RAW off=1298 → p=0, off=1234 | label=0 risk=0.41
INFO:root:CLEAN <- RAW off=1299 → p=0, off=1235 | label=0 risk=0.81
INFO:root:CLEAN <- RAW off=1300 → p=0, off=1236 | label=0 risk=0.47
INFO:root:CLEAN <- RAW off=1301 → p=0, off=1237 | label=0 risk=0.46
INFO:root:CLEAN <- RAW off=1302 → p=0, off=1238 | label=0 risk=0.73
INFO:root:CLEAN <- RAW off=1303 → p=0, off=1239 | label=0 risk=0.37
INFO:root:CLEAN <- RAW off=1304 → p=0, off=1240 | label=0 risk=0.52
INFO:root:CLEAN <- RAW off=1305 → p=0, off=1241 | label=0 risk=0.29
INFO:root:CLEAN <- RAW off=1306 → p=0, off=1242 | label=0 risk=0.89
INFO:root:CLEAN <- RAW off=1307 → p=0, off=1243 | label=0 risk=0.47
INFO:root:CLEAN <- RAW off=1308 → p=0, off=1244 | label=0 risk=0.36
INFO:root:CLEAN <- RAW off=1309 → p=0, off=1245 | label=0 risk=0.36
INFO:root:CLEAN <- RAW off=1310 → p=0, off=1246 | label=0 risk=0.46
INFO:root:CLEAN <- RAW off=1311 → p=0, off=1247 | label=0 risk=0.41
INFO:root:CLEAN <- RAW off=1312 → p=0, off=1248 | label=0 risk=0.47
INFO:root:CLEAN <- RAW off=1313 → p=0, off=1249 | label=0 risk=0.29
INFO:root:CLEAN <- RAW off=1314 → p=0, off=1250 | label=0 risk=0.34
INFO:root:CLEAN <- RAW off=1315 → p=0, off=1251 | label=0 risk=0.41
INFO:root:CLEAN <- RAW off=1316 → p=0, off=1252 | label=0 risk=0.36
INFO:root:CLEAN <- RAW off=1317 → p=0, off=1253 | label=0 risk=0.40
INFO:root:CLEAN <- RAW off=1318 → p=0, off=1254 | label=0 risk=0.36
INFO:root:CLEAN <- RAW off=1319 → p=0, off=1255 | label=0 risk=0.84
INFO:root:CLEAN <- RAW off=1320 → p=0, off=1256 | label=0 risk=0.93
INFO:root:CLEAN <- RAW off=1321 → p=0, off=1257 | label=0 risk=0.36
INFO:root:CLEAN <- RAW off=1323 → p=0, off=1258 | label=0 risk=0.46
INFO:root:CLEAN <- RAW off=1324 → p=0, off=1259 | label=0 risk=0.36
INFO:root:CLEAN <- RAW off=1325 → p=0, off=1260 | label=0 risk=0.41
INFO:root:CLEAN <- RAW off=1326 → p=0, off=1261 | label=0 risk=0.52
INFO:root:CLEAN <- RAW off=1327 → p=0, off=1262 | label=0 risk=0.46
INFO:root:CLEAN <- RAW off=1328 → p=0, off=1263 | label=0 risk=0.89
INFO:root:CLEAN <- RAW off=1329 → p=0, off=1264 | label=0 risk=0.86
INFO:root:CLEAN <- RAW off=1330 → p=0, off=1265 | label=0 risk=0.37
INFO:root:CLEAN <- RAW off=1331 → p=0, off=1266 | label=0 risk=0.47
INFO:root:CLEAN <- RAW off=1332 → p=0, off=1267 | label=0 risk=0.36
INFO:root:CLEAN <- RAW off=1333 → p=0, off=1268 | label=0 risk=0.47
INFO:root:CLEAN <- RAW off=1334 → p=0, off=1269 | label=0 risk=0.93
INFO:root:CLEAN <- RAW off=1335 → p=0, off=1270 | label=0 risk=0.41
INFO:root:CLEAN <- RAW off=1336 → p=0, off=1271 | label=0 risk=0.36
INFO:root:CLEAN <- RAW off=1337 → p=0, off=1272 | label=0 risk=0.28
INFO:root:CLEAN <- RAW off=1338 → p=0, off=1273 | label=0 risk=0.36
INFO:root:CLEAN <- RAW off=1339 → p=0, off=1274 | label=0 risk=0.46
INFO:root:CLEAN <- RAW off=1340 → p=0, off=1275 | label=0 risk=0.47
INFO:root:CLEAN <- RAW off=1341 → p=0, off=1276 | label=0 risk=0.47
INFO:root:CLEAN <- RAW off=1342 → p=0, off=1277 | label=0 risk=0.36
INFO:root:CLEAN <- RAW off=1343 → p=0, off=1278 | label=0 risk=0.46
INFO:root:CLEAN <- RAW off=1344 → p=0, off=1279 | label=0 risk=0.36
INFO:root:CLEAN <- RAW off=1345 → p=0, off=1280 | label=0 risk=0.41
INFO:root:CLEAN <- RAW off=1346 → p=0, off=1281 | label=0 risk=0.36
INFO:root:CLEAN <- RAW off=1347 → p=0, off=1282 | label=0 risk=0.36
INFO:root:CLEAN <- RAW off=1348 → p=0, off=1283 | label=0 risk=0.32
INFO:root:CLEAN <- RAW off=1350 → p=0, off=1284 | label=0 risk=0.72
INFO:root:CLEAN <- RAW off=1351 → p=0, off=1285 | label=0 risk=0.51
INFO:root:CLEAN <- RAW off=1352 → p=0, off=1286 | label=0 risk=0.77
INFO:root:CLEAN <- RAW off=1353 → p=0, off=1287 | label=0 risk=0.77
INFO:root:CLEAN <- RAW off=1354 → p=0, off=1288 | label=0 risk=0.36
INFO:root:CLEAN <- RAW off=1355 → p=0, off=1289 | label=0 risk=0.36
INFO:root:CLEAN <- RAW off=1356 → p=0, off=1290 | label=0 risk=0.36
INFO:root:CLEAN <- RAW off=1357 → p=0, off=1291 | label=0 risk=0.46
INFO:root:CLEAN <- RAW off=1358 → p=0, off=1292 | label=0 risk=0.36
INFO:root:CLEAN <- RAW off=1359 → p=0, off=1293 | label=0 risk=0.87
INFO:root:CLEAN <- RAW off=1360 → p=0, off=1294 | label=0 risk=0.36
INFO:root:CLEAN <- RAW off=1361 → p=0, off=1295 | label=0 risk=0.36
INFO:root:CLEAN <- RAW off=1362 → p=0, off=1296 | label=0 risk=0.93
INFO:root:CLEAN <- RAW off=1363 → p=0, off=1297 | label=0 risk=0.29
INFO:root:CLEAN <- RAW off=1364 → p=0, off=1298 | label=0 risk=0.40
INFO:root:CLEAN <- RAW off=1366 → p=0, off=1299 | label=0 risk=0.47
INFO:root:CLEAN <- RAW off=1367 → p=0, off=1300 | label=0 risk=0.79
INFO:root:CLEAN <- RAW off=1368 → p=0, off=1301 | label=0 risk=0.89
INFO:root:CLEAN <- RAW off=1369 → p=0, off=1302 | label=0 risk=0.36
INFO:root:CLEAN <- RAW off=1370 → p=0, off=1303 | label=0 risk=0.27
INFO:root:CLEAN <- RAW off=1372 → p=0, off=1304 | label=0 risk=0.36
INFO:root:CLEAN <- RAW off=1373 → p=0, off=1305 | label=0 risk=0.41
INFO:root:CLEAN <- RAW off=1374 → p=0, off=1306 | label=0 risk=0.46
INFO:root:CLEAN <- RAW off=1375 → p=0, off=1307 | label=0 risk=0.36
INFO:root:CLEAN <- RAW off=1376 → p=0, off=1308 | label=0 risk=0.41
INFO:root:CLEAN <- RAW off=1377 → p=0, off=1309 | label=0 risk=0.90
INFO:root:CLEAN <- RAW off=1378 → p=0, off=1310 | label=0 risk=0.29
INFO:root:CLEAN <- RAW off=1379 → p=0, off=1311 | label=0 risk=0.76
INFO:root:CLEAN <- RAW off=1380 → p=0, off=1312 | label=0 risk=0.36
INFO:root:CLEAN <- RAW off=1381 → p=0, off=1313 | label=0 risk=0.42
INFO:root:CLEAN <- RAW off=1382 → p=0, off=1314 | label=0 risk=0.36
INFO:root:CLEAN <- RAW off=1383 → p=0, off=1315 | label=0 risk=0.46
INFO:root:CLEAN <- RAW off=1384 → p=0, off=1316 | label=0 risk=0.36
INFO:root:CLEAN <- RAW off=1385 → p=0, off=1317 | label=0 risk=0.74
INFO:root:CLEAN <- RAW off=1387 → p=0, off=1318 | label=0 risk=0.36
INFO:root:CLEAN <- RAW off=1388 → p=0, off=1319 | label=0 risk=0.36
INFO:root:CLEAN <- RAW off=1389 → p=0, off=1320 | label=0 risk=0.36
INFO:root:CLEAN <- RAW off=1390 → p=0, off=1321 | label=0 risk=0.76
INFO:root:CLEAN <- RAW off=1391 → p=0, off=1322 | label=0 risk=0.36
INFO:root:CLEAN <- RAW off=1392 → p=0, off=1323 | label=0 risk=0.46
INFO:root:CLEAN <- RAW off=1393 → p=0, off=1324 | label=0 risk=0.48
INFO:root:CLEAN <- RAW off=1395 → p=0, off=1325 | label=0 risk=0.52
INFO:root:CLEAN <- RAW off=1396 → p=0, off=1326 | label=0 risk=0.46
INFO:root:CLEAN <- RAW off=1397 → p=0, off=1327 | label=0 risk=0.37
INFO:root:CLEAN <- RAW off=1398 → p=0, off=1328 | label=0 risk=0.46
INFO:root:CLEAN <- RAW off=1399 → p=0, off=1329 | label=0 risk=0.47
INFO:root:CLEAN <- RAW off=1400 → p=0, off=1330 | label=0 risk=0.36
INFO:root:CLEAN <- RAW off=1401 → p=0, off=1331 | label=0 risk=0.37
INFO:root:CLEAN <- RAW off=1402 → p=0, off=1332 | label=0 risk=0.36
INFO:root:CLEAN <- RAW off=1403 → p=0, off=1333 | label=0 risk=0.36
INFO:root:CLEAN <- RAW off=1404 → p=0, off=1334 | label=0 risk=0.36
INFO:root:CLEAN <- RAW off=1405 → p=0, off=1335 | label=0 risk=0.46
INFO:root:CLEAN <- RAW off=1406 → p=0, off=1336 | label=0 risk=0.41
INFO:root:CLEAN <- RAW off=1407 → p=0, off=1337 | label=0 risk=0.73
INFO:root:CLEAN <- RAW off=1408 → p=0, off=1338 | label=0 risk=0.46
INFO:root:CLEAN <- RAW off=1409 → p=0, off=1339 | label=0 risk=0.75
INFO:root:CLEAN <- RAW off=1410 → p=0, off=1340 | label=0 risk=0.36
INFO:root:CLEAN <- RAW off=1411 → p=0, off=1341 | label=0 risk=0.41
INFO:root:CLEAN <- RAW off=1412 → p=0, off=1342 | label=0 risk=0.36
INFO:root:CLEAN <- RAW off=1413 → p=0, off=1343 | label=0 risk=0.37
INFO:root:CLEAN <- RAW off=1414 → p=0, off=1344 | label=0 risk=0.36
INFO:root:CLEAN <- RAW off=1415 → p=0, off=1345 | label=0 risk=0.37
INFO:root:CLEAN <- RAW off=1416 → p=0, off=1346 | label=0 risk=0.46
INFO:root:CLEAN <- RAW off=1417 → p=0, off=1347 | label=0 risk=0.36
INFO:root:CLEAN <- RAW off=1418 → p=0, off=1348 | label=0 risk=0.38
INFO:root:CLEAN <- RAW off=1419 → p=0, off=1349 | label=0 risk=0.85
INFO:root:CLEAN <- RAW off=1420 → p=0, off=1350 | label=0 risk=0.36
INFO:root:CLEAN <- RAW off=1421 → p=0, off=1351 | label=0 risk=0.77
INFO:root:CLEAN <- RAW off=1422 → p=0, off=1352 | label=0 risk=0.46
INFO:root:CLEAN <- RAW off=1424 → p=0, off=1353 | label=0 risk=0.36
INFO:root:CLEAN <- RAW off=1425 → p=0, off=1354 | label=0 risk=0.36
INFO:root:CLEAN <- RAW off=1426 → p=0, off=1355 | label=0 risk=0.36
INFO:root:CLEAN <- RAW off=1427 → p=0, off=1356 | label=0 risk=0.41
INFO:root:CLEAN <- RAW off=1428 → p=0, off=1357 | label=0 risk=0.36
INFO:root:CLEAN <- RAW off=1429 → p=0, off=1358 | label=0 risk=0.36
INFO:root:CLEAN <- RAW off=1430 → p=0, off=1359 | label=0 risk=0.42
INFO:root:CLEAN <- RAW off=1431 → p=0, off=1360 | label=0 risk=0.44
INFO:root:CLEAN <- RAW off=1432 → p=0, off=1361 | label=0 risk=0.36
INFO:root:CLEAN <- RAW off=1433 → p=0, off=1362 | label=0 risk=0.37
INFO:root:CLEAN <- RAW off=1434 → p=0, off=1363 | label=0 risk=0.36
INFO:root:CLEAN <- RAW off=1436 → p=0, off=1364 | label=0 risk=0.39
INFO:root:CLEAN <- RAW off=1437 → p=0, off=1365 | label=0 risk=0.36
INFO:root:CLEAN <- RAW off=1438 → p=0, off=1366 | label=0 risk=0.36
INFO:root:CLEAN <- RAW off=1439 → p=0, off=1367 | label=0 risk=0.89
INFO:root:CLEAN <- RAW off=1440 → p=0, off=1368 | label=0 risk=0.29
INFO:root:CLEAN <- RAW off=1441 → p=0, off=1369 | label=0 risk=0.36
INFO:root:CLEAN <- RAW off=1442 → p=0, off=1370 | label=0 risk=0.36
INFO:root:CLEAN <- RAW off=1443 → p=0, off=1371 | label=0 risk=0.36
INFO:root:CLEAN <- RAW off=1444 → p=0, off=1372 | label=0 risk=0.41
INFO:root:CLEAN <- RAW off=1445 → p=0, off=1373 | label=0 risk=0.47
INFO:root:CLEAN <- RAW off=1446 → p=0, off=1374 | label=0 risk=0.91
INFO:root:CLEAN <- RAW off=1447 → p=0, off=1375 | label=0 risk=0.73
INFO:root:CLEAN <- RAW off=1448 → p=0, off=1376 | label=0 risk=0.89
INFO:root:CLEAN <- RAW off=1449 → p=0, off=1377 | label=0 risk=0.77
INFO:root:CLEAN <- RAW off=1450 → p=0, off=1378 | label=0 risk=0.39
INFO:root:CLEAN <- RAW off=1451 → p=0, off=1379 | label=0 risk=0.36
INFO:root:CLEAN <- RAW off=1452 → p=0, off=1380 | label=0 risk=0.41
INFO:root:CLEAN <- RAW off=1453 → p=0, off=1381 | label=0 risk=0.79
INFO:root:CLEAN <- RAW off=1454 → p=0, off=1382 | label=0 risk=0.91
INFO:root:CLEAN <- RAW off=1455 → p=0, off=1383 | label=0 risk=0.29
INFO:root:CLEAN <- RAW off=1456 → p=0, off=1384 | label=0 risk=0.36
INFO:root:CLEAN <- RAW off=1457 → p=0, off=1385 | label=0 risk=0.77
INFO:root:CLEAN <- RAW off=1458 → p=0, off=1386 | label=0 risk=0.39
INFO:root:CLEAN <- RAW off=1459 → p=0, off=1387 | label=0 risk=0.41
INFO:root:CLEAN <- RAW off=1460 → p=0, off=1388 | label=0 risk=0.41
INFO:root:CLEAN <- RAW off=1461 → p=0, off=1389 | label=0 risk=0.36
INFO:root:CLEAN <- RAW off=1462 → p=0, off=1390 | label=0 risk=0.36
INFO:root:CLEAN <- RAW off=1463 → p=0, off=1391 | label=0 risk=0.41
INFO:root:CLEAN <- RAW off=1464 → p=0, off=1392 | label=0 risk=0.29
INFO:root:CLEAN <- RAW off=1466 → p=0, off=1393 | label=0 risk=0.38
INFO:root:CLEAN <- RAW off=1467 → p=0, off=1394 | label=0 risk=0.46
INFO:root:CLEAN <- RAW off=1468 → p=0, off=1395 | label=0 risk=0.29
INFO:root:CLEAN <- RAW off=1469 → p=0, off=1396 | label=0 risk=0.37
INFO:root:CLEAN <- RAW off=1470 → p=0, off=1397 | label=0 risk=0.36
INFO:root:CLEAN <- RAW off=1471 → p=0, off=1398 | label=0 risk=0.46
INFO:root:CLEAN <- RAW off=1472 → p=0, off=1399 | label=0 risk=0.49
INFO:root:Heartbeat: processed=1400
INFO:root:CLEAN <- RAW off=1473 → p=0, off=1400 | label=0 risk=0.36
INFO:root:CLEAN <- RAW off=1474 → p=0, off=1401 | label=0 risk=0.37
INFO:root:CLEAN <- RAW off=1475 → p=0, off=1402 | label=0 risk=0.37
INFO:root:CLEAN <- RAW off=1476 → p=0, off=1403 | label=0 risk=0.76
INFO:root:CLEAN <- RAW off=1477 → p=0, off=1404 | label=0 risk=0.36
INFO:root:CLEAN <- RAW off=1478 → p=0, off=1405 | label=0 risk=0.41
INFO:root:CLEAN <- RAW off=1479 → p=0, off=1406 | label=0 risk=0.39
INFO:root:CLEAN <- RAW off=1480 → p=0, off=1407 | label=0 risk=0.41
INFO:root:CLEAN <- RAW off=1481 → p=0, off=1408 | label=0 risk=0.91
INFO:root:CLEAN <- RAW off=1482 → p=0, off=1409 | label=0 risk=0.47
INFO:root:CLEAN <- RAW off=1484 → p=0, off=1410 | label=0 risk=0.37
INFO:root:CLEAN <- RAW off=1485 → p=0, off=1411 | label=0 risk=0.74
INFO:root:CLEAN <- RAW off=1486 → p=0, off=1412 | label=0 risk=0.95
INFO:root:CLEAN <- RAW off=1487 → p=0, off=1413 | label=0 risk=0.37
INFO:root:CLEAN <- RAW off=1489 → p=0, off=1414 | label=0 risk=0.41
INFO:root:CLEAN <- RAW off=1490 → p=0, off=1415 | label=0 risk=0.88
INFO:root:CLEAN <- RAW off=1491 → p=0, off=1416 | label=0 risk=0.46
INFO:root:CLEAN <- RAW off=1492 → p=0, off=1417 | label=0 risk=0.36
INFO:root:CLEAN <- RAW off=1494 → p=0, off=1418 | label=0 risk=0.78
INFO:root:CLEAN <- RAW off=1495 → p=0, off=1419 | label=0 risk=0.80
INFO:root:CLEAN <- RAW off=1496 → p=0, off=1420 | label=0 risk=0.90
INFO:root:CLEAN <- RAW off=1497 → p=0, off=1421 | label=0 risk=0.36
INFO:root:CLEAN <- RAW off=1498 → p=0, off=1422 | label=0 risk=0.36
INFO:root:CLEAN <- RAW off=1499 → p=0, off=1423 | label=0 risk=0.58
INFO:root:CLEAN <- RAW off=1500 → p=0, off=1424 | label=0 risk=0.47
INFO:root:CLEAN <- RAW off=1501 → p=0, off=1425 | label=0 risk=0.42
INFO:root:CLEAN <- RAW off=1502 → p=0, off=1426 | label=0 risk=0.36
INFO:root:CLEAN <- RAW off=1503 → p=0, off=1427 | label=0 risk=0.37
INFO:root:CLEAN <- RAW off=1505 → p=0, off=1428 | label=0 risk=0.36
INFO:root:CLEAN <- RAW off=1506 → p=0, off=1429 | label=0 risk=0.36
INFO:root:CLEAN <- RAW off=1507 → p=0, off=1430 | label=0 risk=0.90
INFO:root:CLEAN <- RAW off=1508 → p=0, off=1431 | label=0 risk=0.36
INFO:root:CLEAN <- RAW off=1509 → p=0, off=1432 | label=0 risk=0.36
INFO:root:CLEAN <- RAW off=1510 → p=0, off=1433 | label=0 risk=0.36
INFO:root:CLEAN <- RAW off=1511 → p=0, off=1434 | label=0 risk=0.47
INFO:root:CLEAN <- RAW off=1512 → p=0, off=1435 | label=0 risk=0.41
INFO:root:CLEAN <- RAW off=1513 → p=0, off=1436 | label=0 risk=0.36
INFO:root:CLEAN <- RAW off=1514 → p=0, off=1437 | label=0 risk=0.51
INFO:root:CLEAN <- RAW off=1515 → p=0, off=1438 | label=0 risk=0.41
INFO:root:CLEAN <- RAW off=1516 → p=0, off=1439 | label=0 risk=0.36
INFO:root:CLEAN <- RAW off=1517 → p=0, off=1440 | label=0 risk=0.76
INFO:root:CLEAN <- RAW off=1518 → p=0, off=1441 | label=0 risk=0.46
INFO:root:CLEAN <- RAW off=1519 → p=0, off=1442 | label=0 risk=0.36
INFO:root:CLEAN <- RAW off=1520 → p=0, off=1443 | label=0 risk=0.41
INFO:root:CLEAN <- RAW off=1521 → p=0, off=1444 | label=0 risk=0.41
INFO:root:CLEAN <- RAW off=1522 → p=0, off=1445 | label=0 risk=0.74
INFO:root:CLEAN <- RAW off=1523 → p=0, off=1446 | label=0 risk=0.92
INFO:root:CLEAN <- RAW off=1524 → p=0, off=1447 | label=0 risk=0.41
INFO:root:CLEAN <- RAW off=1525 → p=0, off=1448 | label=0 risk=0.46
INFO:root:CLEAN <- RAW off=1526 → p=0, off=1449 | label=0 risk=0.34
INFO:root:CLEAN <- RAW off=1527 → p=0, off=1450 | label=0 risk=0.42
INFO:root:CLEAN <- RAW off=1528 → p=0, off=1451 | label=0 risk=0.36
INFO:root:CLEAN <- RAW off=1529 → p=0, off=1452 | label=0 risk=0.28
INFO:root:CLEAN <- RAW off=1530 → p=0, off=1453 | label=0 risk=0.78
INFO:root:CLEAN <- RAW off=1532 → p=0, off=1454 | label=0 risk=0.36
INFO:root:CLEAN <- RAW off=1534 → p=0, off=1455 | label=0 risk=0.46
INFO:root:CLEAN <- RAW off=1535 → p=0, off=1456 | label=0 risk=0.41
INFO:root:CLEAN <- RAW off=1536 → p=0, off=1457 | label=0 risk=0.47
INFO:root:CLEAN <- RAW off=1537 → p=0, off=1458 | label=0 risk=0.91
INFO:root:CLEAN <- RAW off=1538 → p=0, off=1459 | label=0 risk=0.37
INFO:root:CLEAN <- RAW off=1539 → p=0, off=1460 | label=0 risk=0.77
INFO:root:CLEAN <- RAW off=1540 → p=0, off=1461 | label=0 risk=0.50
INFO:root:CLEAN <- RAW off=1541 → p=0, off=1462 | label=0 risk=0.36
INFO:root:CLEAN <- RAW off=1542 → p=0, off=1463 | label=0 risk=0.29
INFO:root:CLEAN <- RAW off=1543 → p=0, off=1464 | label=0 risk=0.36
INFO:root:CLEAN <- RAW off=1544 → p=0, off=1465 | label=0 risk=0.36
INFO:root:CLEAN <- RAW off=1545 → p=0, off=1466 | label=0 risk=0.36
INFO:root:CLEAN <- RAW off=1546 → p=0, off=1467 | label=0 risk=0.92
INFO:root:CLEAN <- RAW off=1547 → p=0, off=1468 | label=0 risk=0.41
INFO:root:CLEAN <- RAW off=1548 → p=0, off=1469 | label=0 risk=0.36
INFO:root:CLEAN <- RAW off=1549 → p=0, off=1470 | label=0 risk=0.46
INFO:root:CLEAN <- RAW off=1550 → p=0, off=1471 | label=0 risk=0.41
INFO:root:CLEAN <- RAW off=1551 → p=0, off=1472 | label=0 risk=0.37
INFO:root:CLEAN <- RAW off=1552 → p=0, off=1473 | label=0 risk=0.92
INFO:root:CLEAN <- RAW off=1553 → p=0, off=1474 | label=0 risk=0.80
INFO:root:CLEAN <- RAW off=1554 → p=0, off=1475 | label=0 risk=0.79
INFO:root:CLEAN <- RAW off=1555 → p=0, off=1476 | label=0 risk=0.88
INFO:root:CLEAN <- RAW off=1556 → p=0, off=1477 | label=0 risk=0.37
INFO:root:CLEAN <- RAW off=1557 → p=0, off=1478 | label=0 risk=0.53
INFO:root:CLEAN <- RAW off=1558 → p=0, off=1479 | label=0 risk=0.36
INFO:root:CLEAN <- RAW off=1559 → p=0, off=1480 | label=0 risk=0.46
INFO:root:CLEAN <- RAW off=1560 → p=0, off=1481 | label=0 risk=0.34
INFO:root:CLEAN <- RAW off=1561 → p=0, off=1482 | label=0 risk=0.36
INFO:root:CLEAN <- RAW off=1562 → p=0, off=1483 | label=0 risk=0.46
INFO:root:CLEAN <- RAW off=1563 → p=0, off=1484 | label=0 risk=0.36
INFO:root:CLEAN <- RAW off=1564 → p=0, off=1485 | label=0 risk=0.46
INFO:root:CLEAN <- RAW off=1565 → p=0, off=1486 | label=0 risk=0.83
INFO:root:CLEAN <- RAW off=1566 → p=0, off=1487 | label=0 risk=0.89
INFO:root:CLEAN <- RAW off=1567 → p=0, off=1488 | label=0 risk=0.29
INFO:root:CLEAN <- RAW off=1568 → p=0, off=1489 | label=0 risk=0.84
INFO:root:CLEAN <- RAW off=1569 → p=0, off=1490 | label=0 risk=0.75
INFO:root:CLEAN <- RAW off=1570 → p=0, off=1491 | label=0 risk=0.36
INFO:root:CLEAN <- RAW off=1571 → p=0, off=1492 | label=0 risk=0.36
INFO:root:CLEAN <- RAW off=1572 → p=0, off=1493 | label=0 risk=0.36
INFO:root:CLEAN <- RAW off=1573 → p=0, off=1494 | label=0 risk=0.29
INFO:root:CLEAN <- RAW off=1574 → p=0, off=1495 | label=0 risk=0.36
INFO:root:CLEAN <- RAW off=1575 → p=0, off=1496 | label=0 risk=0.46
INFO:root:CLEAN <- RAW off=1576 → p=0, off=1497 | label=0 risk=0.28
INFO:root:CLEAN <- RAW off=1577 → p=0, off=1498 | label=0 risk=0.72
INFO:root:CLEAN <- RAW off=1578 → p=0, off=1499 | label=0 risk=0.81
INFO:root:CLEAN <- RAW off=1579 → p=0, off=1500 | label=0 risk=0.42
INFO:root:CLEAN <- RAW off=1580 → p=0, off=1501 | label=0 risk=0.36
INFO:root:CLEAN <- RAW off=1581 → p=0, off=1502 | label=0 risk=0.41
INFO:root:CLEAN <- RAW off=1582 → p=0, off=1503 | label=0 risk=0.41
INFO:root:CLEAN <- RAW off=1583 → p=0, off=1504 | label=0 risk=0.36
INFO:root:CLEAN <- RAW off=1584 → p=0, off=1505 | label=0 risk=0.42
INFO:root:CLEAN <- RAW off=1585 → p=0, off=1506 | label=0 risk=0.36
INFO:root:CLEAN <- RAW off=1586 → p=0, off=1507 | label=0 risk=0.36
INFO:root:CLEAN <- RAW off=1587 → p=0, off=1508 | label=0 risk=0.42
INFO:root:CLEAN <- RAW off=1588 → p=0, off=1509 | label=0 risk=0.36
INFO:root:CLEAN <- RAW off=1589 → p=0, off=1510 | label=0 risk=0.36
INFO:root:CLEAN <- RAW off=1590 → p=0, off=1511 | label=0 risk=0.46
INFO:root:CLEAN <- RAW off=1591 → p=0, off=1512 | label=0 risk=0.38
INFO:root:CLEAN <- RAW off=1592 → p=0, off=1513 | label=0 risk=0.36
INFO:root:CLEAN <- RAW off=1593 → p=0, off=1514 | label=0 risk=0.47
INFO:root:CLEAN <- RAW off=1594 → p=0, off=1515 | label=0 risk=0.41
INFO:root:CLEAN <- RAW off=1595 → p=0, off=1516 | label=0 risk=0.43
INFO:root:CLEAN <- RAW off=1596 → p=0, off=1517 | label=0 risk=0.37
INFO:root:CLEAN <- RAW off=1597 → p=0, off=1518 | label=0 risk=0.36
INFO:root:CLEAN <- RAW off=1598 → p=0, off=1519 | label=0 risk=0.47
INFO:root:CLEAN <- RAW off=1599 → p=0, off=1520 | label=0 risk=0.79
INFO:root:CLEAN <- RAW off=1600 → p=0, off=1521 | label=0 risk=0.46
INFO:root:CLEAN <- RAW off=1601 → p=0, off=1522 | label=0 risk=0.46
INFO:root:CLEAN <- RAW off=1602 → p=0, off=1523 | label=0 risk=0.28
INFO:root:CLEAN <- RAW off=1603 → p=0, off=1524 | label=0 risk=0.27
INFO:root:CLEAN <- RAW off=1604 → p=0, off=1525 | label=0 risk=0.36
INFO:root:CLEAN <- RAW off=1605 → p=0, off=1526 | label=0 risk=0.36
INFO:root:CLEAN <- RAW off=1606 → p=0, off=1527 | label=0 risk=0.45
INFO:root:CLEAN <- RAW off=1607 → p=0, off=1528 | label=0 risk=0.41
INFO:root:CLEAN <- RAW off=1608 → p=0, off=1529 | label=0 risk=0.86
INFO:root:CLEAN <- RAW off=1609 → p=0, off=1530 | label=0 risk=0.75
INFO:root:CLEAN <- RAW off=1610 → p=0, off=1531 | label=0 risk=0.36
INFO:root:CLEAN <- RAW off=1611 → p=0, off=1532 | label=0 risk=0.46
INFO:root:CLEAN <- RAW off=1612 → p=0, off=1533 | label=0 risk=0.47
INFO:root:CLEAN <- RAW off=1613 → p=0, off=1534 | label=0 risk=0.36
INFO:root:CLEAN <- RAW off=1614 → p=0, off=1535 | label=0 risk=0.36
INFO:root:CLEAN <- RAW off=1615 → p=0, off=1536 | label=0 risk=0.81
INFO:root:CLEAN <- RAW off=1616 → p=0, off=1537 | label=0 risk=0.36
INFO:root:CLEAN <- RAW off=1617 → p=0, off=1538 | label=0 risk=0.47
INFO:root:CLEAN <- RAW off=1618 → p=0, off=1539 | label=0 risk=0.36
INFO:root:CLEAN <- RAW off=1619 → p=0, off=1540 | label=0 risk=0.77
INFO:root:CLEAN <- RAW off=1620 → p=0, off=1541 | label=0 risk=0.88
INFO:root:CLEAN <- RAW off=1621 → p=0, off=1542 | label=0 risk=0.36
INFO:root:CLEAN <- RAW off=1622 → p=0, off=1543 | label=0 risk=0.36
INFO:root:CLEAN <- RAW off=1623 → p=0, off=1544 | label=0 risk=0.54
INFO:root:CLEAN <- RAW off=1624 → p=0, off=1545 | label=0 risk=0.24
INFO:root:CLEAN <- RAW off=1625 → p=0, off=1546 | label=0 risk=0.41
INFO:root:CLEAN <- RAW off=1626 → p=0, off=1547 | label=0 risk=0.36
INFO:root:CLEAN <- RAW off=1627 → p=0, off=1548 | label=0 risk=0.89
INFO:root:CLEAN <- RAW off=1628 → p=0, off=1549 | label=0 risk=0.81
INFO:root:CLEAN <- RAW off=1629 → p=0, off=1550 | label=0 risk=0.36
INFO:root:CLEAN <- RAW off=1630 → p=0, off=1551 | label=0 risk=0.37
INFO:root:CLEAN <- RAW off=1631 → p=0, off=1552 | label=0 risk=0.28
INFO:root:CLEAN <- RAW off=1632 → p=0, off=1553 | label=0 risk=0.35
INFO:root:CLEAN <- RAW off=1633 → p=0, off=1554 | label=0 risk=0.45
INFO:root:CLEAN <- RAW off=1634 → p=0, off=1555 | label=0 risk=0.41
INFO:root:CLEAN <- RAW off=1635 → p=0, off=1556 | label=0 risk=0.38
INFO:root:CLEAN <- RAW off=1636 → p=0, off=1557 | label=0 risk=0.29
INFO:root:CLEAN <- RAW off=1637 → p=0, off=1558 | label=0 risk=0.41
INFO:root:CLEAN <- RAW off=1638 → p=0, off=1559 | label=0 risk=0.77
INFO:root:CLEAN <- RAW off=1639 → p=0, off=1560 | label=0 risk=0.46
INFO:root:CLEAN <- RAW off=1640 → p=0, off=1561 | label=0 risk=0.51
INFO:root:CLEAN <- RAW off=1641 → p=0, off=1562 | label=0 risk=0.29
INFO:root:CLEAN <- RAW off=1642 → p=0, off=1563 | label=0 risk=0.29
INFO:root:CLEAN <- RAW off=1643 → p=0, off=1564 | label=0 risk=0.46
INFO:root:CLEAN <- RAW off=1644 → p=0, off=1565 | label=0 risk=0.88
INFO:root:CLEAN <- RAW off=1645 → p=0, off=1566 | label=0 risk=0.41
INFO:root:CLEAN <- RAW off=1646 → p=0, off=1567 | label=0 risk=0.36
INFO:root:CLEAN <- RAW off=1647 → p=0, off=1568 | label=0 risk=0.46
INFO:root:CLEAN <- RAW off=1648 → p=0, off=1569 | label=0 risk=0.46
INFO:root:CLEAN <- RAW off=1649 → p=0, off=1570 | label=0 risk=0.36
INFO:root:CLEAN <- RAW off=1650 → p=0, off=1571 | label=0 risk=0.33
INFO:root:CLEAN <- RAW off=1651 → p=0, off=1572 | label=0 risk=0.55
INFO:root:CLEAN <- RAW off=1652 → p=0, off=1573 | label=0 risk=0.36
INFO:root:CLEAN <- RAW off=1653 → p=0, off=1574 | label=0 risk=0.29
INFO:root:CLEAN <- RAW off=1654 → p=0, off=1575 | label=0 risk=0.46
INFO:root:CLEAN <- RAW off=1655 → p=0, off=1576 | label=0 risk=0.37
INFO:root:CLEAN <- RAW off=1656 → p=0, off=1577 | label=0 risk=0.36
INFO:root:CLEAN <- RAW off=1657 → p=0, off=1578 | label=0 risk=0.46
INFO:root:CLEAN <- RAW off=1658 → p=0, off=1579 | label=0 risk=0.36
INFO:root:CLEAN <- RAW off=1659 → p=0, off=1580 | label=0 risk=0.29
INFO:root:CLEAN <- RAW off=1660 → p=0, off=1581 | label=0 risk=0.34
INFO:root:CLEAN <- RAW off=1661 → p=0, off=1582 | label=0 risk=0.46
INFO:root:CLEAN <- RAW off=1662 → p=0, off=1583 | label=0 risk=0.41
INFO:root:CLEAN <- RAW off=1663 → p=0, off=1584 | label=0 risk=0.72
INFO:root:CLEAN <- RAW off=1664 → p=0, off=1585 | label=0 risk=0.36
INFO:root:CLEAN <- RAW off=1665 → p=0, off=1586 | label=0 risk=0.41
INFO:root:CLEAN <- RAW off=1666 → p=0, off=1587 | label=0 risk=0.36
INFO:root:CLEAN <- RAW off=1667 → p=0, off=1588 | label=0 risk=0.41
INFO:root:CLEAN <- RAW off=1668 → p=0, off=1589 | label=0 risk=0.78
INFO:root:CLEAN <- RAW off=1669 → p=0, off=1590 | label=0 risk=0.37
INFO:root:CLEAN <- RAW off=1670 → p=0, off=1591 | label=0 risk=0.75
INFO:root:CLEAN <- RAW off=1671 → p=0, off=1592 | label=0 risk=0.47
INFO:root:CLEAN <- RAW off=1672 → p=0, off=1593 | label=0 risk=0.79
INFO:root:CLEAN <- RAW off=1673 → p=0, off=1594 | label=0 risk=0.46
INFO:root:CLEAN <- RAW off=1674 → p=0, off=1595 | label=0 risk=0.29
INFO:root:CLEAN <- RAW off=1675 → p=0, off=1596 | label=0 risk=0.36
INFO:root:CLEAN <- RAW off=1676 → p=0, off=1597 | label=0 risk=0.89
INFO:root:CLEAN <- RAW off=1677 → p=0, off=1598 | label=0 risk=0.36
INFO:root:CLEAN <- RAW off=1679 → p=0, off=1599 | label=0 risk=0.46
INFO:root:Heartbeat: processed=1600
INFO:root:CLEAN <- RAW off=1680 → p=0, off=1600 | label=0 risk=0.36
INFO:root:CLEAN <- RAW off=1681 → p=0, off=1601 | label=0 risk=0.36
INFO:root:CLEAN <- RAW off=1682 → p=0, off=1602 | label=0 risk=0.36
INFO:root:CLEAN <- RAW off=1683 → p=0, off=1603 | label=0 risk=0.29
INFO:root:CLEAN <- RAW off=1685 → p=0, off=1604 | label=0 risk=0.42
INFO:root:CLEAN <- RAW off=1686 → p=0, off=1605 | label=0 risk=0.76
INFO:root:CLEAN <- RAW off=1687 → p=0, off=1606 | label=0 risk=0.36
INFO:root:CLEAN <- RAW off=1688 → p=0, off=1607 | label=0 risk=0.42
INFO:root:CLEAN <- RAW off=1689 → p=0, off=1608 | label=0 risk=0.41
INFO:root:CLEAN <- RAW off=1690 → p=0, off=1609 | label=0 risk=0.89
INFO:root:CLEAN <- RAW off=1691 → p=0, off=1610 | label=0 risk=0.79
INFO:root:CLEAN <- RAW off=1692 → p=0, off=1611 | label=0 risk=0.28
INFO:root:CLEAN <- RAW off=1693 → p=0, off=1612 | label=0 risk=0.36
INFO:root:CLEAN <- RAW off=1694 → p=0, off=1613 | label=0 risk=0.41
INFO:root:CLEAN <- RAW off=1695 → p=0, off=1614 | label=0 risk=0.51
INFO:root:CLEAN <- RAW off=1696 → p=0, off=1615 | label=0 risk=0.41
INFO:root:CLEAN <- RAW off=1697 → p=0, off=1616 | label=0 risk=0.76
INFO:root:CLEAN <- RAW off=1698 → p=0, off=1617 | label=0 risk=0.46
INFO:root:CLEAN <- RAW off=1699 → p=0, off=1618 | label=0 risk=0.50
INFO:root:CLEAN <- RAW off=1700 → p=0, off=1619 | label=0 risk=0.37
INFO:root:CLEAN <- RAW off=1701 → p=0, off=1620 | label=0 risk=0.36
INFO:root:CLEAN <- RAW off=1702 → p=0, off=1621 | label=0 risk=0.36
INFO:root:CLEAN <- RAW off=1703 → p=0, off=1622 | label=0 risk=0.36
INFO:root:CLEAN <- RAW off=1704 → p=0, off=1623 | label=0 risk=0.46
INFO:root:CLEAN <- RAW off=1705 → p=0, off=1624 | label=0 risk=0.78
INFO:root:CLEAN <- RAW off=1706 → p=0, off=1625 | label=0 risk=0.36
INFO:root:CLEAN <- RAW off=1707 → p=0, off=1626 | label=0 risk=0.46
INFO:root:CLEAN <- RAW off=1708 → p=0, off=1627 | label=0 risk=0.36
INFO:root:CLEAN <- RAW off=1709 → p=0, off=1628 | label=0 risk=0.46
INFO:root:CLEAN <- RAW off=1710 → p=0, off=1629 | label=0 risk=0.92
INFO:root:CLEAN <- RAW off=1711 → p=0, off=1630 | label=0 risk=0.53
INFO:root:CLEAN <- RAW off=1712 → p=0, off=1631 | label=0 risk=0.44
INFO:root:CLEAN <- RAW off=1713 → p=0, off=1632 | label=0 risk=0.87
INFO:root:CLEAN <- RAW off=1714 → p=0, off=1633 | label=0 risk=0.36
INFO:root:CLEAN <- RAW off=1715 → p=0, off=1634 | label=0 risk=0.41
INFO:root:CLEAN <- RAW off=1716 → p=0, off=1635 | label=0 risk=0.36
INFO:root:CLEAN <- RAW off=1717 → p=0, off=1636 | label=0 risk=0.74
INFO:root:CLEAN <- RAW off=1718 → p=0, off=1637 | label=0 risk=0.88
INFO:root:CLEAN <- RAW off=1719 → p=0, off=1638 | label=0 risk=0.46
INFO:root:CLEAN <- RAW off=1720 → p=0, off=1639 | label=0 risk=0.30
INFO:root:CLEAN <- RAW off=1721 → p=0, off=1640 | label=0 risk=0.41
INFO:root:CLEAN <- RAW off=1722 → p=0, off=1641 | label=0 risk=0.36
INFO:root:CLEAN <- RAW off=1723 → p=0, off=1642 | label=0 risk=0.46
INFO:root:CLEAN <- RAW off=1724 → p=0, off=1643 | label=0 risk=0.36
INFO:root:CLEAN <- RAW off=1725 → p=0, off=1644 | label=0 risk=0.38
INFO:root:CLEAN <- RAW off=1726 → p=0, off=1645 | label=0 risk=0.36
INFO:root:CLEAN <- RAW off=1727 → p=0, off=1646 | label=0 risk=0.53
INFO:root:CLEAN <- RAW off=1728 → p=0, off=1647 | label=0 risk=0.37
INFO:root:CLEAN <- RAW off=1729 → p=0, off=1648 | label=0 risk=0.77
INFO:root:CLEAN <- RAW off=1730 → p=0, off=1649 | label=0 risk=0.77
INFO:root:CLEAN <- RAW off=1731 → p=0, off=1650 | label=0 risk=0.46
INFO:root:CLEAN <- RAW off=1732 → p=0, off=1651 | label=0 risk=0.47
INFO:root:CLEAN <- RAW off=1733 → p=0, off=1652 | label=0 risk=0.46
INFO:root:CLEAN <- RAW off=1734 → p=0, off=1653 | label=0 risk=0.36
INFO:root:CLEAN <- RAW off=1735 → p=0, off=1654 | label=0 risk=0.36
INFO:root:CLEAN <- RAW off=1736 → p=0, off=1655 | label=0 risk=0.36
INFO:root:CLEAN <- RAW off=1737 → p=0, off=1656 | label=0 risk=0.36
INFO:root:CLEAN <- RAW off=1739 → p=0, off=1657 | label=0 risk=0.92
INFO:root:CLEAN <- RAW off=1740 → p=0, off=1658 | label=0 risk=0.36
INFO:root:CLEAN <- RAW off=1741 → p=0, off=1659 | label=0 risk=0.36
INFO:root:CLEAN <- RAW off=1742 → p=0, off=1660 | label=0 risk=0.37
INFO:root:CLEAN <- RAW off=1743 → p=0, off=1661 | label=0 risk=0.48
INFO:root:CLEAN <- RAW off=1744 → p=0, off=1662 | label=0 risk=0.36
INFO:root:CLEAN <- RAW off=1745 → p=0, off=1663 | label=0 risk=0.47
INFO:root:CLEAN <- RAW off=1746 → p=0, off=1664 | label=0 risk=0.36
INFO:root:CLEAN <- RAW off=1747 → p=0, off=1665 | label=0 risk=0.41
INFO:root:CLEAN <- RAW off=1748 → p=0, off=1666 | label=0 risk=0.52
INFO:root:CLEAN <- RAW off=1749 → p=0, off=1667 | label=0 risk=0.41
INFO:root:CLEAN <- RAW off=1750 → p=0, off=1668 | label=0 risk=0.91
INFO:root:CLEAN <- RAW off=1752 → p=0, off=1669 | label=0 risk=0.37
INFO:root:CLEAN <- RAW off=1753 → p=0, off=1670 | label=0 risk=0.74
INFO:root:CLEAN <- RAW off=1754 → p=0, off=1671 | label=0 risk=0.77
INFO:root:CLEAN <- RAW off=1755 → p=0, off=1672 | label=0 risk=0.41
INFO:root:CLEAN <- RAW off=1756 → p=0, off=1673 | label=0 risk=0.36
INFO:root:CLEAN <- RAW off=1757 → p=0, off=1674 | label=0 risk=0.37
INFO:root:CLEAN <- RAW off=1759 → p=0, off=1675 | label=0 risk=0.41
INFO:root:CLEAN <- RAW off=1760 → p=0, off=1676 | label=0 risk=0.78
INFO:root:CLEAN <- RAW off=1761 → p=0, off=1677 | label=0 risk=0.36
INFO:root:CLEAN <- RAW off=1762 → p=0, off=1678 | label=0 risk=0.29
INFO:root:CLEAN <- RAW off=1763 → p=0, off=1679 | label=0 risk=0.52
INFO:root:CLEAN <- RAW off=1764 → p=0, off=1680 | label=0 risk=0.90
INFO:root:CLEAN <- RAW off=1765 → p=0, off=1681 | label=0 risk=0.94
INFO:root:CLEAN <- RAW off=1766 → p=0, off=1682 | label=0 risk=0.41
INFO:root:CLEAN <- RAW off=1767 → p=0, off=1683 | label=0 risk=0.36
INFO:root:CLEAN <- RAW off=1768 → p=0, off=1684 | label=0 risk=0.78
INFO:root:CLEAN <- RAW off=1769 → p=0, off=1685 | label=0 risk=0.89
INFO:root:CLEAN <- RAW off=1770 → p=0, off=1686 | label=0 risk=0.42
INFO:root:CLEAN <- RAW off=1771 → p=0, off=1687 | label=0 risk=0.36
INFO:root:CLEAN <- RAW off=1772 → p=0, off=1688 | label=0 risk=0.36
INFO:root:CLEAN <- RAW off=1773 → p=0, off=1689 | label=0 risk=0.36
INFO:root:CLEAN <- RAW off=1774 → p=0, off=1690 | label=0 risk=0.37
INFO:root:CLEAN <- RAW off=1775 → p=0, off=1691 | label=0 risk=0.37
INFO:root:CLEAN <- RAW off=1776 → p=0, off=1692 | label=0 risk=0.29
INFO:root:CLEAN <- RAW off=1777 → p=0, off=1693 | label=0 risk=0.46
INFO:root:CLEAN <- RAW off=1778 → p=0, off=1694 | label=0 risk=0.46
INFO:root:CLEAN <- RAW off=1779 → p=0, off=1695 | label=0 risk=0.36
INFO:root:CLEAN <- RAW off=1780 → p=0, off=1696 | label=0 risk=0.41
INFO:root:CLEAN <- RAW off=1781 → p=0, off=1697 | label=0 risk=0.41
INFO:root:CLEAN <- RAW off=1782 → p=0, off=1698 | label=0 risk=0.36
INFO:root:CLEAN <- RAW off=1783 → p=0, off=1699 | label=0 risk=0.89
INFO:root:CLEAN <- RAW off=1784 → p=0, off=1700 | label=0 risk=0.73
INFO:root:CLEAN <- RAW off=1785 → p=0, off=1701 | label=0 risk=0.85
INFO:root:CLEAN <- RAW off=1787 → p=0, off=1702 | label=0 risk=0.74
INFO:root:CLEAN <- RAW off=1788 → p=0, off=1703 | label=0 risk=0.46
INFO:root:CLEAN <- RAW off=1789 → p=0, off=1704 | label=0 risk=0.36
INFO:root:CLEAN <- RAW off=1790 → p=0, off=1705 | label=0 risk=0.41
INFO:root:CLEAN <- RAW off=1791 → p=0, off=1706 | label=0 risk=0.36
INFO:root:CLEAN <- RAW off=1792 → p=0, off=1707 | label=0 risk=0.36
INFO:root:CLEAN <- RAW off=1794 → p=0, off=1708 | label=0 risk=0.36
INFO:root:CLEAN <- RAW off=1795 → p=0, off=1709 | label=0 risk=0.37
INFO:root:CLEAN <- RAW off=1796 → p=0, off=1710 | label=0 risk=0.45
INFO:root:CLEAN <- RAW off=1797 → p=0, off=1711 | label=0 risk=0.36
INFO:root:CLEAN <- RAW off=1798 → p=0, off=1712 | label=0 risk=0.55
INFO:root:CLEAN <- RAW off=1799 → p=0, off=1713 | label=0 risk=0.36
INFO:root:CLEAN <- RAW off=1801 → p=0, off=1714 | label=0 risk=0.41
INFO:root:CLEAN <- RAW off=1802 → p=0, off=1715 | label=0 risk=0.78
INFO:root:CLEAN <- RAW off=1803 → p=0, off=1716 | label=0 risk=0.36
INFO:root:CLEAN <- RAW off=1804 → p=0, off=1717 | label=0 risk=0.36
INFO:root:CLEAN <- RAW off=1805 → p=0, off=1718 | label=0 risk=0.41
INFO:root:CLEAN <- RAW off=1806 → p=0, off=1719 | label=0 risk=0.40
INFO:root:CLEAN <- RAW off=1807 → p=0, off=1720 | label=0 risk=0.79
INFO:root:CLEAN <- RAW off=1808 → p=0, off=1721 | label=0 risk=0.41
INFO:root:CLEAN <- RAW off=1809 → p=0, off=1722 | label=0 risk=0.46
INFO:root:CLEAN <- RAW off=1810 → p=0, off=1723 | label=0 risk=0.36
INFO:root:CLEAN <- RAW off=1811 → p=0, off=1724 | label=0 risk=0.78
INFO:root:CLEAN <- RAW off=1812 → p=0, off=1725 | label=0 risk=0.39
INFO:root:CLEAN <- RAW off=1813 → p=0, off=1726 | label=0 risk=0.41
INFO:root:CLEAN <- RAW off=1814 → p=0, off=1727 | label=0 risk=0.48
INFO:root:CLEAN <- RAW off=1815 → p=0, off=1728 | label=0 risk=0.36
INFO:root:CLEAN <- RAW off=1816 → p=0, off=1729 | label=0 risk=0.80
INFO:root:CLEAN <- RAW off=1817 → p=0, off=1730 | label=0 risk=0.36
INFO:root:CLEAN <- RAW off=1818 → p=0, off=1731 | label=0 risk=0.36
INFO:root:CLEAN <- RAW off=1819 → p=0, off=1732 | label=0 risk=0.46
INFO:root:CLEAN <- RAW off=1820 → p=0, off=1733 | label=0 risk=0.41
INFO:root:CLEAN <- RAW off=1821 → p=0, off=1734 | label=0 risk=0.46
INFO:root:CLEAN <- RAW off=1822 → p=0, off=1735 | label=0 risk=0.37
INFO:root:CLEAN <- RAW off=1823 → p=0, off=1736 | label=0 risk=0.75
INFO:root:CLEAN <- RAW off=1824 → p=0, off=1737 | label=0 risk=0.46
INFO:root:CLEAN <- RAW off=1825 → p=0, off=1738 | label=0 risk=0.37
INFO:root:CLEAN <- RAW off=1826 → p=0, off=1739 | label=0 risk=0.41
INFO:root:CLEAN <- RAW off=1827 → p=0, off=1740 | label=0 risk=0.81
INFO:root:CLEAN <- RAW off=1828 → p=0, off=1741 | label=0 risk=0.37
INFO:root:CLEAN <- RAW off=1829 → p=0, off=1742 | label=0 risk=0.39
INFO:root:CLEAN <- RAW off=1830 → p=0, off=1743 | label=0 risk=0.36
INFO:root:CLEAN <- RAW off=1831 → p=0, off=1744 | label=0 risk=0.36
INFO:root:CLEAN <- RAW off=1832 → p=0, off=1745 | label=0 risk=0.36
INFO:root:CLEAN <- RAW off=1833 → p=0, off=1746 | label=0 risk=0.41
INFO:root:CLEAN <- RAW off=1834 → p=0, off=1747 | label=0 risk=0.53
INFO:root:CLEAN <- RAW off=1835 → p=0, off=1748 | label=0 risk=0.46
INFO:root:CLEAN <- RAW off=1836 → p=0, off=1749 | label=0 risk=0.36
INFO:root:CLEAN <- RAW off=1837 → p=0, off=1750 | label=0 risk=0.36
INFO:root:CLEAN <- RAW off=1838 → p=0, off=1751 | label=0 risk=0.75
INFO:root:CLEAN <- RAW off=1839 → p=0, off=1752 | label=0 risk=0.36
INFO:root:CLEAN <- RAW off=1840 → p=0, off=1753 | label=0 risk=0.36
INFO:root:CLEAN <- RAW off=1841 → p=0, off=1754 | label=0 risk=0.37
INFO:root:CLEAN <- RAW off=1842 → p=0, off=1755 | label=0 risk=0.36
INFO:root:CLEAN <- RAW off=1843 → p=0, off=1756 | label=0 risk=0.84
INFO:root:CLEAN <- RAW off=1844 → p=0, off=1757 | label=0 risk=0.75
INFO:root:CLEAN <- RAW off=1845 → p=0, off=1758 | label=0 risk=0.36
INFO:root:CLEAN <- RAW off=1846 → p=0, off=1759 | label=0 risk=0.74
INFO:root:CLEAN <- RAW off=1847 → p=0, off=1760 | label=0 risk=0.90
INFO:root:CLEAN <- RAW off=1848 → p=0, off=1761 | label=0 risk=0.90
INFO:root:CLEAN <- RAW off=1849 → p=0, off=1762 | label=0 risk=0.37
INFO:root:CLEAN <- RAW off=1850 → p=0, off=1763 | label=0 risk=0.88
INFO:root:CLEAN <- RAW off=1851 → p=0, off=1764 | label=0 risk=0.36
INFO:root:CLEAN <- RAW off=1852 → p=0, off=1765 | label=0 risk=0.36
INFO:root:CLEAN <- RAW off=1853 → p=0, off=1766 | label=0 risk=0.36
INFO:root:CLEAN <- RAW off=1854 → p=0, off=1767 | label=0 risk=0.36
INFO:root:CLEAN <- RAW off=1855 → p=0, off=1768 | label=0 risk=0.33
INFO:root:CLEAN <- RAW off=1857 → p=0, off=1769 | label=0 risk=0.47
INFO:root:CLEAN <- RAW off=1858 → p=0, off=1770 | label=0 risk=0.36
INFO:root:CLEAN <- RAW off=1859 → p=0, off=1771 | label=0 risk=0.36
INFO:root:CLEAN <- RAW off=1860 → p=0, off=1772 | label=0 risk=0.46
INFO:root:CLEAN <- RAW off=1861 → p=0, off=1773 | label=0 risk=0.36
INFO:root:CLEAN <- RAW off=1862 → p=0, off=1774 | label=0 risk=0.81
INFO:root:CLEAN <- RAW off=1863 → p=0, off=1775 | label=0 risk=0.36
INFO:root:CLEAN <- RAW off=1864 → p=0, off=1776 | label=0 risk=0.36
INFO:root:CLEAN <- RAW off=1865 → p=0, off=1777 | label=0 risk=0.36
INFO:root:CLEAN <- RAW off=1866 → p=0, off=1778 | label=0 risk=0.71
INFO:root:CLEAN <- RAW off=1867 → p=0, off=1779 | label=0 risk=0.41
INFO:root:CLEAN <- RAW off=1868 → p=0, off=1780 | label=0 risk=0.77
INFO:root:CLEAN <- RAW off=1869 → p=0, off=1781 | label=0 risk=0.47
INFO:root:CLEAN <- RAW off=1870 → p=0, off=1782 | label=0 risk=0.43
INFO:root:CLEAN <- RAW off=1871 → p=0, off=1783 | label=0 risk=0.28
INFO:root:CLEAN <- RAW off=1872 → p=0, off=1784 | label=0 risk=0.77
INFO:root:CLEAN <- RAW off=1873 → p=0, off=1785 | label=0 risk=0.39
INFO:root:CLEAN <- RAW off=1874 → p=0, off=1786 | label=0 risk=0.49
INFO:root:CLEAN <- RAW off=1875 → p=0, off=1787 | label=0 risk=0.47
INFO:root:CLEAN <- RAW off=1876 → p=0, off=1788 | label=0 risk=0.37
INFO:root:CLEAN <- RAW off=1878 → p=0, off=1789 | label=0 risk=0.78
INFO:root:CLEAN <- RAW off=1879 → p=0, off=1790 | label=0 risk=0.73
INFO:root:CLEAN <- RAW off=1880 → p=0, off=1791 | label=0 risk=0.39
INFO:root:CLEAN <- RAW off=1881 → p=0, off=1792 | label=0 risk=0.36
INFO:root:CLEAN <- RAW off=1882 → p=0, off=1793 | label=0 risk=0.80
INFO:root:CLEAN <- RAW off=1883 → p=0, off=1794 | label=0 risk=0.29
INFO:root:CLEAN <- RAW off=1884 → p=0, off=1795 | label=0 risk=0.29
INFO:root:CLEAN <- RAW off=1885 → p=0, off=1796 | label=0 risk=0.47
INFO:root:CLEAN <- RAW off=1886 → p=0, off=1797 | label=0 risk=0.36
INFO:root:CLEAN <- RAW off=1887 → p=0, off=1798 | label=0 risk=0.40
INFO:root:CLEAN <- RAW off=1888 → p=0, off=1799 | label=0 risk=0.46
INFO:root:Heartbeat: processed=1800
INFO:root:CLEAN <- RAW off=1889 → p=0, off=1800 | label=0 risk=0.47
INFO:root:CLEAN <- RAW off=1890 → p=0, off=1801 | label=0 risk=0.41
INFO:root:CLEAN <- RAW off=1892 → p=0, off=1802 | label=0 risk=0.41
INFO:root:CLEAN <- RAW off=1893 → p=0, off=1803 | label=0 risk=0.47
INFO:root:CLEAN <- RAW off=1894 → p=0, off=1804 | label=0 risk=0.36
INFO:root:CLEAN <- RAW off=1895 → p=0, off=1805 | label=0 risk=0.91
INFO:root:CLEAN <- RAW off=1896 → p=0, off=1806 | label=0 risk=0.41
INFO:root:CLEAN <- RAW off=1897 → p=0, off=1807 | label=0 risk=0.36
INFO:root:CLEAN <- RAW off=1898 → p=0, off=1808 | label=0 risk=0.89
INFO:root:CLEAN <- RAW off=1899 → p=0, off=1809 | label=0 risk=0.50
INFO:root:CLEAN <- RAW off=1900 → p=0, off=1810 | label=0 risk=0.36
INFO:root:CLEAN <- RAW off=1901 → p=0, off=1811 | label=0 risk=0.94
INFO:root:CLEAN <- RAW off=1902 → p=0, off=1812 | label=0 risk=0.41
INFO:root:CLEAN <- RAW off=1903 → p=0, off=1813 | label=0 risk=0.36
INFO:root:CLEAN <- RAW off=1904 → p=0, off=1814 | label=0 risk=0.37
INFO:root:CLEAN <- RAW off=1905 → p=0, off=1815 | label=0 risk=0.36
INFO:root:CLEAN <- RAW off=1906 → p=0, off=1816 | label=0 risk=0.41
INFO:root:CLEAN <- RAW off=1907 → p=0, off=1817 | label=0 risk=0.36
INFO:root:CLEAN <- RAW off=1908 → p=0, off=1818 | label=0 risk=0.42
INFO:root:CLEAN <- RAW off=1909 → p=0, off=1819 | label=0 risk=0.52
INFO:root:CLEAN <- RAW off=1910 → p=0, off=1820 | label=0 risk=0.37
INFO:root:CLEAN <- RAW off=1911 → p=0, off=1821 | label=0 risk=0.81
INFO:root:CLEAN <- RAW off=1912 → p=0, off=1822 | label=0 risk=0.36
INFO:root:CLEAN <- RAW off=1913 → p=0, off=1823 | label=0 risk=0.82
INFO:root:CLEAN <- RAW off=1914 → p=0, off=1824 | label=0 risk=0.36
INFO:root:CLEAN <- RAW off=1915 → p=0, off=1825 | label=0 risk=0.36
INFO:root:CLEAN <- RAW off=1916 → p=0, off=1826 | label=0 risk=0.59
INFO:root:CLEAN <- RAW off=1917 → p=0, off=1827 | label=0 risk=0.36
INFO:root:CLEAN <- RAW off=1918 → p=0, off=1828 | label=0 risk=0.29
INFO:root:CLEAN <- RAW off=1919 → p=0, off=1829 | label=0 risk=0.41
INFO:root:CLEAN <- RAW off=1920 → p=0, off=1830 | label=0 risk=0.29
INFO:root:CLEAN <- RAW off=1922 → p=0, off=1831 | label=0 risk=0.91
INFO:root:CLEAN <- RAW off=1923 → p=0, off=1832 | label=0 risk=0.82
INFO:root:CLEAN <- RAW off=1924 → p=0, off=1833 | label=0 risk=0.90
INFO:root:CLEAN <- RAW off=1925 → p=0, off=1834 | label=0 risk=0.73
INFO:root:CLEAN <- RAW off=1926 → p=0, off=1835 | label=0 risk=0.36
INFO:root:CLEAN <- RAW off=1927 → p=0, off=1836 | label=0 risk=0.75
INFO:root:CLEAN <- RAW off=1928 → p=0, off=1837 | label=0 risk=0.38
INFO:root:CLEAN <- RAW off=1929 → p=0, off=1838 | label=0 risk=0.40
INFO:root:CLEAN <- RAW off=1930 → p=0, off=1839 | label=0 risk=0.36
INFO:root:CLEAN <- RAW off=1931 → p=0, off=1840 | label=0 risk=0.39
INFO:root:CLEAN <- RAW off=1933 → p=0, off=1841 | label=0 risk=0.89
INFO:root:CLEAN <- RAW off=1934 → p=0, off=1842 | label=0 risk=0.41
INFO:root:CLEAN <- RAW off=1935 → p=0, off=1843 | label=0 risk=0.77
INFO:root:CLEAN <- RAW off=1936 → p=0, off=1844 | label=0 risk=0.36
INFO:root:CLEAN <- RAW off=1937 → p=0, off=1845 | label=0 risk=0.42
INFO:root:CLEAN <- RAW off=1938 → p=0, off=1846 | label=0 risk=0.75
INFO:root:CLEAN <- RAW off=1939 → p=0, off=1847 | label=0 risk=0.74
INFO:root:CLEAN <- RAW off=1940 → p=0, off=1848 | label=0 risk=0.29
INFO:root:CLEAN <- RAW off=1941 → p=0, off=1849 | label=0 risk=0.36
INFO:root:CLEAN <- RAW off=1942 → p=0, off=1850 | label=0 risk=0.47
INFO:root:CLEAN <- RAW off=1943 → p=0, off=1851 | label=0 risk=0.36
INFO:root:CLEAN <- RAW off=1944 → p=0, off=1852 | label=0 risk=0.41
INFO:root:CLEAN <- RAW off=1945 → p=0, off=1853 | label=0 risk=0.47
INFO:root:CLEAN <- RAW off=1946 → p=0, off=1854 | label=0 risk=0.42
INFO:root:CLEAN <- RAW off=1947 → p=0, off=1855 | label=0 risk=0.36
INFO:root:CLEAN <- RAW off=1948 → p=0, off=1856 | label=0 risk=0.36
INFO:root:CLEAN <- RAW off=1949 → p=0, off=1857 | label=0 risk=0.36
INFO:root:CLEAN <- RAW off=1950 → p=0, off=1858 | label=0 risk=0.77
INFO:root:CLEAN <- RAW off=1951 → p=0, off=1859 | label=0 risk=0.36
INFO:root:CLEAN <- RAW off=1952 → p=0, off=1860 | label=0 risk=0.41
INFO:root:CLEAN <- RAW off=1953 → p=0, off=1861 | label=0 risk=0.47
INFO:root:CLEAN <- RAW off=1954 → p=0, off=1862 | label=0 risk=0.36
INFO:root:CLEAN <- RAW off=1955 → p=0, off=1863 | label=0 risk=0.36
INFO:root:CLEAN <- RAW off=1957 → p=0, off=1864 | label=0 risk=0.38
INFO:root:CLEAN <- RAW off=1958 → p=0, off=1865 | label=0 risk=0.72
INFO:root:CLEAN <- RAW off=1959 → p=0, off=1866 | label=0 risk=0.36
INFO:root:CLEAN <- RAW off=1960 → p=0, off=1867 | label=0 risk=0.43
INFO:root:CLEAN <- RAW off=1962 → p=0, off=1868 | label=0 risk=0.41
INFO:root:CLEAN <- RAW off=1963 → p=0, off=1869 | label=0 risk=0.36
INFO:root:CLEAN <- RAW off=1964 → p=0, off=1870 | label=0 risk=0.46
INFO:root:CLEAN <- RAW off=1965 → p=0, off=1871 | label=0 risk=0.72
INFO:root:CLEAN <- RAW off=1966 → p=0, off=1872 | label=0 risk=0.46
INFO:root:CLEAN <- RAW off=1967 → p=0, off=1873 | label=0 risk=0.41
INFO:root:CLEAN <- RAW off=1968 → p=0, off=1874 | label=0 risk=0.47
INFO:root:CLEAN <- RAW off=1969 → p=0, off=1875 | label=0 risk=0.36
INFO:root:CLEAN <- RAW off=1970 → p=0, off=1876 | label=0 risk=0.42
INFO:root:CLEAN <- RAW off=1971 → p=0, off=1877 | label=0 risk=0.41
INFO:root:CLEAN <- RAW off=1972 → p=0, off=1878 | label=0 risk=0.36
INFO:root:CLEAN <- RAW off=1973 → p=0, off=1879 | label=0 risk=0.36
INFO:root:CLEAN <- RAW off=1974 → p=0, off=1880 | label=0 risk=0.81
INFO:root:CLEAN <- RAW off=1975 → p=0, off=1881 | label=0 risk=0.93
INFO:root:CLEAN <- RAW off=1976 → p=0, off=1882 | label=0 risk=0.94
INFO:root:CLEAN <- RAW off=1977 → p=0, off=1883 | label=0 risk=0.89
INFO:root:CLEAN <- RAW off=1978 → p=0, off=1884 | label=0 risk=0.35
INFO:root:CLEAN <- RAW off=1979 → p=0, off=1885 | label=0 risk=0.49
INFO:root:CLEAN <- RAW off=1980 → p=0, off=1886 | label=0 risk=0.37
INFO:root:CLEAN <- RAW off=1981 → p=0, off=1887 | label=0 risk=0.47
INFO:root:CLEAN <- RAW off=1982 → p=0, off=1888 | label=0 risk=0.47
INFO:root:CLEAN <- RAW off=1983 → p=0, off=1889 | label=0 risk=0.93
INFO:root:CLEAN <- RAW off=1985 → p=0, off=1890 | label=0 risk=0.74
INFO:root:CLEAN <- RAW off=1986 → p=0, off=1891 | label=0 risk=0.46
INFO:root:CLEAN <- RAW off=1988 → p=0, off=1892 | label=0 risk=0.46
INFO:root:CLEAN <- RAW off=1989 → p=0, off=1893 | label=0 risk=0.36
INFO:root:CLEAN <- RAW off=1990 → p=0, off=1894 | label=0 risk=0.46
INFO:root:CLEAN <- RAW off=1991 → p=0, off=1895 | label=0 risk=0.46
INFO:root:CLEAN <- RAW off=1992 → p=0, off=1896 | label=0 risk=0.77
INFO:root:CLEAN <- RAW off=1993 → p=0, off=1897 | label=0 risk=0.37
INFO:root:CLEAN <- RAW off=1994 → p=0, off=1898 | label=0 risk=0.28
INFO:root:CLEAN <- RAW off=1995 → p=0, off=1899 | label=0 risk=0.91
INFO:root:CLEAN <- RAW off=1996 → p=0, off=1900 | label=0 risk=0.36
INFO:root:CLEAN <- RAW off=1997 → p=0, off=1901 | label=0 risk=0.91
INFO:root:CLEAN <- RAW off=1998 → p=0, off=1902 | label=0 risk=0.47
INFO:root:CLEAN <- RAW off=1999 → p=0, off=1903 | label=0 risk=0.46
INFO:root:CLEAN <- RAW off=2000 → p=0, off=1904 | label=0 risk=0.79
INFO:root:CLEAN <- RAW off=2001 → p=0, off=1905 | label=0 risk=0.36
INFO:root:CLEAN <- RAW off=2002 → p=0, off=1906 | label=0 risk=0.41
INFO:root:CLEAN <- RAW off=2003 → p=0, off=1907 | label=0 risk=0.28
INFO:root:CLEAN <- RAW off=2004 → p=0, off=1908 | label=0 risk=0.37
INFO:root:CLEAN <- RAW off=2005 → p=0, off=1909 | label=0 risk=0.36
INFO:root:CLEAN <- RAW off=2006 → p=0, off=1910 | label=0 risk=0.74
INFO:root:CLEAN <- RAW off=2007 → p=0, off=1911 | label=0 risk=0.46
INFO:root:CLEAN <- RAW off=2008 → p=0, off=1912 | label=0 risk=0.81
INFO:root:CLEAN <- RAW off=2009 → p=0, off=1913 | label=0 risk=0.90
INFO:root:CLEAN <- RAW off=2010 → p=0, off=1914 | label=0 risk=0.95
INFO:root:CLEAN <- RAW off=2011 → p=0, off=1915 | label=0 risk=0.29
INFO:root:CLEAN <- RAW off=2012 → p=0, off=1916 | label=0 risk=0.36
INFO:root:CLEAN <- RAW off=2013 → p=0, off=1917 | label=0 risk=0.42
INFO:root:CLEAN <- RAW off=2014 → p=0, off=1918 | label=0 risk=0.37
INFO:root:CLEAN <- RAW off=2015 → p=0, off=1919 | label=0 risk=0.77
INFO:root:CLEAN <- RAW off=2016 → p=0, off=1920 | label=0 risk=0.39
INFO:root:CLEAN <- RAW off=2017 → p=0, off=1921 | label=0 risk=0.39
INFO:root:CLEAN <- RAW off=2018 → p=0, off=1922 | label=0 risk=0.46
INFO:root:CLEAN <- RAW off=2019 → p=0, off=1923 | label=0 risk=0.41
INFO:root:CLEAN <- RAW off=2020 → p=0, off=1924 | label=0 risk=0.77
INFO:root:CLEAN <- RAW off=2021 → p=0, off=1925 | label=0 risk=0.95
INFO:root:CLEAN <- RAW off=2023 → p=0, off=1926 | label=0 risk=0.36
INFO:root:CLEAN <- RAW off=2024 → p=0, off=1927 | label=0 risk=0.43
INFO:root:CLEAN <- RAW off=2025 → p=0, off=1928 | label=0 risk=0.36
INFO:root:CLEAN <- RAW off=2026 → p=0, off=1929 | label=0 risk=0.36
INFO:root:CLEAN <- RAW off=2027 → p=0, off=1930 | label=0 risk=0.41
INFO:root:CLEAN <- RAW off=2028 → p=0, off=1931 | label=0 risk=0.36
INFO:root:CLEAN <- RAW off=2029 → p=0, off=1932 | label=0 risk=0.36
INFO:root:CLEAN <- RAW off=2031 → p=0, off=1933 | label=0 risk=0.33
INFO:root:CLEAN <- RAW off=2032 → p=0, off=1934 | label=0 risk=0.37
INFO:root:CLEAN <- RAW off=2033 → p=0, off=1935 | label=0 risk=0.42
INFO:root:CLEAN <- RAW off=2034 → p=0, off=1936 | label=0 risk=0.37
INFO:root:CLEAN <- RAW off=2035 → p=0, off=1937 | label=0 risk=0.46
INFO:root:CLEAN <- RAW off=2036 → p=0, off=1938 | label=0 risk=0.74
INFO:root:CLEAN <- RAW off=2037 → p=0, off=1939 | label=0 risk=0.87
INFO:root:CLEAN <- RAW off=2038 → p=0, off=1940 | label=0 risk=0.36
INFO:root:CLEAN <- RAW off=2039 → p=0, off=1941 | label=0 risk=0.47
INFO:root:CLEAN <- RAW off=2040 → p=0, off=1942 | label=0 risk=0.39
INFO:root:CLEAN <- RAW off=2041 → p=0, off=1943 | label=0 risk=0.46
INFO:root:CLEAN <- RAW off=2042 → p=0, off=1944 | label=0 risk=0.41
INFO:root:CLEAN <- RAW off=2043 → p=0, off=1945 | label=0 risk=0.41
INFO:root:CLEAN <- RAW off=2044 → p=0, off=1946 | label=0 risk=0.47
INFO:root:CLEAN <- RAW off=2045 → p=0, off=1947 | label=0 risk=0.41
INFO:root:CLEAN <- RAW off=2046 → p=0, off=1948 | label=0 risk=0.42
INFO:root:CLEAN <- RAW off=2047 → p=0, off=1949 | label=0 risk=0.92
INFO:root:CLEAN <- RAW off=2048 → p=0, off=1950 | label=0 risk=0.36
INFO:root:CLEAN <- RAW off=2049 → p=0, off=1951 | label=0 risk=0.29
INFO:root:CLEAN <- RAW off=2050 → p=0, off=1952 | label=0 risk=0.29
INFO:root:CLEAN <- RAW off=2051 → p=0, off=1953 | label=0 risk=0.74
INFO:root:CLEAN <- RAW off=2052 → p=0, off=1954 | label=0 risk=0.50
INFO:root:CLEAN <- RAW off=2053 → p=0, off=1955 | label=0 risk=0.46
INFO:root:CLEAN <- RAW off=2054 → p=0, off=1956 | label=0 risk=0.78
INFO:root:CLEAN <- RAW off=2055 → p=0, off=1957 | label=0 risk=0.94
INFO:root:CLEAN <- RAW off=2056 → p=0, off=1958 | label=0 risk=0.41
INFO:root:CLEAN <- RAW off=2057 → p=0, off=1959 | label=0 risk=0.52
INFO:root:CLEAN <- RAW off=2058 → p=0, off=1960 | label=0 risk=0.37
INFO:root:CLEAN <- RAW off=2059 → p=0, off=1961 | label=0 risk=0.36
INFO:root:CLEAN <- RAW off=2060 → p=0, off=1962 | label=0 risk=0.47
INFO:root:CLEAN <- RAW off=2061 → p=0, off=1963 | label=0 risk=0.37
INFO:root:CLEAN <- RAW off=2062 → p=0, off=1964 | label=0 risk=0.41
INFO:root:CLEAN <- RAW off=2063 → p=0, off=1965 | label=0 risk=0.41
INFO:root:CLEAN <- RAW off=2064 → p=0, off=1966 | label=0 risk=0.36
INFO:root:CLEAN <- RAW off=2065 → p=0, off=1967 | label=0 risk=0.41
INFO:root:CLEAN <- RAW off=2066 → p=0, off=1968 | label=0 risk=0.36
INFO:root:CLEAN <- RAW off=2067 → p=0, off=1969 | label=0 risk=0.46
INFO:root:CLEAN <- RAW off=2069 → p=0, off=1970 | label=0 risk=0.51
INFO:root:CLEAN <- RAW off=2070 → p=0, off=1971 | label=0 risk=0.85
INFO:root:CLEAN <- RAW off=2072 → p=0, off=1972 | label=0 risk=0.72
INFO:root:CLEAN <- RAW off=2073 → p=0, off=1973 | label=0 risk=0.90
INFO:root:CLEAN <- RAW off=2074 → p=0, off=1974 | label=0 risk=0.36
INFO:root:CLEAN <- RAW off=2075 → p=0, off=1975 | label=0 risk=0.36
INFO:root:CLEAN <- RAW off=2076 → p=0, off=1976 | label=0 risk=0.36
INFO:root:CLEAN <- RAW off=2077 → p=0, off=1977 | label=0 risk=0.46
INFO:root:CLEAN <- RAW off=2078 → p=0, off=1978 | label=0 risk=0.43
INFO:root:CLEAN <- RAW off=2079 → p=0, off=1979 | label=0 risk=0.41
INFO:root:CLEAN <- RAW off=2080 → p=0, off=1980 | label=0 risk=0.41
INFO:root:CLEAN <- RAW off=2081 → p=0, off=1981 | label=0 risk=0.41
INFO:root:CLEAN <- RAW off=2082 → p=0, off=1982 | label=0 risk=0.41
INFO:root:CLEAN <- RAW off=2083 → p=0, off=1983 | label=0 risk=0.42
INFO:root:CLEAN <- RAW off=2084 → p=0, off=1984 | label=0 risk=0.79
INFO:root:CLEAN <- RAW off=2085 → p=0, off=1985 | label=0 risk=0.37
INFO:root:CLEAN <- RAW off=2086 → p=0, off=1986 | label=0 risk=0.41
INFO:root:CLEAN <- RAW off=2087 → p=0, off=1987 | label=0 risk=0.46
INFO:root:CLEAN <- RAW off=2088 → p=0, off=1988 | label=0 risk=0.36
INFO:root:CLEAN <- RAW off=2089 → p=0, off=1989 | label=0 risk=0.47
INFO:root:CLEAN <- RAW off=2090 → p=0, off=1990 | label=0 risk=0.93
INFO:root:CLEAN <- RAW off=2091 → p=0, off=1991 | label=0 risk=0.41
INFO:root:CLEAN <- RAW off=2092 → p=0, off=1992 | label=0 risk=0.36
INFO:root:CLEAN <- RAW off=2093 → p=0, off=1993 | label=0 risk=0.36
INFO:root:CLEAN <- RAW off=2094 → p=0, off=1994 | label=0 risk=0.36
INFO:root:CLEAN <- RAW off=2095 → p=0, off=1995 | label=0 risk=0.36
INFO:root:CLEAN <- RAW off=2096 → p=0, off=1996 | label=0 risk=0.41
INFO:root:CLEAN <- RAW off=2097 → p=0, off=1997 | label=0 risk=0.72
INFO:root:CLEAN <- RAW off=2098 → p=0, off=1998 | label=0 risk=0.47
INFO:root:CLEAN <- RAW off=2099 → p=0, off=1999 | label=0 risk=0.77
INFO:root:Heartbeat: processed=2000
INFO:root:CLEAN <- RAW off=2100 → p=0, off=2000 | label=0 risk=0.47
INFO:root:CLEAN <- RAW off=2102 → p=0, off=2001 | label=0 risk=0.34
INFO:root:CLEAN <- RAW off=2105 → p=0, off=2002 | label=0 risk=0.86
INFO:root:CLEAN <- RAW off=2106 → p=0, off=2003 | label=0 risk=0.46
INFO:root:CLEAN <- RAW off=2107 → p=0, off=2004 | label=0 risk=0.36
INFO:root:CLEAN <- RAW off=2108 → p=0, off=2005 | label=0 risk=0.41
INFO:root:CLEAN <- RAW off=2109 → p=0, off=2006 | label=0 risk=0.77
INFO:root:CLEAN <- RAW off=2110 → p=0, off=2007 | label=0 risk=0.36
INFO:root:CLEAN <- RAW off=2111 → p=0, off=2008 | label=0 risk=0.36
INFO:root:CLEAN <- RAW off=2113 → p=0, off=2009 | label=0 risk=0.81
INFO:root:CLEAN <- RAW off=2114 → p=0, off=2010 | label=0 risk=0.36
INFO:root:CLEAN <- RAW off=2115 → p=0, off=2011 | label=0 risk=0.37
INFO:root:CLEAN <- RAW off=2116 → p=0, off=2012 | label=0 risk=0.36
INFO:root:CLEAN <- RAW off=2117 → p=0, off=2013 | label=0 risk=0.53
INFO:root:CLEAN <- RAW off=2118 → p=0, off=2014 | label=0 risk=0.47
INFO:root:CLEAN <- RAW off=2119 → p=0, off=2015 | label=0 risk=0.41
INFO:root:CLEAN <- RAW off=2120 → p=0, off=2016 | label=0 risk=0.41
INFO:root:CLEAN <- RAW off=2121 → p=0, off=2017 | label=0 risk=0.77
INFO:root:CLEAN <- RAW off=2122 → p=0, off=2018 | label=0 risk=0.36
INFO:root:CLEAN <- RAW off=2123 → p=0, off=2019 | label=0 risk=0.36
INFO:root:CLEAN <- RAW off=2124 → p=0, off=2020 | label=0 risk=0.41
INFO:root:CLEAN <- RAW off=2126 → p=0, off=2021 | label=0 risk=0.46
INFO:root:CLEAN <- RAW off=2127 → p=0, off=2022 | label=0 risk=0.36
INFO:root:CLEAN <- RAW off=2128 → p=0, off=2023 | label=0 risk=0.76
INFO:root:CLEAN <- RAW off=2129 → p=0, off=2024 | label=0 risk=0.95
INFO:root:CLEAN <- RAW off=2130 → p=0, off=2025 | label=0 risk=0.51
INFO:root:CLEAN <- RAW off=2132 → p=0, off=2026 | label=0 risk=0.36
INFO:root:CLEAN <- RAW off=2133 → p=0, off=2027 | label=0 risk=0.46
INFO:root:CLEAN <- RAW off=2134 → p=0, off=2028 | label=0 risk=0.36
INFO:root:CLEAN <- RAW off=2135 → p=0, off=2029 | label=0 risk=0.46
INFO:root:CLEAN <- RAW off=2136 → p=0, off=2030 | label=0 risk=0.46
INFO:root:CLEAN <- RAW off=2137 → p=0, off=2031 | label=0 risk=0.37
INFO:root:CLEAN <- RAW off=2138 → p=0, off=2032 | label=0 risk=0.36
INFO:root:CLEAN <- RAW off=2139 → p=0, off=2033 | label=0 risk=0.88
INFO:root:CLEAN <- RAW off=2140 → p=0, off=2034 | label=0 risk=0.36
INFO:root:CLEAN <- RAW off=2141 → p=0, off=2035 | label=0 risk=0.80
INFO:root:CLEAN <- RAW off=2142 → p=0, off=2036 | label=0 risk=0.36
INFO:root:CLEAN <- RAW off=2143 → p=0, off=2037 | label=0 risk=0.36
INFO:root:CLEAN <- RAW off=2145 → p=0, off=2038 | label=0 risk=0.36
INFO:root:CLEAN <- RAW off=2148 → p=0, off=2039 | label=0 risk=0.37
INFO:root:CLEAN <- RAW off=2149 → p=0, off=2040 | label=0 risk=0.38
INFO:root:CLEAN <- RAW off=2150 → p=0, off=2041 | label=0 risk=0.36
INFO:root:CLEAN <- RAW off=2151 → p=0, off=2042 | label=0 risk=0.36
INFO:root:CLEAN <- RAW off=2152 → p=0, off=2043 | label=0 risk=0.90
INFO:root:CLEAN <- RAW off=2153 → p=0, off=2044 | label=0 risk=0.36
INFO:root:CLEAN <- RAW off=2154 → p=0, off=2045 | label=0 risk=0.36
INFO:root:CLEAN <- RAW off=2155 → p=0, off=2046 | label=0 risk=0.34
INFO:root:CLEAN <- RAW off=2156 → p=0, off=2047 | label=0 risk=0.41
INFO:root:CLEAN <- RAW off=2157 → p=0, off=2048 | label=0 risk=0.46
INFO:root:CLEAN <- RAW off=2158 → p=0, off=2049 | label=0 risk=0.37
INFO:root:CLEAN <- RAW off=2159 → p=0, off=2050 | label=0 risk=0.40
INFO:root:CLEAN <- RAW off=2160 → p=0, off=2051 | label=0 risk=0.36
INFO:root:CLEAN <- RAW off=2162 → p=0, off=2052 | label=0 risk=0.41
INFO:root:CLEAN <- RAW off=2163 → p=0, off=2053 | label=0 risk=0.36
INFO:root:CLEAN <- RAW off=2164 → p=0, off=2054 | label=0 risk=0.71
INFO:root:CLEAN <- RAW off=2165 → p=0, off=2055 | label=0 risk=0.36
INFO:root:CLEAN <- RAW off=2167 → p=0, off=2056 | label=0 risk=0.78
INFO:root:CLEAN <- RAW off=2168 → p=0, off=2057 | label=0 risk=0.46
INFO:root:CLEAN <- RAW off=2169 → p=0, off=2058 | label=0 risk=0.36
INFO:root:CLEAN <- RAW off=2170 → p=0, off=2059 | label=0 risk=0.36
INFO:root:CLEAN <- RAW off=2171 → p=0, off=2060 | label=0 risk=0.75
INFO:root:CLEAN <- RAW off=2172 → p=0, off=2061 | label=0 risk=0.41
INFO:root:CLEAN <- RAW off=2173 → p=0, off=2062 | label=0 risk=0.36
INFO:root:CLEAN <- RAW off=2175 → p=0, off=2063 | label=0 risk=0.41
INFO:root:CLEAN <- RAW off=2176 → p=0, off=2064 | label=0 risk=0.89
INFO:root:CLEAN <- RAW off=2177 → p=0, off=2065 | label=0 risk=0.33
INFO:root:CLEAN <- RAW off=2178 → p=0, off=2066 | label=0 risk=0.36
INFO:root:CLEAN <- RAW off=2179 → p=0, off=2067 | label=0 risk=0.93
INFO:root:CLEAN <- RAW off=2180 → p=0, off=2068 | label=0 risk=0.41
INFO:root:CLEAN <- RAW off=2181 → p=0, off=2069 | label=0 risk=0.36
INFO:root:CLEAN <- RAW off=2182 → p=0, off=2070 | label=0 risk=0.36
INFO:root:CLEAN <- RAW off=2183 → p=0, off=2071 | label=0 risk=0.29
INFO:root:CLEAN <- RAW off=2184 → p=0, off=2072 | label=0 risk=0.90
INFO:root:CLEAN <- RAW off=2185 → p=0, off=2073 | label=0 risk=0.33
INFO:root:CLEAN <- RAW off=2186 → p=0, off=2074 | label=0 risk=0.36
INFO:root:CLEAN <- RAW off=2187 → p=0, off=2075 | label=0 risk=0.40
INFO:root:CLEAN <- RAW off=2188 → p=0, off=2076 | label=0 risk=0.40
INFO:root:CLEAN <- RAW off=2189 → p=0, off=2077 | label=0 risk=0.36
INFO:root:CLEAN <- RAW off=2190 → p=0, off=2078 | label=0 risk=0.46
INFO:root:CLEAN <- RAW off=2191 → p=0, off=2079 | label=0 risk=0.36
INFO:root:CLEAN <- RAW off=2192 → p=0, off=2080 | label=0 risk=0.40
INFO:root:CLEAN <- RAW off=2193 → p=0, off=2081 | label=0 risk=0.90
INFO:root:CLEAN <- RAW off=2194 → p=0, off=2082 | label=0 risk=0.36
INFO:root:CLEAN <- RAW off=2195 → p=0, off=2083 | label=0 risk=0.52
INFO:root:CLEAN <- RAW off=2196 → p=0, off=2084 | label=0 risk=0.36
INFO:root:CLEAN <- RAW off=2197 → p=0, off=2085 | label=0 risk=0.36
INFO:root:CLEAN <- RAW off=2198 → p=0, off=2086 | label=0 risk=0.73
INFO:root:CLEAN <- RAW off=2199 → p=0, off=2087 | label=0 risk=0.50
INFO:root:CLEAN <- RAW off=2201 → p=0, off=2088 | label=0 risk=0.75
INFO:root:CLEAN <- RAW off=2202 → p=0, off=2089 | label=0 risk=0.38
INFO:root:CLEAN <- RAW off=2203 → p=0, off=2090 | label=0 risk=0.45
INFO:root:CLEAN <- RAW off=2205 → p=0, off=2091 | label=0 risk=0.36
INFO:root:CLEAN <- RAW off=2206 → p=0, off=2092 | label=0 risk=0.36
INFO:root:CLEAN <- RAW off=2207 → p=0, off=2093 | label=0 risk=0.49
INFO:root:CLEAN <- RAW off=2208 → p=0, off=2094 | label=0 risk=0.80
INFO:root:CLEAN <- RAW off=2209 → p=0, off=2095 | label=0 risk=0.50
INFO:root:CLEAN <- RAW off=2210 → p=0, off=2096 | label=0 risk=0.47
INFO:root:CLEAN <- RAW off=2211 → p=0, off=2097 | label=0 risk=0.41
INFO:root:CLEAN <- RAW off=2212 → p=0, off=2098 | label=0 risk=0.41
INFO:root:CLEAN <- RAW off=2213 → p=0, off=2099 | label=0 risk=0.36
INFO:root:CLEAN <- RAW off=2214 → p=0, off=2100 | label=0 risk=0.36
INFO:root:CLEAN <- RAW off=2215 → p=0, off=2101 | label=0 risk=0.41
INFO:root:CLEAN <- RAW off=2216 → p=0, off=2102 | label=0 risk=0.73
INFO:root:CLEAN <- RAW off=2217 → p=0, off=2103 | label=0 risk=0.96
INFO:root:CLEAN <- RAW off=2218 → p=0, off=2104 | label=0 risk=0.36
INFO:root:CLEAN <- RAW off=2219 → p=0, off=2105 | label=0 risk=0.36
INFO:root:CLEAN <- RAW off=2220 → p=0, off=2106 | label=0 risk=0.36
INFO:root:CLEAN <- RAW off=2221 → p=0, off=2107 | label=0 risk=0.71
INFO:root:CLEAN <- RAW off=2222 → p=0, off=2108 | label=0 risk=0.83
INFO:root:CLEAN <- RAW off=2223 → p=0, off=2109 | label=0 risk=0.39
INFO:root:CLEAN <- RAW off=2224 → p=0, off=2110 | label=0 risk=0.37
INFO:root:CLEAN <- RAW off=2225 → p=0, off=2111 | label=0 risk=0.36
INFO:root:CLEAN <- RAW off=2226 → p=0, off=2112 | label=0 risk=0.41
INFO:root:CLEAN <- RAW off=2227 → p=0, off=2113 | label=0 risk=0.92
INFO:root:CLEAN <- RAW off=2228 → p=0, off=2114 | label=0 risk=0.46
INFO:root:CLEAN <- RAW off=2229 → p=0, off=2115 | label=0 risk=0.41
INFO:root:CLEAN <- RAW off=2230 → p=0, off=2116 | label=0 risk=0.50
INFO:root:CLEAN <- RAW off=2231 → p=0, off=2117 | label=0 risk=0.59
INFO:root:CLEAN <- RAW off=2232 → p=0, off=2118 | label=0 risk=0.36
INFO:root:CLEAN <- RAW off=2233 → p=0, off=2119 | label=0 risk=0.78
INFO:root:CLEAN <- RAW off=2234 → p=0, off=2120 | label=0 risk=0.78
INFO:root:CLEAN <- RAW off=2236 → p=0, off=2121 | label=0 risk=0.79
INFO:root:CLEAN <- RAW off=2237 → p=0, off=2122 | label=0 risk=0.36
INFO:root:CLEAN <- RAW off=2238 → p=0, off=2123 | label=0 risk=0.42
INFO:root:CLEAN <- RAW off=2239 → p=0, off=2124 | label=0 risk=0.41
INFO:root:CLEAN <- RAW off=2240 → p=0, off=2125 | label=0 risk=0.47
INFO:root:CLEAN <- RAW off=2241 → p=0, off=2126 | label=0 risk=0.49
INFO:root:CLEAN <- RAW off=2242 → p=0, off=2127 | label=0 risk=0.36
INFO:root:CLEAN <- RAW off=2243 → p=0, off=2128 | label=0 risk=0.36
INFO:root:CLEAN <- RAW off=2244 → p=0, off=2129 | label=0 risk=0.78
INFO:root:CLEAN <- RAW off=2245 → p=0, off=2130 | label=0 risk=0.40
INFO:root:CLEAN <- RAW off=2246 → p=0, off=2131 | label=0 risk=0.41
INFO:root:CLEAN <- RAW off=2247 → p=0, off=2132 | label=0 risk=0.36
INFO:root:CLEAN <- RAW off=2248 → p=0, off=2133 | label=0 risk=0.36
INFO:root:CLEAN <- RAW off=2249 → p=0, off=2134 | label=0 risk=0.36
INFO:root:CLEAN <- RAW off=2250 → p=0, off=2135 | label=0 risk=0.37
INFO:root:CLEAN <- RAW off=2251 → p=0, off=2136 | label=0 risk=0.50
INFO:root:CLEAN <- RAW off=2252 → p=0, off=2137 | label=0 risk=0.36
INFO:root:CLEAN <- RAW off=2253 → p=0, off=2138 | label=0 risk=0.34
INFO:root:CLEAN <- RAW off=2254 → p=0, off=2139 | label=0 risk=0.46
INFO:root:CLEAN <- RAW off=2255 → p=0, off=2140 | label=0 risk=0.46
INFO:root:CLEAN <- RAW off=2256 → p=0, off=2141 | label=0 risk=0.79
INFO:root:CLEAN <- RAW off=2257 → p=0, off=2142 | label=0 risk=0.77
INFO:root:CLEAN <- RAW off=2258 → p=0, off=2143 | label=0 risk=0.42
INFO:root:CLEAN <- RAW off=2259 → p=0, off=2144 | label=0 risk=0.36
INFO:root:CLEAN <- RAW off=2260 → p=0, off=2145 | label=0 risk=0.36
INFO:root:CLEAN <- RAW off=2261 → p=0, off=2146 | label=0 risk=0.41
INFO:root:CLEAN <- RAW off=2262 → p=0, off=2147 | label=0 risk=0.41
INFO:root:CLEAN <- RAW off=2263 → p=0, off=2148 | label=0 risk=0.39
INFO:root:CLEAN <- RAW off=2264 → p=0, off=2149 | label=0 risk=0.41
INFO:root:CLEAN <- RAW off=2265 → p=0, off=2150 | label=0 risk=0.47
INFO:root:CLEAN <- RAW off=2266 → p=0, off=2151 | label=0 risk=0.29
INFO:root:CLEAN <- RAW off=2267 → p=0, off=2152 | label=0 risk=0.36
INFO:root:CLEAN <- RAW off=2268 → p=0, off=2153 | label=0 risk=0.38
INFO:root:CLEAN <- RAW off=2269 → p=0, off=2154 | label=0 risk=0.36
INFO:root:CLEAN <- RAW off=2270 → p=0, off=2155 | label=0 risk=0.41
INFO:root:CLEAN <- RAW off=2271 → p=0, off=2156 | label=0 risk=0.41
INFO:root:CLEAN <- RAW off=2272 → p=0, off=2157 | label=0 risk=0.77
INFO:root:CLEAN <- RAW off=2273 → p=0, off=2158 | label=0 risk=0.36
INFO:root:CLEAN <- RAW off=2274 → p=0, off=2159 | label=0 risk=0.29
INFO:root:CLEAN <- RAW off=2275 → p=0, off=2160 | label=0 risk=0.42
INFO:root:CLEAN <- RAW off=2276 → p=0, off=2161 | label=0 risk=0.91
INFO:root:CLEAN <- RAW off=2277 → p=0, off=2162 | label=0 risk=0.74
INFO:root:CLEAN <- RAW off=2278 → p=0, off=2163 | label=0 risk=0.46
INFO:root:CLEAN <- RAW off=2279 → p=0, off=2164 | label=0 risk=0.37
INFO:root:CLEAN <- RAW off=2282 → p=0, off=2165 | label=0 risk=0.40
INFO:root:CLEAN <- RAW off=2283 → p=0, off=2166 | label=0 risk=0.71
INFO:root:CLEAN <- RAW off=2284 → p=0, off=2167 | label=0 risk=0.76
INFO:root:CLEAN <- RAW off=2285 → p=0, off=2168 | label=0 risk=0.36
INFO:root:CLEAN <- RAW off=2286 → p=0, off=2169 | label=0 risk=0.36
INFO:root:CLEAN <- RAW off=2287 → p=0, off=2170 | label=0 risk=0.91
INFO:root:CLEAN <- RAW off=2288 → p=0, off=2171 | label=0 risk=0.41
INFO:root:CLEAN <- RAW off=2289 → p=0, off=2172 | label=0 risk=0.36
INFO:root:CLEAN <- RAW off=2290 → p=0, off=2173 | label=0 risk=0.73
INFO:root:CLEAN <- RAW off=2291 → p=0, off=2174 | label=0 risk=0.36
INFO:root:CLEAN <- RAW off=2292 → p=0, off=2175 | label=0 risk=0.41
INFO:root:CLEAN <- RAW off=2293 → p=0, off=2176 | label=0 risk=0.86
INFO:root:CLEAN <- RAW off=2294 → p=0, off=2177 | label=0 risk=0.36
INFO:root:CLEAN <- RAW off=2295 → p=0, off=2178 | label=0 risk=0.47
INFO:root:CLEAN <- RAW off=2296 → p=0, off=2179 | label=0 risk=0.82
INFO:root:CLEAN <- RAW off=2297 → p=0, off=2180 | label=0 risk=0.89
INFO:root:CLEAN <- RAW off=2298 → p=0, off=2181 | label=0 risk=0.90
INFO:root:CLEAN <- RAW off=2299 → p=0, off=2182 | label=0 risk=0.36
INFO:root:CLEAN <- RAW off=2300 → p=0, off=2183 | label=0 risk=0.41
INFO:root:CLEAN <- RAW off=2301 → p=0, off=2184 | label=0 risk=0.88
INFO:root:CLEAN <- RAW off=2302 → p=0, off=2185 | label=0 risk=0.79
INFO:root:CLEAN <- RAW off=2303 → p=0, off=2186 | label=0 risk=0.88
INFO:root:CLEAN <- RAW off=2304 → p=0, off=2187 | label=0 risk=0.36
INFO:root:CLEAN <- RAW off=2305 → p=0, off=2188 | label=0 risk=0.29
INFO:root:CLEAN <- RAW off=2306 → p=0, off=2189 | label=0 risk=0.41
INFO:root:CLEAN <- RAW off=2307 → p=0, off=2190 | label=0 risk=0.46
INFO:root:CLEAN <- RAW off=2308 → p=0, off=2191 | label=0 risk=0.39
INFO:root:CLEAN <- RAW off=2309 → p=0, off=2192 | label=0 risk=0.36
INFO:root:CLEAN <- RAW off=2311 → p=0, off=2193 | label=0 risk=0.36
INFO:root:CLEAN <- RAW off=2312 → p=0, off=2194 | label=0 risk=0.72
INFO:root:CLEAN <- RAW off=2313 → p=0, off=2195 | label=0 risk=0.79
INFO:root:CLEAN <- RAW off=2314 → p=0, off=2196 | label=0 risk=0.87
INFO:root:CLEAN <- RAW off=2315 → p=0, off=2197 | label=0 risk=0.47
INFO:root:CLEAN <- RAW off=2316 → p=0, off=2198 | label=0 risk=0.71
INFO:root:CLEAN <- RAW off=2318 → p=0, off=2199 | label=0 risk=0.36
INFO:root:Heartbeat: processed=2200
INFO:root:CLEAN <- RAW off=2319 → p=0, off=2200 | label=0 risk=0.42
INFO:root:CLEAN <- RAW off=2320 → p=0, off=2201 | label=0 risk=0.33
INFO:root:CLEAN <- RAW off=2321 → p=0, off=2202 | label=0 risk=0.47
INFO:root:CLEAN <- RAW off=2322 → p=0, off=2203 | label=0 risk=0.46
INFO:root:CLEAN <- RAW off=2323 → p=0, off=2204 | label=0 risk=0.46
INFO:root:CLEAN <- RAW off=2324 → p=0, off=2205 | label=0 risk=0.41
INFO:root:CLEAN <- RAW off=2325 → p=0, off=2206 | label=0 risk=0.85
INFO:root:CLEAN <- RAW off=2326 → p=0, off=2207 | label=0 risk=0.34
INFO:root:CLEAN <- RAW off=2327 → p=0, off=2208 | label=0 risk=0.77
INFO:root:CLEAN <- RAW off=2328 → p=0, off=2209 | label=0 risk=0.36
INFO:root:CLEAN <- RAW off=2329 → p=0, off=2210 | label=0 risk=0.89
INFO:root:CLEAN <- RAW off=2330 → p=0, off=2211 | label=0 risk=0.89
INFO:root:CLEAN <- RAW off=2331 → p=0, off=2212 | label=0 risk=0.74
INFO:root:CLEAN <- RAW off=2332 → p=0, off=2213 | label=0 risk=0.74
INFO:root:CLEAN <- RAW off=2333 → p=0, off=2214 | label=0 risk=0.28
INFO:root:CLEAN <- RAW off=2334 → p=0, off=2215 | label=0 risk=0.37
INFO:root:CLEAN <- RAW off=2335 → p=0, off=2216 | label=0 risk=0.36
INFO:root:CLEAN <- RAW off=2336 → p=0, off=2217 | label=0 risk=0.36
INFO:root:CLEAN <- RAW off=2337 → p=0, off=2218 | label=0 risk=0.40
INFO:root:CLEAN <- RAW off=2338 → p=0, off=2219 | label=0 risk=0.36
INFO:root:CLEAN <- RAW off=2339 → p=0, off=2220 | label=0 risk=0.37
INFO:root:CLEAN <- RAW off=2341 → p=0, off=2221 | label=0 risk=0.36
INFO:root:CLEAN <- RAW off=2342 → p=0, off=2222 | label=0 risk=0.36
INFO:root:CLEAN <- RAW off=2343 → p=0, off=2223 | label=0 risk=0.36
INFO:root:CLEAN <- RAW off=2344 → p=0, off=2224 | label=0 risk=0.37
INFO:root:CLEAN <- RAW off=2345 → p=0, off=2225 | label=0 risk=0.46
INFO:root:CLEAN <- RAW off=2346 → p=0, off=2226 | label=0 risk=0.53
INFO:root:CLEAN <- RAW off=2347 → p=0, off=2227 | label=0 risk=0.42
INFO:root:CLEAN <- RAW off=2348 → p=0, off=2228 | label=0 risk=0.36
INFO:root:CLEAN <- RAW off=2349 → p=0, off=2229 | label=0 risk=0.41
INFO:root:CLEAN <- RAW off=2350 → p=0, off=2230 | label=0 risk=0.88
INFO:root:CLEAN <- RAW off=2351 → p=0, off=2231 | label=0 risk=0.41
INFO:root:CLEAN <- RAW off=2352 → p=0, off=2232 | label=0 risk=0.51
INFO:root:CLEAN <- RAW off=2353 → p=0, off=2233 | label=0 risk=0.41
INFO:root:CLEAN <- RAW off=2355 → p=0, off=2234 | label=0 risk=0.47
INFO:root:CLEAN <- RAW off=2356 → p=0, off=2235 | label=0 risk=0.75
INFO:root:CLEAN <- RAW off=2357 → p=0, off=2236 | label=0 risk=0.44
INFO:root:CLEAN <- RAW off=2358 → p=0, off=2237 | label=0 risk=0.46
INFO:root:CLEAN <- RAW off=2360 → p=0, off=2238 | label=0 risk=0.36
INFO:root:CLEAN <- RAW off=2361 → p=0, off=2239 | label=0 risk=0.46
INFO:root:CLEAN <- RAW off=2362 → p=0, off=2240 | label=0 risk=0.27
INFO:root:CLEAN <- RAW off=2363 → p=0, off=2241 | label=0 risk=0.45
INFO:root:CLEAN <- RAW off=2364 → p=0, off=2242 | label=0 risk=0.72
INFO:root:CLEAN <- RAW off=2365 → p=0, off=2243 | label=0 risk=0.46
INFO:root:CLEAN <- RAW off=2366 → p=0, off=2244 | label=0 risk=0.36
INFO:root:CLEAN <- RAW off=2367 → p=0, off=2245 | label=0 risk=0.46
INFO:root:CLEAN <- RAW off=2368 → p=0, off=2246 | label=0 risk=0.36
INFO:root:CLEAN <- RAW off=2369 → p=0, off=2247 | label=0 risk=0.46
INFO:root:CLEAN <- RAW off=2371 → p=0, off=2248 | label=0 risk=0.36
INFO:root:CLEAN <- RAW off=2372 → p=0, off=2249 | label=0 risk=0.41
INFO:root:CLEAN <- RAW off=2374 → p=0, off=2250 | label=0 risk=0.36
INFO:root:CLEAN <- RAW off=2375 → p=0, off=2251 | label=0 risk=0.40
INFO:root:CLEAN <- RAW off=2376 → p=0, off=2252 | label=0 risk=0.41
INFO:root:CLEAN <- RAW off=2377 → p=0, off=2253 | label=0 risk=0.73
INFO:root:CLEAN <- RAW off=2378 → p=0, off=2254 | label=0 risk=0.36
INFO:root:CLEAN <- RAW off=2379 → p=0, off=2255 | label=0 risk=0.41
INFO:root:CLEAN <- RAW off=2380 → p=0, off=2256 | label=0 risk=0.36
INFO:root:CLEAN <- RAW off=2381 → p=0, off=2257 | label=0 risk=0.78
INFO:root:CLEAN <- RAW off=2382 → p=0, off=2258 | label=0 risk=0.46
INFO:root:CLEAN <- RAW off=2383 → p=0, off=2259 | label=0 risk=0.75
INFO:root:CLEAN <- RAW off=2384 → p=0, off=2260 | label=0 risk=0.39
INFO:root:CLEAN <- RAW off=2385 → p=0, off=2261 | label=0 risk=0.41
INFO:root:CLEAN <- RAW off=2386 → p=0, off=2262 | label=0 risk=0.28
INFO:root:CLEAN <- RAW off=2387 → p=0, off=2263 | label=0 risk=0.46
INFO:root:CLEAN <- RAW off=2389 → p=0, off=2264 | label=0 risk=0.58
INFO:root:CLEAN <- RAW off=2390 → p=0, off=2265 | label=0 risk=0.36
INFO:root:CLEAN <- RAW off=2391 → p=0, off=2266 | label=0 risk=0.47
INFO:root:CLEAN <- RAW off=2393 → p=0, off=2267 | label=0 risk=0.41
INFO:root:CLEAN <- RAW off=2394 → p=0, off=2268 | label=0 risk=0.52
INFO:root:CLEAN <- RAW off=2395 → p=0, off=2269 | label=0 risk=0.49
INFO:root:CLEAN <- RAW off=2396 → p=0, off=2270 | label=0 risk=0.36
INFO:root:CLEAN <- RAW off=2397 → p=0, off=2271 | label=0 risk=0.56
INFO:root:CLEAN <- RAW off=2398 → p=0, off=2272 | label=0 risk=0.36
INFO:root:CLEAN <- RAW off=2399 → p=0, off=2273 | label=0 risk=0.36
INFO:root:CLEAN <- RAW off=2400 → p=0, off=2274 | label=0 risk=0.36
INFO:root:CLEAN <- RAW off=2401 → p=0, off=2275 | label=0 risk=0.46
INFO:root:CLEAN <- RAW off=2402 → p=0, off=2276 | label=0 risk=0.36
INFO:root:CLEAN <- RAW off=2403 → p=0, off=2277 | label=0 risk=0.34
INFO:root:CLEAN <- RAW off=2404 → p=0, off=2278 | label=0 risk=0.46
INFO:root:CLEAN <- RAW off=2405 → p=0, off=2279 | label=0 risk=0.79
INFO:root:CLEAN <- RAW off=2406 → p=0, off=2280 | label=0 risk=0.52
INFO:root:CLEAN <- RAW off=2407 → p=0, off=2281 | label=0 risk=0.36
INFO:root:CLEAN <- RAW off=2408 → p=0, off=2282 | label=0 risk=0.29
INFO:root:CLEAN <- RAW off=2410 → p=0, off=2283 | label=0 risk=0.79
INFO:root:CLEAN <- RAW off=2411 → p=0, off=2284 | label=0 risk=0.36
INFO:root:CLEAN <- RAW off=2412 → p=0, off=2285 | label=0 risk=0.42
INFO:root:CLEAN <- RAW off=2413 → p=0, off=2286 | label=0 risk=0.46
INFO:root:CLEAN <- RAW off=2414 → p=0, off=2287 | label=0 risk=0.81
INFO:root:CLEAN <- RAW off=2415 → p=0, off=2288 | label=0 risk=0.36
INFO:root:CLEAN <- RAW off=2416 → p=0, off=2289 | label=0 risk=0.46
INFO:root:CLEAN <- RAW off=2417 → p=0, off=2290 | label=0 risk=0.42
INFO:root:CLEAN <- RAW off=2418 → p=0, off=2291 | label=0 risk=0.42
INFO:root:CLEAN <- RAW off=2419 → p=0, off=2292 | label=0 risk=0.36
INFO:root:CLEAN <- RAW off=2420 → p=0, off=2293 | label=0 risk=0.41
INFO:root:CLEAN <- RAW off=2421 → p=0, off=2294 | label=0 risk=0.36
INFO:root:CLEAN <- RAW off=2422 → p=0, off=2295 | label=0 risk=0.36
INFO:root:CLEAN <- RAW off=2423 → p=0, off=2296 | label=0 risk=0.37
INFO:root:CLEAN <- RAW off=2424 → p=0, off=2297 | label=0 risk=0.37
INFO:root:CLEAN <- RAW off=2426 → p=0, off=2298 | label=0 risk=0.37
INFO:root:CLEAN <- RAW off=2428 → p=0, off=2299 | label=0 risk=0.74
INFO:root:CLEAN <- RAW off=2429 → p=0, off=2300 | label=0 risk=0.46
INFO:root:CLEAN <- RAW off=2430 → p=0, off=2301 | label=0 risk=0.36
INFO:root:CLEAN <- RAW off=2431 → p=0, off=2302 | label=0 risk=0.47
INFO:root:CLEAN <- RAW off=2432 → p=0, off=2303 | label=0 risk=0.36
INFO:root:CLEAN <- RAW off=2433 → p=0, off=2304 | label=0 risk=0.57
INFO:root:CLEAN <- RAW off=2434 → p=0, off=2305 | label=0 risk=0.34
INFO:root:CLEAN <- RAW off=2435 → p=0, off=2306 | label=0 risk=0.36
INFO:root:CLEAN <- RAW off=2436 → p=0, off=2307 | label=0 risk=0.36
INFO:root:CLEAN <- RAW off=2438 → p=0, off=2308 | label=0 risk=0.41
INFO:root:CLEAN <- RAW off=2439 → p=0, off=2309 | label=0 risk=0.36
INFO:root:CLEAN <- RAW off=2440 → p=0, off=2310 | label=0 risk=0.41
INFO:root:CLEAN <- RAW off=2441 → p=0, off=2311 | label=0 risk=0.97
INFO:root:CLEAN <- RAW off=2442 → p=0, off=2312 | label=0 risk=0.36
INFO:root:CLEAN <- RAW off=2443 → p=0, off=2313 | label=0 risk=0.40
INFO:root:CLEAN <- RAW off=2444 → p=0, off=2314 | label=0 risk=0.75
INFO:root:CLEAN <- RAW off=2445 → p=0, off=2315 | label=0 risk=0.36
INFO:root:CLEAN <- RAW off=2446 → p=0, off=2316 | label=0 risk=0.41
INFO:root:CLEAN <- RAW off=2447 → p=0, off=2317 | label=0 risk=0.42
INFO:root:CLEAN <- RAW off=2448 → p=0, off=2318 | label=0 risk=0.88
INFO:root:CLEAN <- RAW off=2449 → p=0, off=2319 | label=0 risk=0.41
INFO:root:CLEAN <- RAW off=2450 → p=0, off=2320 | label=0 risk=0.41
INFO:root:CLEAN <- RAW off=2451 → p=0, off=2321 | label=0 risk=0.42
INFO:root:CLEAN <- RAW off=2453 → p=0, off=2322 | label=0 risk=0.36
INFO:root:CLEAN <- RAW off=2454 → p=0, off=2323 | label=0 risk=0.36
INFO:root:CLEAN <- RAW off=2455 → p=0, off=2324 | label=0 risk=0.91
INFO:root:CLEAN <- RAW off=2456 → p=0, off=2325 | label=0 risk=0.35
INFO:root:CLEAN <- RAW off=2457 → p=0, off=2326 | label=0 risk=0.37
INFO:root:CLEAN <- RAW off=2458 → p=0, off=2327 | label=0 risk=0.36
INFO:root:CLEAN <- RAW off=2459 → p=0, off=2328 | label=0 risk=0.78
INFO:root:CLEAN <- RAW off=2460 → p=0, off=2329 | label=0 risk=0.81
INFO:root:CLEAN <- RAW off=2461 → p=0, off=2330 | label=0 risk=0.36
INFO:root:CLEAN <- RAW off=2462 → p=0, off=2331 | label=0 risk=0.72
INFO:root:CLEAN <- RAW off=2463 → p=0, off=2332 | label=0 risk=0.41
INFO:root:CLEAN <- RAW off=2464 → p=0, off=2333 | label=0 risk=0.42
INFO:root:CLEAN <- RAW off=2465 → p=0, off=2334 | label=0 risk=0.82
INFO:root:CLEAN <- RAW off=2466 → p=0, off=2335 | label=0 risk=0.41
INFO:root:CLEAN <- RAW off=2467 → p=0, off=2336 | label=0 risk=0.36
INFO:root:CLEAN <- RAW off=2468 → p=0, off=2337 | label=0 risk=0.95
INFO:root:CLEAN <- RAW off=2469 → p=0, off=2338 | label=0 risk=0.36
INFO:root:CLEAN <- RAW off=2470 → p=0, off=2339 | label=0 risk=0.34
INFO:root:CLEAN <- RAW off=2471 → p=0, off=2340 | label=0 risk=0.36
INFO:root:CLEAN <- RAW off=2472 → p=0, off=2341 | label=0 risk=0.36
INFO:root:CLEAN <- RAW off=2473 → p=0, off=2342 | label=0 risk=0.84
INFO:root:CLEAN <- RAW off=2474 → p=0, off=2343 | label=0 risk=0.36
INFO:root:CLEAN <- RAW off=2475 → p=0, off=2344 | label=0 risk=0.36
INFO:root:CLEAN <- RAW off=2476 → p=0, off=2345 | label=0 risk=0.44
INFO:root:CLEAN <- RAW off=2477 → p=0, off=2346 | label=0 risk=0.36
INFO:root:CLEAN <- RAW off=2478 → p=0, off=2347 | label=0 risk=0.85
INFO:root:CLEAN <- RAW off=2479 → p=0, off=2348 | label=0 risk=0.36
INFO:root:CLEAN <- RAW off=2480 → p=0, off=2349 | label=0 risk=0.46
INFO:root:CLEAN <- RAW off=2481 → p=0, off=2350 | label=0 risk=0.71
INFO:root:CLEAN <- RAW off=2482 → p=0, off=2351 | label=0 risk=0.79
INFO:root:CLEAN <- RAW off=2483 → p=0, off=2352 | label=0 risk=0.76
INFO:root:CLEAN <- RAW off=2484 → p=0, off=2353 | label=0 risk=0.36
INFO:root:CLEAN <- RAW off=2485 → p=0, off=2354 | label=0 risk=0.36
INFO:root:CLEAN <- RAW off=2486 → p=0, off=2355 | label=0 risk=0.36
INFO:root:CLEAN <- RAW off=2487 → p=0, off=2356 | label=0 risk=0.36
INFO:root:CLEAN <- RAW off=2489 → p=0, off=2357 | label=0 risk=0.37
INFO:root:CLEAN <- RAW off=2490 → p=0, off=2358 | label=0 risk=0.36
INFO:root:CLEAN <- RAW off=2491 → p=0, off=2359 | label=0 risk=0.29
INFO:root:CLEAN <- RAW off=2492 → p=0, off=2360 | label=0 risk=0.37
INFO:root:CLEAN <- RAW off=2493 → p=0, off=2361 | label=0 risk=0.37
INFO:root:CLEAN <- RAW off=2494 → p=0, off=2362 | label=0 risk=0.40
INFO:root:CLEAN <- RAW off=2495 → p=0, off=2363 | label=0 risk=0.46
INFO:root:CLEAN <- RAW off=2496 → p=0, off=2364 | label=0 risk=0.36
INFO:root:CLEAN <- RAW off=2497 → p=0, off=2365 | label=0 risk=0.36
INFO:root:CLEAN <- RAW off=2498 → p=0, off=2366 | label=0 risk=0.37
INFO:root:CLEAN <- RAW off=2499 → p=0, off=2367 | label=0 risk=0.41
INFO:root:CLEAN <- RAW off=2502 → p=0, off=2368 | label=0 risk=0.41
INFO:root:CLEAN <- RAW off=2504 → p=0, off=2369 | label=0 risk=0.34
INFO:root:CLEAN <- RAW off=2505 → p=0, off=2370 | label=0 risk=0.36
INFO:root:CLEAN <- RAW off=2506 → p=0, off=2371 | label=0 risk=0.75
INFO:root:CLEAN <- RAW off=2507 → p=0, off=2372 | label=0 risk=0.41
INFO:root:CLEAN <- RAW off=2508 → p=0, off=2373 | label=0 risk=0.41
INFO:root:CLEAN <- RAW off=2509 → p=0, off=2374 | label=0 risk=0.82
INFO:root:CLEAN <- RAW off=2510 → p=0, off=2375 | label=0 risk=0.47
INFO:root:CLEAN <- RAW off=2511 → p=0, off=2376 | label=0 risk=0.52
INFO:root:CLEAN <- RAW off=2512 → p=0, off=2377 | label=0 risk=0.80
INFO:root:CLEAN <- RAW off=2513 → p=0, off=2378 | label=0 risk=0.36
INFO:root:CLEAN <- RAW off=2514 → p=0, off=2379 | label=0 risk=0.41
INFO:root:CLEAN <- RAW off=2515 → p=0, off=2380 | label=0 risk=0.35
INFO:root:CLEAN <- RAW off=2516 → p=0, off=2381 | label=0 risk=0.53
INFO:root:CLEAN <- RAW off=2517 → p=0, off=2382 | label=0 risk=0.37
INFO:root:CLEAN <- RAW off=2518 → p=0, off=2383 | label=0 risk=0.47
INFO:root:CLEAN <- RAW off=2519 → p=0, off=2384 | label=0 risk=0.85
INFO:root:CLEAN <- RAW off=2520 → p=0, off=2385 | label=0 risk=0.41
INFO:root:CLEAN <- RAW off=2521 → p=0, off=2386 | label=0 risk=0.36
INFO:root:CLEAN <- RAW off=2522 → p=0, off=2387 | label=0 risk=0.42
INFO:root:CLEAN <- RAW off=2523 → p=0, off=2388 | label=0 risk=0.41
INFO:root:CLEAN <- RAW off=2524 → p=0, off=2389 | label=0 risk=0.47
INFO:root:CLEAN <- RAW off=2526 → p=0, off=2390 | label=0 risk=0.47
INFO:root:CLEAN <- RAW off=2527 → p=0, off=2391 | label=0 risk=0.81
INFO:root:CLEAN <- RAW off=2528 → p=0, off=2392 | label=0 risk=0.46
INFO:root:CLEAN <- RAW off=2529 → p=0, off=2393 | label=0 risk=0.27
INFO:root:CLEAN <- RAW off=2530 → p=0, off=2394 | label=0 risk=0.41
INFO:root:CLEAN <- RAW off=2531 → p=0, off=2395 | label=0 risk=0.36
INFO:root:CLEAN <- RAW off=2532 → p=0, off=2396 | label=0 risk=0.86
INFO:root:CLEAN <- RAW off=2533 → p=0, off=2397 | label=0 risk=0.36
INFO:root:CLEAN <- RAW off=2534 → p=0, off=2398 | label=0 risk=0.46
INFO:root:CLEAN <- RAW off=2535 → p=0, off=2399 | label=0 risk=0.41
INFO:root:Heartbeat: processed=2400
INFO:root:CLEAN <- RAW off=2536 → p=0, off=2400 | label=0 risk=0.41
INFO:root:CLEAN <- RAW off=2537 → p=0, off=2401 | label=0 risk=0.89
INFO:root:CLEAN <- RAW off=2538 → p=0, off=2402 | label=0 risk=0.46
INFO:root:CLEAN <- RAW off=2539 → p=0, off=2403 | label=0 risk=0.46
INFO:root:CLEAN <- RAW off=2540 → p=0, off=2404 | label=0 risk=0.96
INFO:root:CLEAN <- RAW off=2541 → p=0, off=2405 | label=0 risk=0.89
INFO:root:CLEAN <- RAW off=2543 → p=0, off=2406 | label=0 risk=0.47
INFO:root:CLEAN <- RAW off=2544 → p=0, off=2407 | label=0 risk=0.74
INFO:root:CLEAN <- RAW off=2545 → p=0, off=2408 | label=0 risk=0.78
INFO:root:CLEAN <- RAW off=2546 → p=0, off=2409 | label=0 risk=0.36
INFO:root:CLEAN <- RAW off=2547 → p=0, off=2410 | label=0 risk=0.41
INFO:root:CLEAN <- RAW off=2548 → p=0, off=2411 | label=0 risk=0.32
INFO:root:CLEAN <- RAW off=2549 → p=0, off=2412 | label=0 risk=0.36
INFO:root:CLEAN <- RAW off=2550 → p=0, off=2413 | label=0 risk=0.36
INFO:root:CLEAN <- RAW off=2551 → p=0, off=2414 | label=0 risk=0.40
INFO:root:CLEAN <- RAW off=2552 → p=0, off=2415 | label=0 risk=0.36
INFO:root:CLEAN <- RAW off=2553 → p=0, off=2416 | label=0 risk=0.29
INFO:root:CLEAN <- RAW off=2554 → p=0, off=2417 | label=0 risk=0.41
INFO:root:CLEAN <- RAW off=2555 → p=0, off=2418 | label=0 risk=0.36
INFO:root:CLEAN <- RAW off=2556 → p=0, off=2419 | label=0 risk=0.36
INFO:root:CLEAN <- RAW off=2557 → p=0, off=2420 | label=0 risk=0.36
INFO:root:CLEAN <- RAW off=2558 → p=0, off=2421 | label=0 risk=0.37
INFO:root:CLEAN <- RAW off=2559 → p=0, off=2422 | label=0 risk=0.36
INFO:root:CLEAN <- RAW off=2560 → p=0, off=2423 | label=0 risk=0.36
INFO:root:CLEAN <- RAW off=2561 → p=0, off=2424 | label=0 risk=0.36
INFO:root:CLEAN <- RAW off=2562 → p=0, off=2425 | label=0 risk=0.46
INFO:root:CLEAN <- RAW off=2563 → p=0, off=2426 | label=0 risk=0.41
INFO:root:CLEAN <- RAW off=2565 → p=0, off=2427 | label=0 risk=0.46
INFO:root:CLEAN <- RAW off=2566 → p=0, off=2428 | label=0 risk=0.54
INFO:root:CLEAN <- RAW off=2567 → p=0, off=2429 | label=0 risk=0.97
INFO:root:CLEAN <- RAW off=2568 → p=0, off=2430 | label=0 risk=0.36
INFO:root:CLEAN <- RAW off=2569 → p=0, off=2431 | label=0 risk=0.36
INFO:root:CLEAN <- RAW off=2570 → p=0, off=2432 | label=0 risk=0.36
INFO:root:CLEAN <- RAW off=2572 → p=0, off=2433 | label=0 risk=0.46
INFO:root:CLEAN <- RAW off=2573 → p=0, off=2434 | label=0 risk=0.82
INFO:root:CLEAN <- RAW off=2574 → p=0, off=2435 | label=0 risk=0.36
INFO:root:CLEAN <- RAW off=2575 → p=0, off=2436 | label=0 risk=0.36
INFO:root:CLEAN <- RAW off=2576 → p=0, off=2437 | label=0 risk=0.36
INFO:root:CLEAN <- RAW off=2577 → p=0, off=2438 | label=0 risk=0.79
INFO:root:CLEAN <- RAW off=2578 → p=0, off=2439 | label=0 risk=0.36
INFO:root:CLEAN <- RAW off=2579 → p=0, off=2440 | label=0 risk=0.75
INFO:root:CLEAN <- RAW off=2580 → p=0, off=2441 | label=0 risk=0.41
INFO:root:CLEAN <- RAW off=2581 → p=0, off=2442 | label=0 risk=0.41
INFO:root:CLEAN <- RAW off=2582 → p=0, off=2443 | label=0 risk=0.42
INFO:root:CLEAN <- RAW off=2583 → p=0, off=2444 | label=0 risk=0.77
INFO:root:CLEAN <- RAW off=2584 → p=0, off=2445 | label=0 risk=0.46
INFO:root:CLEAN <- RAW off=2585 → p=0, off=2446 | label=0 risk=0.78
INFO:root:CLEAN <- RAW off=2586 → p=0, off=2447 | label=0 risk=0.36
INFO:root:CLEAN <- RAW off=2587 → p=0, off=2448 | label=0 risk=0.46
INFO:root:CLEAN <- RAW off=2588 → p=0, off=2449 | label=0 risk=0.42
INFO:root:CLEAN <- RAW off=2589 → p=0, off=2450 | label=0 risk=0.94
INFO:root:CLEAN <- RAW off=2590 → p=0, off=2451 | label=0 risk=0.42
INFO:root:CLEAN <- RAW off=2593 → p=0, off=2452 | label=0 risk=0.42
INFO:root:CLEAN <- RAW off=2595 → p=0, off=2453 | label=0 risk=0.46
INFO:root:CLEAN <- RAW off=2596 → p=0, off=2454 | label=0 risk=0.36
INFO:root:CLEAN <- RAW off=2597 → p=0, off=2455 | label=0 risk=0.46
INFO:root:CLEAN <- RAW off=2598 → p=0, off=2456 | label=0 risk=0.81
INFO:root:CLEAN <- RAW off=2599 → p=0, off=2457 | label=0 risk=0.36
INFO:root:CLEAN <- RAW off=2600 → p=0, off=2458 | label=0 risk=0.36
INFO:root:CLEAN <- RAW off=2601 → p=0, off=2459 | label=0 risk=0.40
INFO:root:CLEAN <- RAW off=2602 → p=0, off=2460 | label=0 risk=0.78
INFO:root:CLEAN <- RAW off=2603 → p=0, off=2461 | label=0 risk=0.46
INFO:root:CLEAN <- RAW off=2604 → p=0, off=2462 | label=0 risk=0.46
INFO:root:CLEAN <- RAW off=2605 → p=0, off=2463 | label=0 risk=0.36
INFO:root:CLEAN <- RAW off=2606 → p=0, off=2464 | label=0 risk=0.41
INFO:root:CLEAN <- RAW off=2607 → p=0, off=2465 | label=0 risk=0.75
INFO:root:CLEAN <- RAW off=2608 → p=0, off=2466 | label=0 risk=0.84
INFO:root:CLEAN <- RAW off=2609 → p=0, off=2467 | label=0 risk=0.74
INFO:root:CLEAN <- RAW off=2610 → p=0, off=2468 | label=0 risk=0.36
