nohup: ignoring input
2025-11-25 23:51:40,775 INFO Loading users from PostgreSQL database...
2025-11-25 23:51:40,861 ERROR Failed to load users from database: (psycopg2.errors.UndefinedTable) relation "transaction_users" does not exist
LINE 2: FROM transaction_users
             ^

[SQL: SELECT transaction_users.id AS transaction_users_id, transaction_users.user_seq AS transaction_users_user_seq, transaction_users.user_name AS transaction_users_user_name, transaction_users.country_code AS transaction_users_country_code, transaction_users.id_type AS transaction_users_id_type, transaction_users.birth_date AS transaction_users_birth_date, transaction_users.register_date AS transaction_users_register_date, transaction_users.first_transaction_date AS transaction_users_first_transaction_date, transaction_users.status AS transaction_users_status, transaction_users.ban_reason AS transaction_users_ban_reason, transaction_users.created_at AS transaction_users_created_at, transaction_users.updated_at AS transaction_users_updated_at 
FROM transaction_users]
(Background on this error at: https://sqlalche.me/e/20/f405)
2025-11-25 23:51:40,861 WARNING Falling back to random user generation
2025-11-25 23:51:40,861 WARNING No users loaded from database. Transactions will use random user data.
2025-11-25 23:51:40,861 INFO Fraud generation enabled: ~15% of transactions will have fraud patterns
2025-11-25 23:51:40,861 INFO Time-based transaction rate enabled: activity varies by hour (low at night, high during business hours)
2025-11-25 23:51:40,864 INFO <BrokerConnection client_id=kafka-python-producer-1, node_id=bootstrap-0 host=localhost:9092 <connecting> [IPv4 ('localhost', 9092)]>: connecting to localhost:9092 [('localhost', 9092) IPv4]
2025-11-25 23:51:40,868 INFO <BrokerConnection client_id=kafka-python-producer-1, node_id=bootstrap-0 host=localhost:9092 <checking_api_versions_recv> [IPv4 ('localhost', 9092)]>: Broker version identified as 2.6
2025-11-25 23:51:40,868 INFO <BrokerConnection client_id=kafka-python-producer-1, node_id=bootstrap-0 host=localhost:9092 <connected> [IPv4 ('localhost', 9092)]>: Connection complete.
/home/nam/study/realtime-pipeline-kafka-pinot/crawl_data/rt_producer.py:38: DeprecationWarning: datetime.datetime.utcnow() is deprecated and scheduled for removal in a future version. Use timezone-aware objects to represent datetimes in UTC: datetime.datetime.now(datetime.UTC).
  "updated_at": datetime.utcnow().isoformat(),
2025-11-25 23:51:40,870 INFO ⏰ Hour changed to 23:00 - Transaction rate: 1-3 tx/batch, 2.0s sleep
2025-11-25 23:51:40,872 ERROR Failed to load users from database: (psycopg2.errors.UndefinedTable) relation "transaction_users" does not exist
LINE 2: FROM transaction_users
             ^

[SQL: SELECT transaction_users.id AS transaction_users_id, transaction_users.user_seq AS transaction_users_user_seq, transaction_users.user_name AS transaction_users_user_name, transaction_users.country_code AS transaction_users_country_code, transaction_users.id_type AS transaction_users_id_type, transaction_users.birth_date AS transaction_users_birth_date, transaction_users.register_date AS transaction_users_register_date, transaction_users.first_transaction_date AS transaction_users_first_transaction_date, transaction_users.status AS transaction_users_status, transaction_users.ban_reason AS transaction_users_ban_reason, transaction_users.created_at AS transaction_users_created_at, transaction_users.updated_at AS transaction_users_updated_at 
FROM transaction_users]
(Background on this error at: https://sqlalche.me/e/20/f405)
2025-11-25 23:51:40,872 WARNING Falling back to random user generation
/home/nam/study/realtime-pipeline-kafka-pinot/crawl_data/rt_producer.py:105: DeprecationWarning: datetime.datetime.utcnow() is deprecated and scheduled for removal in a future version. Use timezone-aware objects to represent datetimes in UTC: datetime.datetime.now(datetime.UTC).
  now = custom_datetime if custom_datetime else datetime.utcnow()
2025-11-25 23:51:40,972 INFO <BrokerConnection client_id=kafka-python-producer-1, node_id=1 host=localhost:9092 <connecting> [IPv4 ('127.0.0.1', 9092)]>: connecting to localhost:9092 [('127.0.0.1', 9092) IPv4]
2025-11-25 23:51:40,973 INFO <BrokerConnection client_id=kafka-python-producer-1, node_id=1 host=localhost:9092 <connected> [IPv4 ('127.0.0.1', 9092)]>: Connection complete.
2025-11-25 23:51:40,973 INFO <BrokerConnection client_id=kafka-python-producer-1, node_id=bootstrap-0 host=localhost:9092 <connected> [IPv4 ('localhost', 9092)]>: Closing connection. 
2025-11-25 23:51:40,993 INFO ✓ RAW sent seq=1 | user=7424165 name=Julie Scott amount=$216.22
2025-11-25 23:51:42,996 ERROR Failed to load users from database: (psycopg2.errors.UndefinedTable) relation "transaction_users" does not exist
LINE 2: FROM transaction_users
             ^

[SQL: SELECT transaction_users.id AS transaction_users_id, transaction_users.user_seq AS transaction_users_user_seq, transaction_users.user_name AS transaction_users_user_name, transaction_users.country_code AS transaction_users_country_code, transaction_users.id_type AS transaction_users_id_type, transaction_users.birth_date AS transaction_users_birth_date, transaction_users.register_date AS transaction_users_register_date, transaction_users.first_transaction_date AS transaction_users_first_transaction_date, transaction_users.status AS transaction_users_status, transaction_users.ban_reason AS transaction_users_ban_reason, transaction_users.created_at AS transaction_users_created_at, transaction_users.updated_at AS transaction_users_updated_at 
FROM transaction_users]
(Background on this error at: https://sqlalche.me/e/20/f405)
2025-11-25 23:51:42,996 WARNING Falling back to random user generation
2025-11-25 23:51:43,003 INFO ✓ RAW sent seq=2 | user=8722383 name=Robert Cook amount=$47.61
2025-11-25 23:51:45,006 ERROR Failed to load users from database: (psycopg2.errors.UndefinedTable) relation "transaction_users" does not exist
LINE 2: FROM transaction_users
             ^

[SQL: SELECT transaction_users.id AS transaction_users_id, transaction_users.user_seq AS transaction_users_user_seq, transaction_users.user_name AS transaction_users_user_name, transaction_users.country_code AS transaction_users_country_code, transaction_users.id_type AS transaction_users_id_type, transaction_users.birth_date AS transaction_users_birth_date, transaction_users.register_date AS transaction_users_register_date, transaction_users.first_transaction_date AS transaction_users_first_transaction_date, transaction_users.status AS transaction_users_status, transaction_users.ban_reason AS transaction_users_ban_reason, transaction_users.created_at AS transaction_users_created_at, transaction_users.updated_at AS transaction_users_updated_at 
FROM transaction_users]
(Background on this error at: https://sqlalche.me/e/20/f405)
2025-11-25 23:51:45,006 WARNING Falling back to random user generation
2025-11-25 23:51:45,011 INFO ✓ RAW sent seq=3 | user=5510356 name=Connor Bowers amount=$14.82
2025-11-25 23:51:45,014 ERROR Failed to load users from database: (psycopg2.errors.UndefinedTable) relation "transaction_users" does not exist
LINE 2: FROM transaction_users
             ^

[SQL: SELECT transaction_users.id AS transaction_users_id, transaction_users.user_seq AS transaction_users_user_seq, transaction_users.user_name AS transaction_users_user_name, transaction_users.country_code AS transaction_users_country_code, transaction_users.id_type AS transaction_users_id_type, transaction_users.birth_date AS transaction_users_birth_date, transaction_users.register_date AS transaction_users_register_date, transaction_users.first_transaction_date AS transaction_users_first_transaction_date, transaction_users.status AS transaction_users_status, transaction_users.ban_reason AS transaction_users_ban_reason, transaction_users.created_at AS transaction_users_created_at, transaction_users.updated_at AS transaction_users_updated_at 
FROM transaction_users]
(Background on this error at: https://sqlalche.me/e/20/f405)
2025-11-25 23:51:45,014 WARNING Falling back to random user generation
2025-11-25 23:51:45,018 INFO ✓ RAW sent seq=4 | user=3433766 name=Amy Maxwell amount=$422.66
2025-11-25 23:51:45,020 ERROR Failed to load users from database: (psycopg2.errors.UndefinedTable) relation "transaction_users" does not exist
LINE 2: FROM transaction_users
             ^

[SQL: SELECT transaction_users.id AS transaction_users_id, transaction_users.user_seq AS transaction_users_user_seq, transaction_users.user_name AS transaction_users_user_name, transaction_users.country_code AS transaction_users_country_code, transaction_users.id_type AS transaction_users_id_type, transaction_users.birth_date AS transaction_users_birth_date, transaction_users.register_date AS transaction_users_register_date, transaction_users.first_transaction_date AS transaction_users_first_transaction_date, transaction_users.status AS transaction_users_status, transaction_users.ban_reason AS transaction_users_ban_reason, transaction_users.created_at AS transaction_users_created_at, transaction_users.updated_at AS transaction_users_updated_at 
FROM transaction_users]
(Background on this error at: https://sqlalche.me/e/20/f405)
2025-11-25 23:51:45,020 WARNING Falling back to random user generation
2025-11-25 23:51:45,024 INFO ✓ RAW sent seq=5 | user=2026613 name=Thomas Carter amount=$994.74
2025-11-25 23:51:47,027 ERROR Failed to load users from database: (psycopg2.errors.UndefinedTable) relation "transaction_users" does not exist
LINE 2: FROM transaction_users
             ^

[SQL: SELECT transaction_users.id AS transaction_users_id, transaction_users.user_seq AS transaction_users_user_seq, transaction_users.user_name AS transaction_users_user_name, transaction_users.country_code AS transaction_users_country_code, transaction_users.id_type AS transaction_users_id_type, transaction_users.birth_date AS transaction_users_birth_date, transaction_users.register_date AS transaction_users_register_date, transaction_users.first_transaction_date AS transaction_users_first_transaction_date, transaction_users.status AS transaction_users_status, transaction_users.ban_reason AS transaction_users_ban_reason, transaction_users.created_at AS transaction_users_created_at, transaction_users.updated_at AS transaction_users_updated_at 
FROM transaction_users]
(Background on this error at: https://sqlalche.me/e/20/f405)
2025-11-25 23:51:47,027 WARNING Falling back to random user generation
2025-11-25 23:51:47,032 INFO ✓ RAW sent seq=6 | user=9873675 name=Beth Moran amount=$628.97
2025-11-25 23:51:47,035 ERROR Failed to load users from database: (psycopg2.errors.UndefinedTable) relation "transaction_users" does not exist
LINE 2: FROM transaction_users
             ^

[SQL: SELECT transaction_users.id AS transaction_users_id, transaction_users.user_seq AS transaction_users_user_seq, transaction_users.user_name AS transaction_users_user_name, transaction_users.country_code AS transaction_users_country_code, transaction_users.id_type AS transaction_users_id_type, transaction_users.birth_date AS transaction_users_birth_date, transaction_users.register_date AS transaction_users_register_date, transaction_users.first_transaction_date AS transaction_users_first_transaction_date, transaction_users.status AS transaction_users_status, transaction_users.ban_reason AS transaction_users_ban_reason, transaction_users.created_at AS transaction_users_created_at, transaction_users.updated_at AS transaction_users_updated_at 
FROM transaction_users]
(Background on this error at: https://sqlalche.me/e/20/f405)
2025-11-25 23:51:47,035 WARNING Falling back to random user generation
2025-11-25 23:51:47,041 INFO 🚨 FRAUD sent seq=7 type=high_velocity | user=9743435 tx_24h=98 amt_24h=$22894 payment=CASH
2025-11-25 23:51:49,044 ERROR Failed to load users from database: (psycopg2.errors.UndefinedTable) relation "transaction_users" does not exist
LINE 2: FROM transaction_users
             ^

[SQL: SELECT transaction_users.id AS transaction_users_id, transaction_users.user_seq AS transaction_users_user_seq, transaction_users.user_name AS transaction_users_user_name, transaction_users.country_code AS transaction_users_country_code, transaction_users.id_type AS transaction_users_id_type, transaction_users.birth_date AS transaction_users_birth_date, transaction_users.register_date AS transaction_users_register_date, transaction_users.first_transaction_date AS transaction_users_first_transaction_date, transaction_users.status AS transaction_users_status, transaction_users.ban_reason AS transaction_users_ban_reason, transaction_users.created_at AS transaction_users_created_at, transaction_users.updated_at AS transaction_users_updated_at 
FROM transaction_users]
(Background on this error at: https://sqlalche.me/e/20/f405)
2025-11-25 23:51:49,044 WARNING Falling back to random user generation
2025-11-25 23:51:49,051 INFO 🚨 FRAUD sent seq=8 type=mixed_pattern | user=7808212 tx_24h=62 amt_24h=$43832 payment=WALLET
2025-11-25 23:51:49,053 ERROR Failed to load users from database: (psycopg2.errors.UndefinedTable) relation "transaction_users" does not exist
LINE 2: FROM transaction_users
             ^

[SQL: SELECT transaction_users.id AS transaction_users_id, transaction_users.user_seq AS transaction_users_user_seq, transaction_users.user_name AS transaction_users_user_name, transaction_users.country_code AS transaction_users_country_code, transaction_users.id_type AS transaction_users_id_type, transaction_users.birth_date AS transaction_users_birth_date, transaction_users.register_date AS transaction_users_register_date, transaction_users.first_transaction_date AS transaction_users_first_transaction_date, transaction_users.status AS transaction_users_status, transaction_users.ban_reason AS transaction_users_ban_reason, transaction_users.created_at AS transaction_users_created_at, transaction_users.updated_at AS transaction_users_updated_at 
FROM transaction_users]
(Background on this error at: https://sqlalche.me/e/20/f405)
2025-11-25 23:51:49,053 WARNING Falling back to random user generation
2025-11-25 23:51:49,058 INFO ✓ RAW sent seq=9 | user=1714235 name=John Hamilton amount=$815.1
2025-11-25 23:51:49,060 ERROR Failed to load users from database: (psycopg2.errors.UndefinedTable) relation "transaction_users" does not exist
LINE 2: FROM transaction_users
             ^

[SQL: SELECT transaction_users.id AS transaction_users_id, transaction_users.user_seq AS transaction_users_user_seq, transaction_users.user_name AS transaction_users_user_name, transaction_users.country_code AS transaction_users_country_code, transaction_users.id_type AS transaction_users_id_type, transaction_users.birth_date AS transaction_users_birth_date, transaction_users.register_date AS transaction_users_register_date, transaction_users.first_transaction_date AS transaction_users_first_transaction_date, transaction_users.status AS transaction_users_status, transaction_users.ban_reason AS transaction_users_ban_reason, transaction_users.created_at AS transaction_users_created_at, transaction_users.updated_at AS transaction_users_updated_at 
FROM transaction_users]
(Background on this error at: https://sqlalche.me/e/20/f405)
2025-11-25 23:51:49,060 WARNING Falling back to random user generation
2025-11-25 23:51:49,066 INFO ✓ RAW sent seq=10 | user=7331703 name=Penny Flynn amount=$535.54
2025-11-25 23:51:51,069 ERROR Failed to load users from database: (psycopg2.errors.UndefinedTable) relation "transaction_users" does not exist
LINE 2: FROM transaction_users
             ^

[SQL: SELECT transaction_users.id AS transaction_users_id, transaction_users.user_seq AS transaction_users_user_seq, transaction_users.user_name AS transaction_users_user_name, transaction_users.country_code AS transaction_users_country_code, transaction_users.id_type AS transaction_users_id_type, transaction_users.birth_date AS transaction_users_birth_date, transaction_users.register_date AS transaction_users_register_date, transaction_users.first_transaction_date AS transaction_users_first_transaction_date, transaction_users.status AS transaction_users_status, transaction_users.ban_reason AS transaction_users_ban_reason, transaction_users.created_at AS transaction_users_created_at, transaction_users.updated_at AS transaction_users_updated_at 
FROM transaction_users]
(Background on this error at: https://sqlalche.me/e/20/f405)
2025-11-25 23:51:51,070 WARNING Falling back to random user generation
2025-11-25 23:51:51,076 INFO ✓ RAW sent seq=11 | user=4699683 name=Brandi Price amount=$594.0
2025-11-25 23:51:51,077 ERROR Failed to load users from database: (psycopg2.errors.UndefinedTable) relation "transaction_users" does not exist
LINE 2: FROM transaction_users
             ^

[SQL: SELECT transaction_users.id AS transaction_users_id, transaction_users.user_seq AS transaction_users_user_seq, transaction_users.user_name AS transaction_users_user_name, transaction_users.country_code AS transaction_users_country_code, transaction_users.id_type AS transaction_users_id_type, transaction_users.birth_date AS transaction_users_birth_date, transaction_users.register_date AS transaction_users_register_date, transaction_users.first_transaction_date AS transaction_users_first_transaction_date, transaction_users.status AS transaction_users_status, transaction_users.ban_reason AS transaction_users_ban_reason, transaction_users.created_at AS transaction_users_created_at, transaction_users.updated_at AS transaction_users_updated_at 
FROM transaction_users]
(Background on this error at: https://sqlalche.me/e/20/f405)
2025-11-25 23:51:51,078 WARNING Falling back to random user generation
2025-11-25 23:51:51,082 INFO ✓ RAW sent seq=12 | user=5794173 name=David Stone amount=$640.92
2025-11-25 23:51:51,083 ERROR Failed to load users from database: (psycopg2.errors.UndefinedTable) relation "transaction_users" does not exist
LINE 2: FROM transaction_users
             ^

[SQL: SELECT transaction_users.id AS transaction_users_id, transaction_users.user_seq AS transaction_users_user_seq, transaction_users.user_name AS transaction_users_user_name, transaction_users.country_code AS transaction_users_country_code, transaction_users.id_type AS transaction_users_id_type, transaction_users.birth_date AS transaction_users_birth_date, transaction_users.register_date AS transaction_users_register_date, transaction_users.first_transaction_date AS transaction_users_first_transaction_date, transaction_users.status AS transaction_users_status, transaction_users.ban_reason AS transaction_users_ban_reason, transaction_users.created_at AS transaction_users_created_at, transaction_users.updated_at AS transaction_users_updated_at 
FROM transaction_users]
(Background on this error at: https://sqlalche.me/e/20/f405)
2025-11-25 23:51:51,084 WARNING Falling back to random user generation
2025-11-25 23:51:51,087 INFO ✓ RAW sent seq=13 | user=7357335 name=Nancy Davis amount=$372.92
2025-11-25 23:51:53,091 ERROR Failed to load users from database: (psycopg2.errors.UndefinedTable) relation "transaction_users" does not exist
LINE 2: FROM transaction_users
             ^

[SQL: SELECT transaction_users.id AS transaction_users_id, transaction_users.user_seq AS transaction_users_user_seq, transaction_users.user_name AS transaction_users_user_name, transaction_users.country_code AS transaction_users_country_code, transaction_users.id_type AS transaction_users_id_type, transaction_users.birth_date AS transaction_users_birth_date, transaction_users.register_date AS transaction_users_register_date, transaction_users.first_transaction_date AS transaction_users_first_transaction_date, transaction_users.status AS transaction_users_status, transaction_users.ban_reason AS transaction_users_ban_reason, transaction_users.created_at AS transaction_users_created_at, transaction_users.updated_at AS transaction_users_updated_at 
FROM transaction_users]
(Background on this error at: https://sqlalche.me/e/20/f405)
2025-11-25 23:51:53,091 WARNING Falling back to random user generation
2025-11-25 23:51:53,097 INFO ✓ RAW sent seq=14 | user=4580675 name=Carol Martin amount=$324.0
2025-11-25 23:51:55,100 ERROR Failed to load users from database: (psycopg2.errors.UndefinedTable) relation "transaction_users" does not exist
LINE 2: FROM transaction_users
             ^

[SQL: SELECT transaction_users.id AS transaction_users_id, transaction_users.user_seq AS transaction_users_user_seq, transaction_users.user_name AS transaction_users_user_name, transaction_users.country_code AS transaction_users_country_code, transaction_users.id_type AS transaction_users_id_type, transaction_users.birth_date AS transaction_users_birth_date, transaction_users.register_date AS transaction_users_register_date, transaction_users.first_transaction_date AS transaction_users_first_transaction_date, transaction_users.status AS transaction_users_status, transaction_users.ban_reason AS transaction_users_ban_reason, transaction_users.created_at AS transaction_users_created_at, transaction_users.updated_at AS transaction_users_updated_at 
FROM transaction_users]
(Background on this error at: https://sqlalche.me/e/20/f405)
2025-11-25 23:51:55,100 WARNING Falling back to random user generation
2025-11-25 23:51:55,107 INFO ✓ RAW sent seq=15 | user=4490973 name=Carla Bryant amount=$379.11
2025-11-25 23:51:57,110 ERROR Failed to load users from database: (psycopg2.errors.UndefinedTable) relation "transaction_users" does not exist
LINE 2: FROM transaction_users
             ^

[SQL: SELECT transaction_users.id AS transaction_users_id, transaction_users.user_seq AS transaction_users_user_seq, transaction_users.user_name AS transaction_users_user_name, transaction_users.country_code AS transaction_users_country_code, transaction_users.id_type AS transaction_users_id_type, transaction_users.birth_date AS transaction_users_birth_date, transaction_users.register_date AS transaction_users_register_date, transaction_users.first_transaction_date AS transaction_users_first_transaction_date, transaction_users.status AS transaction_users_status, transaction_users.ban_reason AS transaction_users_ban_reason, transaction_users.created_at AS transaction_users_created_at, transaction_users.updated_at AS transaction_users_updated_at 
FROM transaction_users]
(Background on this error at: https://sqlalche.me/e/20/f405)
2025-11-25 23:51:57,110 WARNING Falling back to random user generation
2025-11-25 23:51:57,117 INFO 🚨 FRAUD sent seq=16 type=large_amount | user=5401417 tx_24h=9 amt_24h=$40102 payment=BANK
2025-11-25 23:51:59,119 ERROR Failed to load users from database: (psycopg2.errors.UndefinedTable) relation "transaction_users" does not exist
LINE 2: FROM transaction_users
             ^

[SQL: SELECT transaction_users.id AS transaction_users_id, transaction_users.user_seq AS transaction_users_user_seq, transaction_users.user_name AS transaction_users_user_name, transaction_users.country_code AS transaction_users_country_code, transaction_users.id_type AS transaction_users_id_type, transaction_users.birth_date AS transaction_users_birth_date, transaction_users.register_date AS transaction_users_register_date, transaction_users.first_transaction_date AS transaction_users_first_transaction_date, transaction_users.status AS transaction_users_status, transaction_users.ban_reason AS transaction_users_ban_reason, transaction_users.created_at AS transaction_users_created_at, transaction_users.updated_at AS transaction_users_updated_at 
FROM transaction_users]
(Background on this error at: https://sqlalche.me/e/20/f405)
2025-11-25 23:51:59,119 WARNING Falling back to random user generation
2025-11-25 23:51:59,124 INFO 🚨 FRAUD sent seq=17 type=high_velocity | user=8214910 tx_24h=60 amt_24h=$35355 payment=WALLET
2025-11-25 23:52:01,127 ERROR Failed to load users from database: (psycopg2.errors.UndefinedTable) relation "transaction_users" does not exist
LINE 2: FROM transaction_users
             ^

[SQL: SELECT transaction_users.id AS transaction_users_id, transaction_users.user_seq AS transaction_users_user_seq, transaction_users.user_name AS transaction_users_user_name, transaction_users.country_code AS transaction_users_country_code, transaction_users.id_type AS transaction_users_id_type, transaction_users.birth_date AS transaction_users_birth_date, transaction_users.register_date AS transaction_users_register_date, transaction_users.first_transaction_date AS transaction_users_first_transaction_date, transaction_users.status AS transaction_users_status, transaction_users.ban_reason AS transaction_users_ban_reason, transaction_users.created_at AS transaction_users_created_at, transaction_users.updated_at AS transaction_users_updated_at 
FROM transaction_users]
(Background on this error at: https://sqlalche.me/e/20/f405)
2025-11-25 23:52:01,127 WARNING Falling back to random user generation
2025-11-25 23:52:01,132 INFO ✓ RAW sent seq=18 | user=6636386 name=Jamie Fisher amount=$905.43
2025-11-25 23:52:01,134 ERROR Failed to load users from database: (psycopg2.errors.UndefinedTable) relation "transaction_users" does not exist
LINE 2: FROM transaction_users
             ^

[SQL: SELECT transaction_users.id AS transaction_users_id, transaction_users.user_seq AS transaction_users_user_seq, transaction_users.user_name AS transaction_users_user_name, transaction_users.country_code AS transaction_users_country_code, transaction_users.id_type AS transaction_users_id_type, transaction_users.birth_date AS transaction_users_birth_date, transaction_users.register_date AS transaction_users_register_date, transaction_users.first_transaction_date AS transaction_users_first_transaction_date, transaction_users.status AS transaction_users_status, transaction_users.ban_reason AS transaction_users_ban_reason, transaction_users.created_at AS transaction_users_created_at, transaction_users.updated_at AS transaction_users_updated_at 
FROM transaction_users]
(Background on this error at: https://sqlalche.me/e/20/f405)
2025-11-25 23:52:01,134 WARNING Falling back to random user generation
2025-11-25 23:52:01,137 INFO ✓ RAW sent seq=19 | user=2929625 name=Christopher Clay amount=$202.67
2025-11-25 23:52:01,139 ERROR Failed to load users from database: (psycopg2.errors.UndefinedTable) relation "transaction_users" does not exist
LINE 2: FROM transaction_users
             ^

[SQL: SELECT transaction_users.id AS transaction_users_id, transaction_users.user_seq AS transaction_users_user_seq, transaction_users.user_name AS transaction_users_user_name, transaction_users.country_code AS transaction_users_country_code, transaction_users.id_type AS transaction_users_id_type, transaction_users.birth_date AS transaction_users_birth_date, transaction_users.register_date AS transaction_users_register_date, transaction_users.first_transaction_date AS transaction_users_first_transaction_date, transaction_users.status AS transaction_users_status, transaction_users.ban_reason AS transaction_users_ban_reason, transaction_users.created_at AS transaction_users_created_at, transaction_users.updated_at AS transaction_users_updated_at 
FROM transaction_users]
(Background on this error at: https://sqlalche.me/e/20/f405)
2025-11-25 23:52:01,139 WARNING Falling back to random user generation
2025-11-25 23:52:01,142 INFO ✓ RAW sent seq=20 | user=3766628 name=Larry Ward amount=$443.62
2025-11-25 23:52:03,147 ERROR Failed to load users from database: (psycopg2.errors.UndefinedTable) relation "transaction_users" does not exist
LINE 2: FROM transaction_users
             ^

[SQL: SELECT transaction_users.id AS transaction_users_id, transaction_users.user_seq AS transaction_users_user_seq, transaction_users.user_name AS transaction_users_user_name, transaction_users.country_code AS transaction_users_country_code, transaction_users.id_type AS transaction_users_id_type, transaction_users.birth_date AS transaction_users_birth_date, transaction_users.register_date AS transaction_users_register_date, transaction_users.first_transaction_date AS transaction_users_first_transaction_date, transaction_users.status AS transaction_users_status, transaction_users.ban_reason AS transaction_users_ban_reason, transaction_users.created_at AS transaction_users_created_at, transaction_users.updated_at AS transaction_users_updated_at 
FROM transaction_users]
(Background on this error at: https://sqlalche.me/e/20/f405)
2025-11-25 23:52:03,147 WARNING Falling back to random user generation
2025-11-25 23:52:03,153 INFO ✓ RAW sent seq=21 | user=1603452 name=Paul Jackson amount=$221.79
2025-11-25 23:52:03,155 ERROR Failed to load users from database: (psycopg2.errors.UndefinedTable) relation "transaction_users" does not exist
LINE 2: FROM transaction_users
             ^

[SQL: SELECT transaction_users.id AS transaction_users_id, transaction_users.user_seq AS transaction_users_user_seq, transaction_users.user_name AS transaction_users_user_name, transaction_users.country_code AS transaction_users_country_code, transaction_users.id_type AS transaction_users_id_type, transaction_users.birth_date AS transaction_users_birth_date, transaction_users.register_date AS transaction_users_register_date, transaction_users.first_transaction_date AS transaction_users_first_transaction_date, transaction_users.status AS transaction_users_status, transaction_users.ban_reason AS transaction_users_ban_reason, transaction_users.created_at AS transaction_users_created_at, transaction_users.updated_at AS transaction_users_updated_at 
FROM transaction_users]
(Background on this error at: https://sqlalche.me/e/20/f405)
2025-11-25 23:52:03,155 WARNING Falling back to random user generation
2025-11-25 23:52:03,160 INFO ✓ RAW sent seq=22 | user=2729607 name=John Walton amount=$715.9
2025-11-25 23:52:05,163 ERROR Failed to load users from database: (psycopg2.errors.UndefinedTable) relation "transaction_users" does not exist
LINE 2: FROM transaction_users
             ^

[SQL: SELECT transaction_users.id AS transaction_users_id, transaction_users.user_seq AS transaction_users_user_seq, transaction_users.user_name AS transaction_users_user_name, transaction_users.country_code AS transaction_users_country_code, transaction_users.id_type AS transaction_users_id_type, transaction_users.birth_date AS transaction_users_birth_date, transaction_users.register_date AS transaction_users_register_date, transaction_users.first_transaction_date AS transaction_users_first_transaction_date, transaction_users.status AS transaction_users_status, transaction_users.ban_reason AS transaction_users_ban_reason, transaction_users.created_at AS transaction_users_created_at, transaction_users.updated_at AS transaction_users_updated_at 
FROM transaction_users]
(Background on this error at: https://sqlalche.me/e/20/f405)
2025-11-25 23:52:05,163 WARNING Falling back to random user generation
2025-11-25 23:52:05,170 INFO ✓ RAW sent seq=23 | user=6057448 name=Donald Ingram amount=$195.61
2025-11-25 23:52:07,173 ERROR Failed to load users from database: (psycopg2.errors.UndefinedTable) relation "transaction_users" does not exist
LINE 2: FROM transaction_users
             ^

[SQL: SELECT transaction_users.id AS transaction_users_id, transaction_users.user_seq AS transaction_users_user_seq, transaction_users.user_name AS transaction_users_user_name, transaction_users.country_code AS transaction_users_country_code, transaction_users.id_type AS transaction_users_id_type, transaction_users.birth_date AS transaction_users_birth_date, transaction_users.register_date AS transaction_users_register_date, transaction_users.first_transaction_date AS transaction_users_first_transaction_date, transaction_users.status AS transaction_users_status, transaction_users.ban_reason AS transaction_users_ban_reason, transaction_users.created_at AS transaction_users_created_at, transaction_users.updated_at AS transaction_users_updated_at 
FROM transaction_users]
(Background on this error at: https://sqlalche.me/e/20/f405)
2025-11-25 23:52:07,173 WARNING Falling back to random user generation
2025-11-25 23:52:07,179 INFO ✓ RAW sent seq=24 | user=2964458 name=Ryan Alvarez amount=$818.72
2025-11-25 23:52:07,182 ERROR Failed to load users from database: (psycopg2.errors.UndefinedTable) relation "transaction_users" does not exist
LINE 2: FROM transaction_users
             ^

[SQL: SELECT transaction_users.id AS transaction_users_id, transaction_users.user_seq AS transaction_users_user_seq, transaction_users.user_name AS transaction_users_user_name, transaction_users.country_code AS transaction_users_country_code, transaction_users.id_type AS transaction_users_id_type, transaction_users.birth_date AS transaction_users_birth_date, transaction_users.register_date AS transaction_users_register_date, transaction_users.first_transaction_date AS transaction_users_first_transaction_date, transaction_users.status AS transaction_users_status, transaction_users.ban_reason AS transaction_users_ban_reason, transaction_users.created_at AS transaction_users_created_at, transaction_users.updated_at AS transaction_users_updated_at 
FROM transaction_users]
(Background on this error at: https://sqlalche.me/e/20/f405)
2025-11-25 23:52:07,182 WARNING Falling back to random user generation
2025-11-25 23:52:07,186 INFO ✓ RAW sent seq=25 | user=7488034 name=Jonathan Floyd amount=$32.2
2025-11-25 23:52:07,188 ERROR Failed to load users from database: (psycopg2.errors.UndefinedTable) relation "transaction_users" does not exist
LINE 2: FROM transaction_users
             ^

[SQL: SELECT transaction_users.id AS transaction_users_id, transaction_users.user_seq AS transaction_users_user_seq, transaction_users.user_name AS transaction_users_user_name, transaction_users.country_code AS transaction_users_country_code, transaction_users.id_type AS transaction_users_id_type, transaction_users.birth_date AS transaction_users_birth_date, transaction_users.register_date AS transaction_users_register_date, transaction_users.first_transaction_date AS transaction_users_first_transaction_date, transaction_users.status AS transaction_users_status, transaction_users.ban_reason AS transaction_users_ban_reason, transaction_users.created_at AS transaction_users_created_at, transaction_users.updated_at AS transaction_users_updated_at 
FROM transaction_users]
(Background on this error at: https://sqlalche.me/e/20/f405)
2025-11-25 23:52:07,188 WARNING Falling back to random user generation
2025-11-25 23:52:07,191 INFO 🚨 FRAUD sent seq=26 type=mixed_pattern | user=4389312 tx_24h=77 amt_24h=$54320 payment=CRYPTO
2025-11-25 23:52:09,194 ERROR Failed to load users from database: (psycopg2.errors.UndefinedTable) relation "transaction_users" does not exist
LINE 2: FROM transaction_users
             ^

[SQL: SELECT transaction_users.id AS transaction_users_id, transaction_users.user_seq AS transaction_users_user_seq, transaction_users.user_name AS transaction_users_user_name, transaction_users.country_code AS transaction_users_country_code, transaction_users.id_type AS transaction_users_id_type, transaction_users.birth_date AS transaction_users_birth_date, transaction_users.register_date AS transaction_users_register_date, transaction_users.first_transaction_date AS transaction_users_first_transaction_date, transaction_users.status AS transaction_users_status, transaction_users.ban_reason AS transaction_users_ban_reason, transaction_users.created_at AS transaction_users_created_at, transaction_users.updated_at AS transaction_users_updated_at 
FROM transaction_users]
(Background on this error at: https://sqlalche.me/e/20/f405)
2025-11-25 23:52:09,194 WARNING Falling back to random user generation
2025-11-25 23:52:09,200 INFO ✓ RAW sent seq=27 | user=6626771 name=Robert Marsh amount=$11.87
2025-11-25 23:52:09,202 ERROR Failed to load users from database: (psycopg2.errors.UndefinedTable) relation "transaction_users" does not exist
LINE 2: FROM transaction_users
             ^

[SQL: SELECT transaction_users.id AS transaction_users_id, transaction_users.user_seq AS transaction_users_user_seq, transaction_users.user_name AS transaction_users_user_name, transaction_users.country_code AS transaction_users_country_code, transaction_users.id_type AS transaction_users_id_type, transaction_users.birth_date AS transaction_users_birth_date, transaction_users.register_date AS transaction_users_register_date, transaction_users.first_transaction_date AS transaction_users_first_transaction_date, transaction_users.status AS transaction_users_status, transaction_users.ban_reason AS transaction_users_ban_reason, transaction_users.created_at AS transaction_users_created_at, transaction_users.updated_at AS transaction_users_updated_at 
FROM transaction_users]
(Background on this error at: https://sqlalche.me/e/20/f405)
2025-11-25 23:52:09,202 WARNING Falling back to random user generation
2025-11-25 23:52:09,207 INFO 🚨 FRAUD sent seq=28 type=crypto_suspicious | user=2971081 tx_24h=63 amt_24h=$25469 payment=CRYPTO
2025-11-25 23:52:09,208 ERROR Failed to load users from database: (psycopg2.errors.UndefinedTable) relation "transaction_users" does not exist
LINE 2: FROM transaction_users
             ^

[SQL: SELECT transaction_users.id AS transaction_users_id, transaction_users.user_seq AS transaction_users_user_seq, transaction_users.user_name AS transaction_users_user_name, transaction_users.country_code AS transaction_users_country_code, transaction_users.id_type AS transaction_users_id_type, transaction_users.birth_date AS transaction_users_birth_date, transaction_users.register_date AS transaction_users_register_date, transaction_users.first_transaction_date AS transaction_users_first_transaction_date, transaction_users.status AS transaction_users_status, transaction_users.ban_reason AS transaction_users_ban_reason, transaction_users.created_at AS transaction_users_created_at, transaction_users.updated_at AS transaction_users_updated_at 
FROM transaction_users]
(Background on this error at: https://sqlalche.me/e/20/f405)
2025-11-25 23:52:09,208 WARNING Falling back to random user generation
2025-11-25 23:52:09,211 INFO ✓ RAW sent seq=29 | user=4694718 name=Jason Jones amount=$623.35
2025-11-25 23:52:11,214 ERROR Failed to load users from database: (psycopg2.errors.UndefinedTable) relation "transaction_users" does not exist
LINE 2: FROM transaction_users
             ^

[SQL: SELECT transaction_users.id AS transaction_users_id, transaction_users.user_seq AS transaction_users_user_seq, transaction_users.user_name AS transaction_users_user_name, transaction_users.country_code AS transaction_users_country_code, transaction_users.id_type AS transaction_users_id_type, transaction_users.birth_date AS transaction_users_birth_date, transaction_users.register_date AS transaction_users_register_date, transaction_users.first_transaction_date AS transaction_users_first_transaction_date, transaction_users.status AS transaction_users_status, transaction_users.ban_reason AS transaction_users_ban_reason, transaction_users.created_at AS transaction_users_created_at, transaction_users.updated_at AS transaction_users_updated_at 
FROM transaction_users]
(Background on this error at: https://sqlalche.me/e/20/f405)
2025-11-25 23:52:11,214 WARNING Falling back to random user generation
2025-11-25 23:52:11,220 INFO ✓ RAW sent seq=30 | user=8141656 name=Andrew Baker amount=$628.38
2025-11-25 23:52:11,221 ERROR Failed to load users from database: (psycopg2.errors.UndefinedTable) relation "transaction_users" does not exist
LINE 2: FROM transaction_users
             ^

[SQL: SELECT transaction_users.id AS transaction_users_id, transaction_users.user_seq AS transaction_users_user_seq, transaction_users.user_name AS transaction_users_user_name, transaction_users.country_code AS transaction_users_country_code, transaction_users.id_type AS transaction_users_id_type, transaction_users.birth_date AS transaction_users_birth_date, transaction_users.register_date AS transaction_users_register_date, transaction_users.first_transaction_date AS transaction_users_first_transaction_date, transaction_users.status AS transaction_users_status, transaction_users.ban_reason AS transaction_users_ban_reason, transaction_users.created_at AS transaction_users_created_at, transaction_users.updated_at AS transaction_users_updated_at 
FROM transaction_users]
(Background on this error at: https://sqlalche.me/e/20/f405)
2025-11-25 23:52:11,221 WARNING Falling back to random user generation
2025-11-25 23:52:11,225 INFO ✓ RAW sent seq=31 | user=5471726 name=Tami Pitts amount=$611.07
2025-11-25 23:52:13,229 ERROR Failed to load users from database: (psycopg2.errors.UndefinedTable) relation "transaction_users" does not exist
LINE 2: FROM transaction_users
             ^

[SQL: SELECT transaction_users.id AS transaction_users_id, transaction_users.user_seq AS transaction_users_user_seq, transaction_users.user_name AS transaction_users_user_name, transaction_users.country_code AS transaction_users_country_code, transaction_users.id_type AS transaction_users_id_type, transaction_users.birth_date AS transaction_users_birth_date, transaction_users.register_date AS transaction_users_register_date, transaction_users.first_transaction_date AS transaction_users_first_transaction_date, transaction_users.status AS transaction_users_status, transaction_users.ban_reason AS transaction_users_ban_reason, transaction_users.created_at AS transaction_users_created_at, transaction_users.updated_at AS transaction_users_updated_at 
FROM transaction_users]
(Background on this error at: https://sqlalche.me/e/20/f405)
2025-11-25 23:52:13,229 WARNING Falling back to random user generation
2025-11-25 23:52:13,234 INFO ✓ RAW sent seq=32 | user=4646136 name=Valerie Drake amount=$885.8
2025-11-25 23:52:13,235 ERROR Failed to load users from database: (psycopg2.errors.UndefinedTable) relation "transaction_users" does not exist
LINE 2: FROM transaction_users
             ^

[SQL: SELECT transaction_users.id AS transaction_users_id, transaction_users.user_seq AS transaction_users_user_seq, transaction_users.user_name AS transaction_users_user_name, transaction_users.country_code AS transaction_users_country_code, transaction_users.id_type AS transaction_users_id_type, transaction_users.birth_date AS transaction_users_birth_date, transaction_users.register_date AS transaction_users_register_date, transaction_users.first_transaction_date AS transaction_users_first_transaction_date, transaction_users.status AS transaction_users_status, transaction_users.ban_reason AS transaction_users_ban_reason, transaction_users.created_at AS transaction_users_created_at, transaction_users.updated_at AS transaction_users_updated_at 
FROM transaction_users]
(Background on this error at: https://sqlalche.me/e/20/f405)
2025-11-25 23:52:13,235 WARNING Falling back to random user generation
2025-11-25 23:52:13,239 INFO 🚨 FRAUD sent seq=33 type=large_amount | user=4734637 tx_24h=8 amt_24h=$47549 payment=CARD
2025-11-25 23:52:13,240 ERROR Failed to load users from database: (psycopg2.errors.UndefinedTable) relation "transaction_users" does not exist
LINE 2: FROM transaction_users
             ^

[SQL: SELECT transaction_users.id AS transaction_users_id, transaction_users.user_seq AS transaction_users_user_seq, transaction_users.user_name AS transaction_users_user_name, transaction_users.country_code AS transaction_users_country_code, transaction_users.id_type AS transaction_users_id_type, transaction_users.birth_date AS transaction_users_birth_date, transaction_users.register_date AS transaction_users_register_date, transaction_users.first_transaction_date AS transaction_users_first_transaction_date, transaction_users.status AS transaction_users_status, transaction_users.ban_reason AS transaction_users_ban_reason, transaction_users.created_at AS transaction_users_created_at, transaction_users.updated_at AS transaction_users_updated_at 
FROM transaction_users]
(Background on this error at: https://sqlalche.me/e/20/f405)
2025-11-25 23:52:13,241 WARNING Falling back to random user generation
2025-11-25 23:52:13,243 INFO ✓ RAW sent seq=34 | user=1286550 name=April Young amount=$509.42
2025-11-25 23:52:15,247 ERROR Failed to load users from database: (psycopg2.errors.UndefinedTable) relation "transaction_users" does not exist
LINE 2: FROM transaction_users
             ^

[SQL: SELECT transaction_users.id AS transaction_users_id, transaction_users.user_seq AS transaction_users_user_seq, transaction_users.user_name AS transaction_users_user_name, transaction_users.country_code AS transaction_users_country_code, transaction_users.id_type AS transaction_users_id_type, transaction_users.birth_date AS transaction_users_birth_date, transaction_users.register_date AS transaction_users_register_date, transaction_users.first_transaction_date AS transaction_users_first_transaction_date, transaction_users.status AS transaction_users_status, transaction_users.ban_reason AS transaction_users_ban_reason, transaction_users.created_at AS transaction_users_created_at, transaction_users.updated_at AS transaction_users_updated_at 
FROM transaction_users]
(Background on this error at: https://sqlalche.me/e/20/f405)
2025-11-25 23:52:15,247 WARNING Falling back to random user generation
2025-11-25 23:52:15,253 INFO ✓ RAW sent seq=35 | user=2498394 name=Mackenzie Rowe amount=$423.98
2025-11-25 23:52:17,256 ERROR Failed to load users from database: (psycopg2.errors.UndefinedTable) relation "transaction_users" does not exist
LINE 2: FROM transaction_users
             ^

[SQL: SELECT transaction_users.id AS transaction_users_id, transaction_users.user_seq AS transaction_users_user_seq, transaction_users.user_name AS transaction_users_user_name, transaction_users.country_code AS transaction_users_country_code, transaction_users.id_type AS transaction_users_id_type, transaction_users.birth_date AS transaction_users_birth_date, transaction_users.register_date AS transaction_users_register_date, transaction_users.first_transaction_date AS transaction_users_first_transaction_date, transaction_users.status AS transaction_users_status, transaction_users.ban_reason AS transaction_users_ban_reason, transaction_users.created_at AS transaction_users_created_at, transaction_users.updated_at AS transaction_users_updated_at 
FROM transaction_users]
(Background on this error at: https://sqlalche.me/e/20/f405)
2025-11-25 23:52:17,256 WARNING Falling back to random user generation
2025-11-25 23:52:17,262 INFO ✓ RAW sent seq=36 | user=6244384 name=Susan Chandler amount=$54.2
2025-11-25 23:52:17,264 ERROR Failed to load users from database: (psycopg2.errors.UndefinedTable) relation "transaction_users" does not exist
LINE 2: FROM transaction_users
             ^

[SQL: SELECT transaction_users.id AS transaction_users_id, transaction_users.user_seq AS transaction_users_user_seq, transaction_users.user_name AS transaction_users_user_name, transaction_users.country_code AS transaction_users_country_code, transaction_users.id_type AS transaction_users_id_type, transaction_users.birth_date AS transaction_users_birth_date, transaction_users.register_date AS transaction_users_register_date, transaction_users.first_transaction_date AS transaction_users_first_transaction_date, transaction_users.status AS transaction_users_status, transaction_users.ban_reason AS transaction_users_ban_reason, transaction_users.created_at AS transaction_users_created_at, transaction_users.updated_at AS transaction_users_updated_at 
FROM transaction_users]
(Background on this error at: https://sqlalche.me/e/20/f405)
2025-11-25 23:52:17,264 WARNING Falling back to random user generation
2025-11-25 23:52:17,266 INFO ✓ RAW sent seq=37 | user=7259861 name=David Clark amount=$836.24
2025-11-25 23:52:17,268 ERROR Failed to load users from database: (psycopg2.errors.UndefinedTable) relation "transaction_users" does not exist
LINE 2: FROM transaction_users
             ^

[SQL: SELECT transaction_users.id AS transaction_users_id, transaction_users.user_seq AS transaction_users_user_seq, transaction_users.user_name AS transaction_users_user_name, transaction_users.country_code AS transaction_users_country_code, transaction_users.id_type AS transaction_users_id_type, transaction_users.birth_date AS transaction_users_birth_date, transaction_users.register_date AS transaction_users_register_date, transaction_users.first_transaction_date AS transaction_users_first_transaction_date, transaction_users.status AS transaction_users_status, transaction_users.ban_reason AS transaction_users_ban_reason, transaction_users.created_at AS transaction_users_created_at, transaction_users.updated_at AS transaction_users_updated_at 
FROM transaction_users]
(Background on this error at: https://sqlalche.me/e/20/f405)
2025-11-25 23:52:17,268 WARNING Falling back to random user generation
2025-11-25 23:52:17,270 INFO 🚨 FRAUD sent seq=38 type=large_amount | user=8763050 tx_24h=4 amt_24h=$46573 payment=BANK
2025-11-25 23:52:19,273 ERROR Failed to load users from database: (psycopg2.errors.UndefinedTable) relation "transaction_users" does not exist
LINE 2: FROM transaction_users
             ^

[SQL: SELECT transaction_users.id AS transaction_users_id, transaction_users.user_seq AS transaction_users_user_seq, transaction_users.user_name AS transaction_users_user_name, transaction_users.country_code AS transaction_users_country_code, transaction_users.id_type AS transaction_users_id_type, transaction_users.birth_date AS transaction_users_birth_date, transaction_users.register_date AS transaction_users_register_date, transaction_users.first_transaction_date AS transaction_users_first_transaction_date, transaction_users.status AS transaction_users_status, transaction_users.ban_reason AS transaction_users_ban_reason, transaction_users.created_at AS transaction_users_created_at, transaction_users.updated_at AS transaction_users_updated_at 
FROM transaction_users]
(Background on this error at: https://sqlalche.me/e/20/f405)
2025-11-25 23:52:19,273 WARNING Falling back to random user generation
2025-11-25 23:52:19,278 INFO ✓ RAW sent seq=39 | user=6605584 name=Denise Boone amount=$563.35
2025-11-25 23:52:21,281 ERROR Failed to load users from database: (psycopg2.errors.UndefinedTable) relation "transaction_users" does not exist
LINE 2: FROM transaction_users
             ^

[SQL: SELECT transaction_users.id AS transaction_users_id, transaction_users.user_seq AS transaction_users_user_seq, transaction_users.user_name AS transaction_users_user_name, transaction_users.country_code AS transaction_users_country_code, transaction_users.id_type AS transaction_users_id_type, transaction_users.birth_date AS transaction_users_birth_date, transaction_users.register_date AS transaction_users_register_date, transaction_users.first_transaction_date AS transaction_users_first_transaction_date, transaction_users.status AS transaction_users_status, transaction_users.ban_reason AS transaction_users_ban_reason, transaction_users.created_at AS transaction_users_created_at, transaction_users.updated_at AS transaction_users_updated_at 
FROM transaction_users]
(Background on this error at: https://sqlalche.me/e/20/f405)
2025-11-25 23:52:21,281 WARNING Falling back to random user generation
2025-11-25 23:52:21,287 INFO ✓ RAW sent seq=40 | user=3688545 name=Craig Hall amount=$106.38
2025-11-25 23:52:21,289 ERROR Failed to load users from database: (psycopg2.errors.UndefinedTable) relation "transaction_users" does not exist
LINE 2: FROM transaction_users
             ^

[SQL: SELECT transaction_users.id AS transaction_users_id, transaction_users.user_seq AS transaction_users_user_seq, transaction_users.user_name AS transaction_users_user_name, transaction_users.country_code AS transaction_users_country_code, transaction_users.id_type AS transaction_users_id_type, transaction_users.birth_date AS transaction_users_birth_date, transaction_users.register_date AS transaction_users_register_date, transaction_users.first_transaction_date AS transaction_users_first_transaction_date, transaction_users.status AS transaction_users_status, transaction_users.ban_reason AS transaction_users_ban_reason, transaction_users.created_at AS transaction_users_created_at, transaction_users.updated_at AS transaction_users_updated_at 
FROM transaction_users]
(Background on this error at: https://sqlalche.me/e/20/f405)
2025-11-25 23:52:21,289 WARNING Falling back to random user generation
2025-11-25 23:52:21,292 INFO ✓ RAW sent seq=41 | user=2096695 name=Daniel Marquez amount=$973.55
2025-11-25 23:52:21,293 ERROR Failed to load users from database: (psycopg2.errors.UndefinedTable) relation "transaction_users" does not exist
LINE 2: FROM transaction_users
             ^

[SQL: SELECT transaction_users.id AS transaction_users_id, transaction_users.user_seq AS transaction_users_user_seq, transaction_users.user_name AS transaction_users_user_name, transaction_users.country_code AS transaction_users_country_code, transaction_users.id_type AS transaction_users_id_type, transaction_users.birth_date AS transaction_users_birth_date, transaction_users.register_date AS transaction_users_register_date, transaction_users.first_transaction_date AS transaction_users_first_transaction_date, transaction_users.status AS transaction_users_status, transaction_users.ban_reason AS transaction_users_ban_reason, transaction_users.created_at AS transaction_users_created_at, transaction_users.updated_at AS transaction_users_updated_at 
FROM transaction_users]
(Background on this error at: https://sqlalche.me/e/20/f405)
2025-11-25 23:52:21,293 WARNING Falling back to random user generation
2025-11-25 23:52:21,296 INFO ✓ RAW sent seq=42 | user=5580899 name=Brenda Barnes amount=$499.89
2025-11-25 23:52:23,299 ERROR Failed to load users from database: (psycopg2.errors.UndefinedTable) relation "transaction_users" does not exist
LINE 2: FROM transaction_users
             ^

[SQL: SELECT transaction_users.id AS transaction_users_id, transaction_users.user_seq AS transaction_users_user_seq, transaction_users.user_name AS transaction_users_user_name, transaction_users.country_code AS transaction_users_country_code, transaction_users.id_type AS transaction_users_id_type, transaction_users.birth_date AS transaction_users_birth_date, transaction_users.register_date AS transaction_users_register_date, transaction_users.first_transaction_date AS transaction_users_first_transaction_date, transaction_users.status AS transaction_users_status, transaction_users.ban_reason AS transaction_users_ban_reason, transaction_users.created_at AS transaction_users_created_at, transaction_users.updated_at AS transaction_users_updated_at 
FROM transaction_users]
(Background on this error at: https://sqlalche.me/e/20/f405)
2025-11-25 23:52:23,299 WARNING Falling back to random user generation
2025-11-25 23:52:23,307 INFO ✓ RAW sent seq=43 | user=4650658 name=Jeffrey Arnold amount=$874.95
2025-11-25 23:52:23,309 ERROR Failed to load users from database: (psycopg2.errors.UndefinedTable) relation "transaction_users" does not exist
LINE 2: FROM transaction_users
             ^

[SQL: SELECT transaction_users.id AS transaction_users_id, transaction_users.user_seq AS transaction_users_user_seq, transaction_users.user_name AS transaction_users_user_name, transaction_users.country_code AS transaction_users_country_code, transaction_users.id_type AS transaction_users_id_type, transaction_users.birth_date AS transaction_users_birth_date, transaction_users.register_date AS transaction_users_register_date, transaction_users.first_transaction_date AS transaction_users_first_transaction_date, transaction_users.status AS transaction_users_status, transaction_users.ban_reason AS transaction_users_ban_reason, transaction_users.created_at AS transaction_users_created_at, transaction_users.updated_at AS transaction_users_updated_at 
FROM transaction_users]
(Background on this error at: https://sqlalche.me/e/20/f405)
2025-11-25 23:52:23,309 WARNING Falling back to random user generation
2025-11-25 23:52:23,312 INFO ✓ RAW sent seq=44 | user=1460349 name=Amy Brown amount=$515.56
2025-11-25 23:52:23,313 ERROR Failed to load users from database: (psycopg2.errors.UndefinedTable) relation "transaction_users" does not exist
LINE 2: FROM transaction_users
             ^

[SQL: SELECT transaction_users.id AS transaction_users_id, transaction_users.user_seq AS transaction_users_user_seq, transaction_users.user_name AS transaction_users_user_name, transaction_users.country_code AS transaction_users_country_code, transaction_users.id_type AS transaction_users_id_type, transaction_users.birth_date AS transaction_users_birth_date, transaction_users.register_date AS transaction_users_register_date, transaction_users.first_transaction_date AS transaction_users_first_transaction_date, transaction_users.status AS transaction_users_status, transaction_users.ban_reason AS transaction_users_ban_reason, transaction_users.created_at AS transaction_users_created_at, transaction_users.updated_at AS transaction_users_updated_at 
FROM transaction_users]
(Background on this error at: https://sqlalche.me/e/20/f405)
2025-11-25 23:52:23,313 WARNING Falling back to random user generation
2025-11-25 23:52:23,317 INFO ✓ RAW sent seq=45 | user=8662599 name=Jack Myers amount=$434.85
2025-11-25 23:52:25,319 ERROR Failed to load users from database: (psycopg2.errors.UndefinedTable) relation "transaction_users" does not exist
LINE 2: FROM transaction_users
             ^

[SQL: SELECT transaction_users.id AS transaction_users_id, transaction_users.user_seq AS transaction_users_user_seq, transaction_users.user_name AS transaction_users_user_name, transaction_users.country_code AS transaction_users_country_code, transaction_users.id_type AS transaction_users_id_type, transaction_users.birth_date AS transaction_users_birth_date, transaction_users.register_date AS transaction_users_register_date, transaction_users.first_transaction_date AS transaction_users_first_transaction_date, transaction_users.status AS transaction_users_status, transaction_users.ban_reason AS transaction_users_ban_reason, transaction_users.created_at AS transaction_users_created_at, transaction_users.updated_at AS transaction_users_updated_at 
FROM transaction_users]
(Background on this error at: https://sqlalche.me/e/20/f405)
2025-11-25 23:52:25,319 WARNING Falling back to random user generation
2025-11-25 23:52:25,324 INFO 🚨 FRAUD sent seq=46 type=cross_border | user=3090276 tx_24h=65 amt_24h=$24366 payment=BANK
2025-11-25 23:52:25,326 ERROR Failed to load users from database: (psycopg2.errors.UndefinedTable) relation "transaction_users" does not exist
LINE 2: FROM transaction_users
             ^

[SQL: SELECT transaction_users.id AS transaction_users_id, transaction_users.user_seq AS transaction_users_user_seq, transaction_users.user_name AS transaction_users_user_name, transaction_users.country_code AS transaction_users_country_code, transaction_users.id_type AS transaction_users_id_type, transaction_users.birth_date AS transaction_users_birth_date, transaction_users.register_date AS transaction_users_register_date, transaction_users.first_transaction_date AS transaction_users_first_transaction_date, transaction_users.status AS transaction_users_status, transaction_users.ban_reason AS transaction_users_ban_reason, transaction_users.created_at AS transaction_users_created_at, transaction_users.updated_at AS transaction_users_updated_at 
FROM transaction_users]
(Background on this error at: https://sqlalche.me/e/20/f405)
2025-11-25 23:52:25,326 WARNING Falling back to random user generation
2025-11-25 23:52:25,330 INFO ✓ RAW sent seq=47 | user=3555983 name=Kimberly Le amount=$958.47
2025-11-25 23:52:25,332 ERROR Failed to load users from database: (psycopg2.errors.UndefinedTable) relation "transaction_users" does not exist
LINE 2: FROM transaction_users
             ^

[SQL: SELECT transaction_users.id AS transaction_users_id, transaction_users.user_seq AS transaction_users_user_seq, transaction_users.user_name AS transaction_users_user_name, transaction_users.country_code AS transaction_users_country_code, transaction_users.id_type AS transaction_users_id_type, transaction_users.birth_date AS transaction_users_birth_date, transaction_users.register_date AS transaction_users_register_date, transaction_users.first_transaction_date AS transaction_users_first_transaction_date, transaction_users.status AS transaction_users_status, transaction_users.ban_reason AS transaction_users_ban_reason, transaction_users.created_at AS transaction_users_created_at, transaction_users.updated_at AS transaction_users_updated_at 
FROM transaction_users]
(Background on this error at: https://sqlalche.me/e/20/f405)
2025-11-25 23:52:25,332 WARNING Falling back to random user generation
2025-11-25 23:52:25,338 INFO ✓ RAW sent seq=48 | user=1695508 name=Jennifer Chavez amount=$617.33
2025-11-25 23:52:27,340 ERROR Failed to load users from database: (psycopg2.errors.UndefinedTable) relation "transaction_users" does not exist
LINE 2: FROM transaction_users
             ^

[SQL: SELECT transaction_users.id AS transaction_users_id, transaction_users.user_seq AS transaction_users_user_seq, transaction_users.user_name AS transaction_users_user_name, transaction_users.country_code AS transaction_users_country_code, transaction_users.id_type AS transaction_users_id_type, transaction_users.birth_date AS transaction_users_birth_date, transaction_users.register_date AS transaction_users_register_date, transaction_users.first_transaction_date AS transaction_users_first_transaction_date, transaction_users.status AS transaction_users_status, transaction_users.ban_reason AS transaction_users_ban_reason, transaction_users.created_at AS transaction_users_created_at, transaction_users.updated_at AS transaction_users_updated_at 
FROM transaction_users]
(Background on this error at: https://sqlalche.me/e/20/f405)
2025-11-25 23:52:27,340 WARNING Falling back to random user generation
2025-11-25 23:52:27,343 INFO 🚨 FRAUD sent seq=49 type=high_velocity | user=6391031 tx_24h=104 amt_24h=$24999 payment=CARD
2025-11-25 23:52:27,345 ERROR Failed to load users from database: (psycopg2.errors.UndefinedTable) relation "transaction_users" does not exist
LINE 2: FROM transaction_users
             ^

[SQL: SELECT transaction_users.id AS transaction_users_id, transaction_users.user_seq AS transaction_users_user_seq, transaction_users.user_name AS transaction_users_user_name, transaction_users.country_code AS transaction_users_country_code, transaction_users.id_type AS transaction_users_id_type, transaction_users.birth_date AS transaction_users_birth_date, transaction_users.register_date AS transaction_users_register_date, transaction_users.first_transaction_date AS transaction_users_first_transaction_date, transaction_users.status AS transaction_users_status, transaction_users.ban_reason AS transaction_users_ban_reason, transaction_users.created_at AS transaction_users_created_at, transaction_users.updated_at AS transaction_users_updated_at 
FROM transaction_users]
(Background on this error at: https://sqlalche.me/e/20/f405)
2025-11-25 23:52:27,345 WARNING Falling back to random user generation
2025-11-25 23:52:27,351 INFO ✓ RAW sent seq=50 | user=3746686 name=Tiffany Ray amount=$112.1
2025-11-25 23:52:29,354 ERROR Failed to load users from database: (psycopg2.errors.UndefinedTable) relation "transaction_users" does not exist
LINE 2: FROM transaction_users
             ^

[SQL: SELECT transaction_users.id AS transaction_users_id, transaction_users.user_seq AS transaction_users_user_seq, transaction_users.user_name AS transaction_users_user_name, transaction_users.country_code AS transaction_users_country_code, transaction_users.id_type AS transaction_users_id_type, transaction_users.birth_date AS transaction_users_birth_date, transaction_users.register_date AS transaction_users_register_date, transaction_users.first_transaction_date AS transaction_users_first_transaction_date, transaction_users.status AS transaction_users_status, transaction_users.ban_reason AS transaction_users_ban_reason, transaction_users.created_at AS transaction_users_created_at, transaction_users.updated_at AS transaction_users_updated_at 
FROM transaction_users]
(Background on this error at: https://sqlalche.me/e/20/f405)
2025-11-25 23:52:29,354 WARNING Falling back to random user generation
2025-11-25 23:52:29,360 INFO ✓ RAW sent seq=51 | user=2216697 name=Kristin Rogers amount=$1.23
2025-11-25 23:52:31,363 ERROR Failed to load users from database: (psycopg2.errors.UndefinedTable) relation "transaction_users" does not exist
LINE 2: FROM transaction_users
             ^

[SQL: SELECT transaction_users.id AS transaction_users_id, transaction_users.user_seq AS transaction_users_user_seq, transaction_users.user_name AS transaction_users_user_name, transaction_users.country_code AS transaction_users_country_code, transaction_users.id_type AS transaction_users_id_type, transaction_users.birth_date AS transaction_users_birth_date, transaction_users.register_date AS transaction_users_register_date, transaction_users.first_transaction_date AS transaction_users_first_transaction_date, transaction_users.status AS transaction_users_status, transaction_users.ban_reason AS transaction_users_ban_reason, transaction_users.created_at AS transaction_users_created_at, transaction_users.updated_at AS transaction_users_updated_at 
FROM transaction_users]
(Background on this error at: https://sqlalche.me/e/20/f405)
2025-11-25 23:52:31,363 WARNING Falling back to random user generation
2025-11-25 23:52:31,368 INFO ✓ RAW sent seq=52 | user=3442941 name=Eric Holmes amount=$114.2
2025-11-25 23:52:31,371 ERROR Failed to load users from database: (psycopg2.errors.UndefinedTable) relation "transaction_users" does not exist
LINE 2: FROM transaction_users
             ^

[SQL: SELECT transaction_users.id AS transaction_users_id, transaction_users.user_seq AS transaction_users_user_seq, transaction_users.user_name AS transaction_users_user_name, transaction_users.country_code AS transaction_users_country_code, transaction_users.id_type AS transaction_users_id_type, transaction_users.birth_date AS transaction_users_birth_date, transaction_users.register_date AS transaction_users_register_date, transaction_users.first_transaction_date AS transaction_users_first_transaction_date, transaction_users.status AS transaction_users_status, transaction_users.ban_reason AS transaction_users_ban_reason, transaction_users.created_at AS transaction_users_created_at, transaction_users.updated_at AS transaction_users_updated_at 
FROM transaction_users]
(Background on this error at: https://sqlalche.me/e/20/f405)
2025-11-25 23:52:31,371 WARNING Falling back to random user generation
2025-11-25 23:52:31,375 INFO ✓ RAW sent seq=53 | user=3621381 name=Kimberly Russo amount=$504.09
2025-11-25 23:52:31,376 ERROR Failed to load users from database: (psycopg2.errors.UndefinedTable) relation "transaction_users" does not exist
LINE 2: FROM transaction_users
             ^

[SQL: SELECT transaction_users.id AS transaction_users_id, transaction_users.user_seq AS transaction_users_user_seq, transaction_users.user_name AS transaction_users_user_name, transaction_users.country_code AS transaction_users_country_code, transaction_users.id_type AS transaction_users_id_type, transaction_users.birth_date AS transaction_users_birth_date, transaction_users.register_date AS transaction_users_register_date, transaction_users.first_transaction_date AS transaction_users_first_transaction_date, transaction_users.status AS transaction_users_status, transaction_users.ban_reason AS transaction_users_ban_reason, transaction_users.created_at AS transaction_users_created_at, transaction_users.updated_at AS transaction_users_updated_at 
FROM transaction_users]
(Background on this error at: https://sqlalche.me/e/20/f405)
2025-11-25 23:52:31,377 WARNING Falling back to random user generation
2025-11-25 23:52:31,381 INFO ✓ RAW sent seq=54 | user=6458030 name=Karen Duke amount=$9.78
2025-11-25 23:52:33,385 ERROR Failed to load users from database: (psycopg2.errors.UndefinedTable) relation "transaction_users" does not exist
LINE 2: FROM transaction_users
             ^

[SQL: SELECT transaction_users.id AS transaction_users_id, transaction_users.user_seq AS transaction_users_user_seq, transaction_users.user_name AS transaction_users_user_name, transaction_users.country_code AS transaction_users_country_code, transaction_users.id_type AS transaction_users_id_type, transaction_users.birth_date AS transaction_users_birth_date, transaction_users.register_date AS transaction_users_register_date, transaction_users.first_transaction_date AS transaction_users_first_transaction_date, transaction_users.status AS transaction_users_status, transaction_users.ban_reason AS transaction_users_ban_reason, transaction_users.created_at AS transaction_users_created_at, transaction_users.updated_at AS transaction_users_updated_at 
FROM transaction_users]
(Background on this error at: https://sqlalche.me/e/20/f405)
2025-11-25 23:52:33,385 WARNING Falling back to random user generation
2025-11-25 23:52:33,390 INFO ✓ RAW sent seq=55 | user=6321670 name=Jill Padilla amount=$60.79
2025-11-25 23:52:33,391 ERROR Failed to load users from database: (psycopg2.errors.UndefinedTable) relation "transaction_users" does not exist
LINE 2: FROM transaction_users
             ^

[SQL: SELECT transaction_users.id AS transaction_users_id, transaction_users.user_seq AS transaction_users_user_seq, transaction_users.user_name AS transaction_users_user_name, transaction_users.country_code AS transaction_users_country_code, transaction_users.id_type AS transaction_users_id_type, transaction_users.birth_date AS transaction_users_birth_date, transaction_users.register_date AS transaction_users_register_date, transaction_users.first_transaction_date AS transaction_users_first_transaction_date, transaction_users.status AS transaction_users_status, transaction_users.ban_reason AS transaction_users_ban_reason, transaction_users.created_at AS transaction_users_created_at, transaction_users.updated_at AS transaction_users_updated_at 
FROM transaction_users]
(Background on this error at: https://sqlalche.me/e/20/f405)
2025-11-25 23:52:33,391 WARNING Falling back to random user generation
2025-11-25 23:52:33,394 INFO ✓ RAW sent seq=56 | user=4521062 name=Jeremy Richard amount=$974.01
2025-11-25 23:52:33,396 ERROR Failed to load users from database: (psycopg2.errors.UndefinedTable) relation "transaction_users" does not exist
LINE 2: FROM transaction_users
             ^

[SQL: SELECT transaction_users.id AS transaction_users_id, transaction_users.user_seq AS transaction_users_user_seq, transaction_users.user_name AS transaction_users_user_name, transaction_users.country_code AS transaction_users_country_code, transaction_users.id_type AS transaction_users_id_type, transaction_users.birth_date AS transaction_users_birth_date, transaction_users.register_date AS transaction_users_register_date, transaction_users.first_transaction_date AS transaction_users_first_transaction_date, transaction_users.status AS transaction_users_status, transaction_users.ban_reason AS transaction_users_ban_reason, transaction_users.created_at AS transaction_users_created_at, transaction_users.updated_at AS transaction_users_updated_at 
FROM transaction_users]
(Background on this error at: https://sqlalche.me/e/20/f405)
2025-11-25 23:52:33,396 WARNING Falling back to random user generation
2025-11-25 23:52:33,399 INFO ✓ RAW sent seq=57 | user=7953963 name=Kristopher Martin amount=$520.3
2025-11-25 23:52:35,402 ERROR Failed to load users from database: (psycopg2.errors.UndefinedTable) relation "transaction_users" does not exist
LINE 2: FROM transaction_users
             ^

[SQL: SELECT transaction_users.id AS transaction_users_id, transaction_users.user_seq AS transaction_users_user_seq, transaction_users.user_name AS transaction_users_user_name, transaction_users.country_code AS transaction_users_country_code, transaction_users.id_type AS transaction_users_id_type, transaction_users.birth_date AS transaction_users_birth_date, transaction_users.register_date AS transaction_users_register_date, transaction_users.first_transaction_date AS transaction_users_first_transaction_date, transaction_users.status AS transaction_users_status, transaction_users.ban_reason AS transaction_users_ban_reason, transaction_users.created_at AS transaction_users_created_at, transaction_users.updated_at AS transaction_users_updated_at 
FROM transaction_users]
(Background on this error at: https://sqlalche.me/e/20/f405)
2025-11-25 23:52:35,402 WARNING Falling back to random user generation
2025-11-25 23:52:35,408 INFO ✓ RAW sent seq=58 | user=4145585 name=Brianna Robinson MD amount=$758.95
2025-11-25 23:52:35,410 ERROR Failed to load users from database: (psycopg2.errors.UndefinedTable) relation "transaction_users" does not exist
LINE 2: FROM transaction_users
             ^

[SQL: SELECT transaction_users.id AS transaction_users_id, transaction_users.user_seq AS transaction_users_user_seq, transaction_users.user_name AS transaction_users_user_name, transaction_users.country_code AS transaction_users_country_code, transaction_users.id_type AS transaction_users_id_type, transaction_users.birth_date AS transaction_users_birth_date, transaction_users.register_date AS transaction_users_register_date, transaction_users.first_transaction_date AS transaction_users_first_transaction_date, transaction_users.status AS transaction_users_status, transaction_users.ban_reason AS transaction_users_ban_reason, transaction_users.created_at AS transaction_users_created_at, transaction_users.updated_at AS transaction_users_updated_at 
FROM transaction_users]
(Background on this error at: https://sqlalche.me/e/20/f405)
2025-11-25 23:52:35,410 WARNING Falling back to random user generation
2025-11-25 23:52:35,412 INFO ✓ RAW sent seq=59 | user=3583352 name=Sarah Raymond amount=$322.44
2025-11-25 23:52:35,414 ERROR Failed to load users from database: (psycopg2.errors.UndefinedTable) relation "transaction_users" does not exist
LINE 2: FROM transaction_users
             ^

[SQL: SELECT transaction_users.id AS transaction_users_id, transaction_users.user_seq AS transaction_users_user_seq, transaction_users.user_name AS transaction_users_user_name, transaction_users.country_code AS transaction_users_country_code, transaction_users.id_type AS transaction_users_id_type, transaction_users.birth_date AS transaction_users_birth_date, transaction_users.register_date AS transaction_users_register_date, transaction_users.first_transaction_date AS transaction_users_first_transaction_date, transaction_users.status AS transaction_users_status, transaction_users.ban_reason AS transaction_users_ban_reason, transaction_users.created_at AS transaction_users_created_at, transaction_users.updated_at AS transaction_users_updated_at 
FROM transaction_users]
(Background on this error at: https://sqlalche.me/e/20/f405)
2025-11-25 23:52:35,414 WARNING Falling back to random user generation
2025-11-25 23:52:35,419 INFO ✓ RAW sent seq=60 | user=4855774 name=Susan Jones amount=$130.38
2025-11-25 23:52:37,422 ERROR Failed to load users from database: (psycopg2.errors.UndefinedTable) relation "transaction_users" does not exist
LINE 2: FROM transaction_users
             ^

[SQL: SELECT transaction_users.id AS transaction_users_id, transaction_users.user_seq AS transaction_users_user_seq, transaction_users.user_name AS transaction_users_user_name, transaction_users.country_code AS transaction_users_country_code, transaction_users.id_type AS transaction_users_id_type, transaction_users.birth_date AS transaction_users_birth_date, transaction_users.register_date AS transaction_users_register_date, transaction_users.first_transaction_date AS transaction_users_first_transaction_date, transaction_users.status AS transaction_users_status, transaction_users.ban_reason AS transaction_users_ban_reason, transaction_users.created_at AS transaction_users_created_at, transaction_users.updated_at AS transaction_users_updated_at 
FROM transaction_users]
(Background on this error at: https://sqlalche.me/e/20/f405)
2025-11-25 23:52:37,422 WARNING Falling back to random user generation
2025-11-25 23:52:37,427 INFO ✓ RAW sent seq=61 | user=7394212 name=Mr. Samuel Rivers amount=$91.67
2025-11-25 23:52:37,430 ERROR Failed to load users from database: (psycopg2.errors.UndefinedTable) relation "transaction_users" does not exist
LINE 2: FROM transaction_users
             ^

[SQL: SELECT transaction_users.id AS transaction_users_id, transaction_users.user_seq AS transaction_users_user_seq, transaction_users.user_name AS transaction_users_user_name, transaction_users.country_code AS transaction_users_country_code, transaction_users.id_type AS transaction_users_id_type, transaction_users.birth_date AS transaction_users_birth_date, transaction_users.register_date AS transaction_users_register_date, transaction_users.first_transaction_date AS transaction_users_first_transaction_date, transaction_users.status AS transaction_users_status, transaction_users.ban_reason AS transaction_users_ban_reason, transaction_users.created_at AS transaction_users_created_at, transaction_users.updated_at AS transaction_users_updated_at 
FROM transaction_users]
(Background on this error at: https://sqlalche.me/e/20/f405)
2025-11-25 23:52:37,430 WARNING Falling back to random user generation
2025-11-25 23:52:37,433 INFO ✓ RAW sent seq=62 | user=3342379 name=Elizabeth Snyder amount=$632.03
2025-11-25 23:52:39,435 ERROR Failed to load users from database: (psycopg2.errors.UndefinedTable) relation "transaction_users" does not exist
LINE 2: FROM transaction_users
             ^

[SQL: SELECT transaction_users.id AS transaction_users_id, transaction_users.user_seq AS transaction_users_user_seq, transaction_users.user_name AS transaction_users_user_name, transaction_users.country_code AS transaction_users_country_code, transaction_users.id_type AS transaction_users_id_type, transaction_users.birth_date AS transaction_users_birth_date, transaction_users.register_date AS transaction_users_register_date, transaction_users.first_transaction_date AS transaction_users_first_transaction_date, transaction_users.status AS transaction_users_status, transaction_users.ban_reason AS transaction_users_ban_reason, transaction_users.created_at AS transaction_users_created_at, transaction_users.updated_at AS transaction_users_updated_at 
FROM transaction_users]
(Background on this error at: https://sqlalche.me/e/20/f405)
2025-11-25 23:52:39,435 WARNING Falling back to random user generation
2025-11-25 23:52:39,441 INFO ✓ RAW sent seq=63 | user=7474372 name=Robert Baker amount=$655.14
2025-11-25 23:52:39,443 ERROR Failed to load users from database: (psycopg2.errors.UndefinedTable) relation "transaction_users" does not exist
LINE 2: FROM transaction_users
             ^

[SQL: SELECT transaction_users.id AS transaction_users_id, transaction_users.user_seq AS transaction_users_user_seq, transaction_users.user_name AS transaction_users_user_name, transaction_users.country_code AS transaction_users_country_code, transaction_users.id_type AS transaction_users_id_type, transaction_users.birth_date AS transaction_users_birth_date, transaction_users.register_date AS transaction_users_register_date, transaction_users.first_transaction_date AS transaction_users_first_transaction_date, transaction_users.status AS transaction_users_status, transaction_users.ban_reason AS transaction_users_ban_reason, transaction_users.created_at AS transaction_users_created_at, transaction_users.updated_at AS transaction_users_updated_at 
FROM transaction_users]
(Background on this error at: https://sqlalche.me/e/20/f405)
2025-11-25 23:52:39,443 WARNING Falling back to random user generation
2025-11-25 23:52:39,446 INFO ✓ RAW sent seq=64 | user=7158370 name=Valerie Williams amount=$263.81
2025-11-25 23:52:41,449 ERROR Failed to load users from database: (psycopg2.errors.UndefinedTable) relation "transaction_users" does not exist
LINE 2: FROM transaction_users
             ^

[SQL: SELECT transaction_users.id AS transaction_users_id, transaction_users.user_seq AS transaction_users_user_seq, transaction_users.user_name AS transaction_users_user_name, transaction_users.country_code AS transaction_users_country_code, transaction_users.id_type AS transaction_users_id_type, transaction_users.birth_date AS transaction_users_birth_date, transaction_users.register_date AS transaction_users_register_date, transaction_users.first_transaction_date AS transaction_users_first_transaction_date, transaction_users.status AS transaction_users_status, transaction_users.ban_reason AS transaction_users_ban_reason, transaction_users.created_at AS transaction_users_created_at, transaction_users.updated_at AS transaction_users_updated_at 
FROM transaction_users]
(Background on this error at: https://sqlalche.me/e/20/f405)
2025-11-25 23:52:41,449 WARNING Falling back to random user generation
2025-11-25 23:52:41,455 INFO ✓ RAW sent seq=65 | user=6853849 name=Jonathan Garza amount=$403.79
2025-11-25 23:52:41,457 ERROR Failed to load users from database: (psycopg2.errors.UndefinedTable) relation "transaction_users" does not exist
LINE 2: FROM transaction_users
             ^

[SQL: SELECT transaction_users.id AS transaction_users_id, transaction_users.user_seq AS transaction_users_user_seq, transaction_users.user_name AS transaction_users_user_name, transaction_users.country_code AS transaction_users_country_code, transaction_users.id_type AS transaction_users_id_type, transaction_users.birth_date AS transaction_users_birth_date, transaction_users.register_date AS transaction_users_register_date, transaction_users.first_transaction_date AS transaction_users_first_transaction_date, transaction_users.status AS transaction_users_status, transaction_users.ban_reason AS transaction_users_ban_reason, transaction_users.created_at AS transaction_users_created_at, transaction_users.updated_at AS transaction_users_updated_at 
FROM transaction_users]
(Background on this error at: https://sqlalche.me/e/20/f405)
2025-11-25 23:52:41,457 WARNING Falling back to random user generation
2025-11-25 23:52:41,461 INFO ✓ RAW sent seq=66 | user=6992194 name=Ronald Brown amount=$593.53
2025-11-25 23:52:43,463 ERROR Failed to load users from database: (psycopg2.errors.UndefinedTable) relation "transaction_users" does not exist
LINE 2: FROM transaction_users
             ^

[SQL: SELECT transaction_users.id AS transaction_users_id, transaction_users.user_seq AS transaction_users_user_seq, transaction_users.user_name AS transaction_users_user_name, transaction_users.country_code AS transaction_users_country_code, transaction_users.id_type AS transaction_users_id_type, transaction_users.birth_date AS transaction_users_birth_date, transaction_users.register_date AS transaction_users_register_date, transaction_users.first_transaction_date AS transaction_users_first_transaction_date, transaction_users.status AS transaction_users_status, transaction_users.ban_reason AS transaction_users_ban_reason, transaction_users.created_at AS transaction_users_created_at, transaction_users.updated_at AS transaction_users_updated_at 
FROM transaction_users]
(Background on this error at: https://sqlalche.me/e/20/f405)
2025-11-25 23:52:43,464 WARNING Falling back to random user generation
2025-11-25 23:52:43,469 INFO ✓ RAW sent seq=67 | user=7055540 name=Kevin Diaz amount=$171.07
2025-11-25 23:52:43,470 ERROR Failed to load users from database: (psycopg2.errors.UndefinedTable) relation "transaction_users" does not exist
LINE 2: FROM transaction_users
             ^

[SQL: SELECT transaction_users.id AS transaction_users_id, transaction_users.user_seq AS transaction_users_user_seq, transaction_users.user_name AS transaction_users_user_name, transaction_users.country_code AS transaction_users_country_code, transaction_users.id_type AS transaction_users_id_type, transaction_users.birth_date AS transaction_users_birth_date, transaction_users.register_date AS transaction_users_register_date, transaction_users.first_transaction_date AS transaction_users_first_transaction_date, transaction_users.status AS transaction_users_status, transaction_users.ban_reason AS transaction_users_ban_reason, transaction_users.created_at AS transaction_users_created_at, transaction_users.updated_at AS transaction_users_updated_at 
FROM transaction_users]
(Background on this error at: https://sqlalche.me/e/20/f405)
2025-11-25 23:52:43,471 WARNING Falling back to random user generation
2025-11-25 23:52:43,475 INFO ✓ RAW sent seq=68 | user=3976796 name=Mr. Shane Fitzgerald amount=$504.44
2025-11-25 23:52:43,476 ERROR Failed to load users from database: (psycopg2.errors.UndefinedTable) relation "transaction_users" does not exist
LINE 2: FROM transaction_users
             ^

[SQL: SELECT transaction_users.id AS transaction_users_id, transaction_users.user_seq AS transaction_users_user_seq, transaction_users.user_name AS transaction_users_user_name, transaction_users.country_code AS transaction_users_country_code, transaction_users.id_type AS transaction_users_id_type, transaction_users.birth_date AS transaction_users_birth_date, transaction_users.register_date AS transaction_users_register_date, transaction_users.first_transaction_date AS transaction_users_first_transaction_date, transaction_users.status AS transaction_users_status, transaction_users.ban_reason AS transaction_users_ban_reason, transaction_users.created_at AS transaction_users_created_at, transaction_users.updated_at AS transaction_users_updated_at 
FROM transaction_users]
(Background on this error at: https://sqlalche.me/e/20/f405)
2025-11-25 23:52:43,476 WARNING Falling back to random user generation
2025-11-25 23:52:43,479 INFO ✓ RAW sent seq=69 | user=3957122 name=Christian Mcfarland amount=$530.75
2025-11-25 23:52:45,482 ERROR Failed to load users from database: (psycopg2.errors.UndefinedTable) relation "transaction_users" does not exist
LINE 2: FROM transaction_users
             ^

[SQL: SELECT transaction_users.id AS transaction_users_id, transaction_users.user_seq AS transaction_users_user_seq, transaction_users.user_name AS transaction_users_user_name, transaction_users.country_code AS transaction_users_country_code, transaction_users.id_type AS transaction_users_id_type, transaction_users.birth_date AS transaction_users_birth_date, transaction_users.register_date AS transaction_users_register_date, transaction_users.first_transaction_date AS transaction_users_first_transaction_date, transaction_users.status AS transaction_users_status, transaction_users.ban_reason AS transaction_users_ban_reason, transaction_users.created_at AS transaction_users_created_at, transaction_users.updated_at AS transaction_users_updated_at 
FROM transaction_users]
(Background on this error at: https://sqlalche.me/e/20/f405)
2025-11-25 23:52:45,482 WARNING Falling back to random user generation
2025-11-25 23:52:45,488 INFO ✓ RAW sent seq=70 | user=9133080 name=Christopher Mitchell amount=$840.92
2025-11-25 23:52:45,490 ERROR Failed to load users from database: (psycopg2.errors.UndefinedTable) relation "transaction_users" does not exist
LINE 2: FROM transaction_users
             ^

[SQL: SELECT transaction_users.id AS transaction_users_id, transaction_users.user_seq AS transaction_users_user_seq, transaction_users.user_name AS transaction_users_user_name, transaction_users.country_code AS transaction_users_country_code, transaction_users.id_type AS transaction_users_id_type, transaction_users.birth_date AS transaction_users_birth_date, transaction_users.register_date AS transaction_users_register_date, transaction_users.first_transaction_date AS transaction_users_first_transaction_date, transaction_users.status AS transaction_users_status, transaction_users.ban_reason AS transaction_users_ban_reason, transaction_users.created_at AS transaction_users_created_at, transaction_users.updated_at AS transaction_users_updated_at 
FROM transaction_users]
(Background on this error at: https://sqlalche.me/e/20/f405)
2025-11-25 23:52:45,490 WARNING Falling back to random user generation
2025-11-25 23:52:45,493 INFO ✓ RAW sent seq=71 | user=2435362 name=Christian Duarte amount=$287.71
2025-11-25 23:52:45,494 ERROR Failed to load users from database: (psycopg2.errors.UndefinedTable) relation "transaction_users" does not exist
LINE 2: FROM transaction_users
             ^

[SQL: SELECT transaction_users.id AS transaction_users_id, transaction_users.user_seq AS transaction_users_user_seq, transaction_users.user_name AS transaction_users_user_name, transaction_users.country_code AS transaction_users_country_code, transaction_users.id_type AS transaction_users_id_type, transaction_users.birth_date AS transaction_users_birth_date, transaction_users.register_date AS transaction_users_register_date, transaction_users.first_transaction_date AS transaction_users_first_transaction_date, transaction_users.status AS transaction_users_status, transaction_users.ban_reason AS transaction_users_ban_reason, transaction_users.created_at AS transaction_users_created_at, transaction_users.updated_at AS transaction_users_updated_at 
FROM transaction_users]
(Background on this error at: https://sqlalche.me/e/20/f405)
2025-11-25 23:52:45,494 WARNING Falling back to random user generation
2025-11-25 23:52:45,497 INFO ✓ RAW sent seq=72 | user=2112040 name=Jessica Mcintosh amount=$318.81
2025-11-25 23:52:47,499 ERROR Failed to load users from database: (psycopg2.errors.UndefinedTable) relation "transaction_users" does not exist
LINE 2: FROM transaction_users
             ^

[SQL: SELECT transaction_users.id AS transaction_users_id, transaction_users.user_seq AS transaction_users_user_seq, transaction_users.user_name AS transaction_users_user_name, transaction_users.country_code AS transaction_users_country_code, transaction_users.id_type AS transaction_users_id_type, transaction_users.birth_date AS transaction_users_birth_date, transaction_users.register_date AS transaction_users_register_date, transaction_users.first_transaction_date AS transaction_users_first_transaction_date, transaction_users.status AS transaction_users_status, transaction_users.ban_reason AS transaction_users_ban_reason, transaction_users.created_at AS transaction_users_created_at, transaction_users.updated_at AS transaction_users_updated_at 
FROM transaction_users]
(Background on this error at: https://sqlalche.me/e/20/f405)
2025-11-25 23:52:47,500 WARNING Falling back to random user generation
2025-11-25 23:52:47,505 INFO ✓ RAW sent seq=73 | user=8019769 name=Ryan Cole amount=$666.52
2025-11-25 23:52:49,508 ERROR Failed to load users from database: (psycopg2.errors.UndefinedTable) relation "transaction_users" does not exist
LINE 2: FROM transaction_users
             ^

[SQL: SELECT transaction_users.id AS transaction_users_id, transaction_users.user_seq AS transaction_users_user_seq, transaction_users.user_name AS transaction_users_user_name, transaction_users.country_code AS transaction_users_country_code, transaction_users.id_type AS transaction_users_id_type, transaction_users.birth_date AS transaction_users_birth_date, transaction_users.register_date AS transaction_users_register_date, transaction_users.first_transaction_date AS transaction_users_first_transaction_date, transaction_users.status AS transaction_users_status, transaction_users.ban_reason AS transaction_users_ban_reason, transaction_users.created_at AS transaction_users_created_at, transaction_users.updated_at AS transaction_users_updated_at 
FROM transaction_users]
(Background on this error at: https://sqlalche.me/e/20/f405)
2025-11-25 23:52:49,509 WARNING Falling back to random user generation
2025-11-25 23:52:49,512 INFO ✓ RAW sent seq=74 | user=9565654 name=Kathleen King amount=$421.54
2025-11-25 23:52:49,514 ERROR Failed to load users from database: (psycopg2.errors.UndefinedTable) relation "transaction_users" does not exist
LINE 2: FROM transaction_users
             ^

[SQL: SELECT transaction_users.id AS transaction_users_id, transaction_users.user_seq AS transaction_users_user_seq, transaction_users.user_name AS transaction_users_user_name, transaction_users.country_code AS transaction_users_country_code, transaction_users.id_type AS transaction_users_id_type, transaction_users.birth_date AS transaction_users_birth_date, transaction_users.register_date AS transaction_users_register_date, transaction_users.first_transaction_date AS transaction_users_first_transaction_date, transaction_users.status AS transaction_users_status, transaction_users.ban_reason AS transaction_users_ban_reason, transaction_users.created_at AS transaction_users_created_at, transaction_users.updated_at AS transaction_users_updated_at 
FROM transaction_users]
(Background on this error at: https://sqlalche.me/e/20/f405)
2025-11-25 23:52:49,514 WARNING Falling back to random user generation
2025-11-25 23:52:49,518 INFO ✓ RAW sent seq=75 | user=5628452 name=Lonnie Kline amount=$147.69
2025-11-25 23:52:49,520 ERROR Failed to load users from database: (psycopg2.errors.UndefinedTable) relation "transaction_users" does not exist
LINE 2: FROM transaction_users
             ^

[SQL: SELECT transaction_users.id AS transaction_users_id, transaction_users.user_seq AS transaction_users_user_seq, transaction_users.user_name AS transaction_users_user_name, transaction_users.country_code AS transaction_users_country_code, transaction_users.id_type AS transaction_users_id_type, transaction_users.birth_date AS transaction_users_birth_date, transaction_users.register_date AS transaction_users_register_date, transaction_users.first_transaction_date AS transaction_users_first_transaction_date, transaction_users.status AS transaction_users_status, transaction_users.ban_reason AS transaction_users_ban_reason, transaction_users.created_at AS transaction_users_created_at, transaction_users.updated_at AS transaction_users_updated_at 
FROM transaction_users]
(Background on this error at: https://sqlalche.me/e/20/f405)
2025-11-25 23:52:49,520 WARNING Falling back to random user generation
2025-11-25 23:52:49,523 INFO ✓ RAW sent seq=76 | user=6327500 name=Miguel Hunt amount=$545.06
2025-11-25 23:52:51,525 ERROR Failed to load users from database: (psycopg2.errors.UndefinedTable) relation "transaction_users" does not exist
LINE 2: FROM transaction_users
             ^

[SQL: SELECT transaction_users.id AS transaction_users_id, transaction_users.user_seq AS transaction_users_user_seq, transaction_users.user_name AS transaction_users_user_name, transaction_users.country_code AS transaction_users_country_code, transaction_users.id_type AS transaction_users_id_type, transaction_users.birth_date AS transaction_users_birth_date, transaction_users.register_date AS transaction_users_register_date, transaction_users.first_transaction_date AS transaction_users_first_transaction_date, transaction_users.status AS transaction_users_status, transaction_users.ban_reason AS transaction_users_ban_reason, transaction_users.created_at AS transaction_users_created_at, transaction_users.updated_at AS transaction_users_updated_at 
FROM transaction_users]
(Background on this error at: https://sqlalche.me/e/20/f405)
2025-11-25 23:52:51,525 WARNING Falling back to random user generation
2025-11-25 23:52:51,530 INFO ✓ RAW sent seq=77 | user=9731222 name=Daniel Kennedy amount=$632.81
2025-11-25 23:52:51,532 ERROR Failed to load users from database: (psycopg2.errors.UndefinedTable) relation "transaction_users" does not exist
LINE 2: FROM transaction_users
             ^

[SQL: SELECT transaction_users.id AS transaction_users_id, transaction_users.user_seq AS transaction_users_user_seq, transaction_users.user_name AS transaction_users_user_name, transaction_users.country_code AS transaction_users_country_code, transaction_users.id_type AS transaction_users_id_type, transaction_users.birth_date AS transaction_users_birth_date, transaction_users.register_date AS transaction_users_register_date, transaction_users.first_transaction_date AS transaction_users_first_transaction_date, transaction_users.status AS transaction_users_status, transaction_users.ban_reason AS transaction_users_ban_reason, transaction_users.created_at AS transaction_users_created_at, transaction_users.updated_at AS transaction_users_updated_at 
FROM transaction_users]
(Background on this error at: https://sqlalche.me/e/20/f405)
2025-11-25 23:52:51,532 WARNING Falling back to random user generation
2025-11-25 23:52:51,535 INFO 🚨 FRAUD sent seq=78 type=large_amount | user=3883896 tx_24h=9 amt_24h=$34133 payment=WALLET
2025-11-25 23:52:51,537 ERROR Failed to load users from database: (psycopg2.errors.UndefinedTable) relation "transaction_users" does not exist
LINE 2: FROM transaction_users
             ^

[SQL: SELECT transaction_users.id AS transaction_users_id, transaction_users.user_seq AS transaction_users_user_seq, transaction_users.user_name AS transaction_users_user_name, transaction_users.country_code AS transaction_users_country_code, transaction_users.id_type AS transaction_users_id_type, transaction_users.birth_date AS transaction_users_birth_date, transaction_users.register_date AS transaction_users_register_date, transaction_users.first_transaction_date AS transaction_users_first_transaction_date, transaction_users.status AS transaction_users_status, transaction_users.ban_reason AS transaction_users_ban_reason, transaction_users.created_at AS transaction_users_created_at, transaction_users.updated_at AS transaction_users_updated_at 
FROM transaction_users]
(Background on this error at: https://sqlalche.me/e/20/f405)
2025-11-25 23:52:51,537 WARNING Falling back to random user generation
2025-11-25 23:52:51,539 INFO ✓ RAW sent seq=79 | user=9335088 name=Shawn Harris amount=$142.06
2025-11-25 23:52:53,542 ERROR Failed to load users from database: (psycopg2.errors.UndefinedTable) relation "transaction_users" does not exist
LINE 2: FROM transaction_users
             ^

[SQL: SELECT transaction_users.id AS transaction_users_id, transaction_users.user_seq AS transaction_users_user_seq, transaction_users.user_name AS transaction_users_user_name, transaction_users.country_code AS transaction_users_country_code, transaction_users.id_type AS transaction_users_id_type, transaction_users.birth_date AS transaction_users_birth_date, transaction_users.register_date AS transaction_users_register_date, transaction_users.first_transaction_date AS transaction_users_first_transaction_date, transaction_users.status AS transaction_users_status, transaction_users.ban_reason AS transaction_users_ban_reason, transaction_users.created_at AS transaction_users_created_at, transaction_users.updated_at AS transaction_users_updated_at 
FROM transaction_users]
(Background on this error at: https://sqlalche.me/e/20/f405)
2025-11-25 23:52:53,543 WARNING Falling back to random user generation
2025-11-25 23:52:53,548 INFO ✓ RAW sent seq=80 | user=7492794 name=Patricia Johnson amount=$132.41
2025-11-25 23:52:53,550 ERROR Failed to load users from database: (psycopg2.errors.UndefinedTable) relation "transaction_users" does not exist
LINE 2: FROM transaction_users
             ^

[SQL: SELECT transaction_users.id AS transaction_users_id, transaction_users.user_seq AS transaction_users_user_seq, transaction_users.user_name AS transaction_users_user_name, transaction_users.country_code AS transaction_users_country_code, transaction_users.id_type AS transaction_users_id_type, transaction_users.birth_date AS transaction_users_birth_date, transaction_users.register_date AS transaction_users_register_date, transaction_users.first_transaction_date AS transaction_users_first_transaction_date, transaction_users.status AS transaction_users_status, transaction_users.ban_reason AS transaction_users_ban_reason, transaction_users.created_at AS transaction_users_created_at, transaction_users.updated_at AS transaction_users_updated_at 
FROM transaction_users]
(Background on this error at: https://sqlalche.me/e/20/f405)
2025-11-25 23:52:53,550 WARNING Falling back to random user generation
2025-11-25 23:52:53,553 INFO ✓ RAW sent seq=81 | user=1575358 name=Kathy Butler amount=$824.98
2025-11-25 23:52:53,554 ERROR Failed to load users from database: (psycopg2.errors.UndefinedTable) relation "transaction_users" does not exist
LINE 2: FROM transaction_users
             ^

[SQL: SELECT transaction_users.id AS transaction_users_id, transaction_users.user_seq AS transaction_users_user_seq, transaction_users.user_name AS transaction_users_user_name, transaction_users.country_code AS transaction_users_country_code, transaction_users.id_type AS transaction_users_id_type, transaction_users.birth_date AS transaction_users_birth_date, transaction_users.register_date AS transaction_users_register_date, transaction_users.first_transaction_date AS transaction_users_first_transaction_date, transaction_users.status AS transaction_users_status, transaction_users.ban_reason AS transaction_users_ban_reason, transaction_users.created_at AS transaction_users_created_at, transaction_users.updated_at AS transaction_users_updated_at 
FROM transaction_users]
(Background on this error at: https://sqlalche.me/e/20/f405)
2025-11-25 23:52:53,555 WARNING Falling back to random user generation
2025-11-25 23:52:53,557 INFO ✓ RAW sent seq=82 | user=2917375 name=Jennifer Petersen amount=$960.87
2025-11-25 23:52:55,560 ERROR Failed to load users from database: (psycopg2.errors.UndefinedTable) relation "transaction_users" does not exist
LINE 2: FROM transaction_users
             ^

[SQL: SELECT transaction_users.id AS transaction_users_id, transaction_users.user_seq AS transaction_users_user_seq, transaction_users.user_name AS transaction_users_user_name, transaction_users.country_code AS transaction_users_country_code, transaction_users.id_type AS transaction_users_id_type, transaction_users.birth_date AS transaction_users_birth_date, transaction_users.register_date AS transaction_users_register_date, transaction_users.first_transaction_date AS transaction_users_first_transaction_date, transaction_users.status AS transaction_users_status, transaction_users.ban_reason AS transaction_users_ban_reason, transaction_users.created_at AS transaction_users_created_at, transaction_users.updated_at AS transaction_users_updated_at 
FROM transaction_users]
(Background on this error at: https://sqlalche.me/e/20/f405)
2025-11-25 23:52:55,560 WARNING Falling back to random user generation
2025-11-25 23:52:55,566 INFO ✓ RAW sent seq=83 | user=4260109 name=Jeremy Williams amount=$630.12
2025-11-25 23:52:55,568 ERROR Failed to load users from database: (psycopg2.errors.UndefinedTable) relation "transaction_users" does not exist
LINE 2: FROM transaction_users
             ^

[SQL: SELECT transaction_users.id AS transaction_users_id, transaction_users.user_seq AS transaction_users_user_seq, transaction_users.user_name AS transaction_users_user_name, transaction_users.country_code AS transaction_users_country_code, transaction_users.id_type AS transaction_users_id_type, transaction_users.birth_date AS transaction_users_birth_date, transaction_users.register_date AS transaction_users_register_date, transaction_users.first_transaction_date AS transaction_users_first_transaction_date, transaction_users.status AS transaction_users_status, transaction_users.ban_reason AS transaction_users_ban_reason, transaction_users.created_at AS transaction_users_created_at, transaction_users.updated_at AS transaction_users_updated_at 
FROM transaction_users]
(Background on this error at: https://sqlalche.me/e/20/f405)
2025-11-25 23:52:55,568 WARNING Falling back to random user generation
2025-11-25 23:52:55,572 INFO ✓ RAW sent seq=84 | user=4442401 name=Justin Estrada amount=$907.79
2025-11-25 23:52:57,574 ERROR Failed to load users from database: (psycopg2.errors.UndefinedTable) relation "transaction_users" does not exist
LINE 2: FROM transaction_users
             ^

[SQL: SELECT transaction_users.id AS transaction_users_id, transaction_users.user_seq AS transaction_users_user_seq, transaction_users.user_name AS transaction_users_user_name, transaction_users.country_code AS transaction_users_country_code, transaction_users.id_type AS transaction_users_id_type, transaction_users.birth_date AS transaction_users_birth_date, transaction_users.register_date AS transaction_users_register_date, transaction_users.first_transaction_date AS transaction_users_first_transaction_date, transaction_users.status AS transaction_users_status, transaction_users.ban_reason AS transaction_users_ban_reason, transaction_users.created_at AS transaction_users_created_at, transaction_users.updated_at AS transaction_users_updated_at 
FROM transaction_users]
(Background on this error at: https://sqlalche.me/e/20/f405)
2025-11-25 23:52:57,574 WARNING Falling back to random user generation
2025-11-25 23:52:57,578 INFO ✓ RAW sent seq=85 | user=7897460 name=Joshua Phillips amount=$576.18
2025-11-25 23:52:57,580 ERROR Failed to load users from database: (psycopg2.errors.UndefinedTable) relation "transaction_users" does not exist
LINE 2: FROM transaction_users
             ^

[SQL: SELECT transaction_users.id AS transaction_users_id, transaction_users.user_seq AS transaction_users_user_seq, transaction_users.user_name AS transaction_users_user_name, transaction_users.country_code AS transaction_users_country_code, transaction_users.id_type AS transaction_users_id_type, transaction_users.birth_date AS transaction_users_birth_date, transaction_users.register_date AS transaction_users_register_date, transaction_users.first_transaction_date AS transaction_users_first_transaction_date, transaction_users.status AS transaction_users_status, transaction_users.ban_reason AS transaction_users_ban_reason, transaction_users.created_at AS transaction_users_created_at, transaction_users.updated_at AS transaction_users_updated_at 
FROM transaction_users]
(Background on this error at: https://sqlalche.me/e/20/f405)
2025-11-25 23:52:57,580 WARNING Falling back to random user generation
2025-11-25 23:52:57,582 INFO ✓ RAW sent seq=86 | user=4613117 name=Jeanne Garcia amount=$213.98
2025-11-25 23:52:59,584 ERROR Failed to load users from database: (psycopg2.errors.UndefinedTable) relation "transaction_users" does not exist
LINE 2: FROM transaction_users
             ^

[SQL: SELECT transaction_users.id AS transaction_users_id, transaction_users.user_seq AS transaction_users_user_seq, transaction_users.user_name AS transaction_users_user_name, transaction_users.country_code AS transaction_users_country_code, transaction_users.id_type AS transaction_users_id_type, transaction_users.birth_date AS transaction_users_birth_date, transaction_users.register_date AS transaction_users_register_date, transaction_users.first_transaction_date AS transaction_users_first_transaction_date, transaction_users.status AS transaction_users_status, transaction_users.ban_reason AS transaction_users_ban_reason, transaction_users.created_at AS transaction_users_created_at, transaction_users.updated_at AS transaction_users_updated_at 
FROM transaction_users]
(Background on this error at: https://sqlalche.me/e/20/f405)
2025-11-25 23:52:59,584 WARNING Falling back to random user generation
2025-11-25 23:52:59,588 INFO 🚨 FRAUD sent seq=87 type=mixed_pattern | user=7004439 tx_24h=62 amt_24h=$45709 payment=CRYPTO
2025-11-25 23:52:59,589 ERROR Failed to load users from database: (psycopg2.errors.UndefinedTable) relation "transaction_users" does not exist
LINE 2: FROM transaction_users
             ^

[SQL: SELECT transaction_users.id AS transaction_users_id, transaction_users.user_seq AS transaction_users_user_seq, transaction_users.user_name AS transaction_users_user_name, transaction_users.country_code AS transaction_users_country_code, transaction_users.id_type AS transaction_users_id_type, transaction_users.birth_date AS transaction_users_birth_date, transaction_users.register_date AS transaction_users_register_date, transaction_users.first_transaction_date AS transaction_users_first_transaction_date, transaction_users.status AS transaction_users_status, transaction_users.ban_reason AS transaction_users_ban_reason, transaction_users.created_at AS transaction_users_created_at, transaction_users.updated_at AS transaction_users_updated_at 
FROM transaction_users]
(Background on this error at: https://sqlalche.me/e/20/f405)
2025-11-25 23:52:59,589 WARNING Falling back to random user generation
2025-11-25 23:52:59,592 INFO ✓ RAW sent seq=88 | user=9733646 name=Elizabeth Walter amount=$301.36
2025-11-25 23:52:59,593 ERROR Failed to load users from database: (psycopg2.errors.UndefinedTable) relation "transaction_users" does not exist
LINE 2: FROM transaction_users
             ^

[SQL: SELECT transaction_users.id AS transaction_users_id, transaction_users.user_seq AS transaction_users_user_seq, transaction_users.user_name AS transaction_users_user_name, transaction_users.country_code AS transaction_users_country_code, transaction_users.id_type AS transaction_users_id_type, transaction_users.birth_date AS transaction_users_birth_date, transaction_users.register_date AS transaction_users_register_date, transaction_users.first_transaction_date AS transaction_users_first_transaction_date, transaction_users.status AS transaction_users_status, transaction_users.ban_reason AS transaction_users_ban_reason, transaction_users.created_at AS transaction_users_created_at, transaction_users.updated_at AS transaction_users_updated_at 
FROM transaction_users]
(Background on this error at: https://sqlalche.me/e/20/f405)
2025-11-25 23:52:59,593 WARNING Falling back to random user generation
2025-11-25 23:52:59,596 INFO 🚨 FRAUD sent seq=89 type=crypto_suspicious | user=1151705 tx_24h=81 amt_24h=$37082 payment=CRYPTO
2025-11-25 23:53:01,599 ERROR Failed to load users from database: (psycopg2.errors.UndefinedTable) relation "transaction_users" does not exist
LINE 2: FROM transaction_users
             ^

[SQL: SELECT transaction_users.id AS transaction_users_id, transaction_users.user_seq AS transaction_users_user_seq, transaction_users.user_name AS transaction_users_user_name, transaction_users.country_code AS transaction_users_country_code, transaction_users.id_type AS transaction_users_id_type, transaction_users.birth_date AS transaction_users_birth_date, transaction_users.register_date AS transaction_users_register_date, transaction_users.first_transaction_date AS transaction_users_first_transaction_date, transaction_users.status AS transaction_users_status, transaction_users.ban_reason AS transaction_users_ban_reason, transaction_users.created_at AS transaction_users_created_at, transaction_users.updated_at AS transaction_users_updated_at 
FROM transaction_users]
(Background on this error at: https://sqlalche.me/e/20/f405)
2025-11-25 23:53:01,599 WARNING Falling back to random user generation
2025-11-25 23:53:01,604 INFO ✓ RAW sent seq=90 | user=4164753 name=George Carter amount=$114.09
2025-11-25 23:53:01,605 ERROR Failed to load users from database: (psycopg2.errors.UndefinedTable) relation "transaction_users" does not exist
LINE 2: FROM transaction_users
             ^

[SQL: SELECT transaction_users.id AS transaction_users_id, transaction_users.user_seq AS transaction_users_user_seq, transaction_users.user_name AS transaction_users_user_name, transaction_users.country_code AS transaction_users_country_code, transaction_users.id_type AS transaction_users_id_type, transaction_users.birth_date AS transaction_users_birth_date, transaction_users.register_date AS transaction_users_register_date, transaction_users.first_transaction_date AS transaction_users_first_transaction_date, transaction_users.status AS transaction_users_status, transaction_users.ban_reason AS transaction_users_ban_reason, transaction_users.created_at AS transaction_users_created_at, transaction_users.updated_at AS transaction_users_updated_at 
FROM transaction_users]
(Background on this error at: https://sqlalche.me/e/20/f405)
2025-11-25 23:53:01,606 WARNING Falling back to random user generation
2025-11-25 23:53:01,609 INFO ✓ RAW sent seq=91 | user=1160897 name=Dr. Raymond Miles amount=$719.59
2025-11-25 23:53:01,610 ERROR Failed to load users from database: (psycopg2.errors.UndefinedTable) relation "transaction_users" does not exist
LINE 2: FROM transaction_users
             ^

[SQL: SELECT transaction_users.id AS transaction_users_id, transaction_users.user_seq AS transaction_users_user_seq, transaction_users.user_name AS transaction_users_user_name, transaction_users.country_code AS transaction_users_country_code, transaction_users.id_type AS transaction_users_id_type, transaction_users.birth_date AS transaction_users_birth_date, transaction_users.register_date AS transaction_users_register_date, transaction_users.first_transaction_date AS transaction_users_first_transaction_date, transaction_users.status AS transaction_users_status, transaction_users.ban_reason AS transaction_users_ban_reason, transaction_users.created_at AS transaction_users_created_at, transaction_users.updated_at AS transaction_users_updated_at 
FROM transaction_users]
(Background on this error at: https://sqlalche.me/e/20/f405)
2025-11-25 23:53:01,610 WARNING Falling back to random user generation
2025-11-25 23:53:01,612 INFO ✓ RAW sent seq=92 | user=3263463 name=Donald Newton amount=$838.99
2025-11-25 23:53:03,615 ERROR Failed to load users from database: (psycopg2.errors.UndefinedTable) relation "transaction_users" does not exist
LINE 2: FROM transaction_users
             ^

[SQL: SELECT transaction_users.id AS transaction_users_id, transaction_users.user_seq AS transaction_users_user_seq, transaction_users.user_name AS transaction_users_user_name, transaction_users.country_code AS transaction_users_country_code, transaction_users.id_type AS transaction_users_id_type, transaction_users.birth_date AS transaction_users_birth_date, transaction_users.register_date AS transaction_users_register_date, transaction_users.first_transaction_date AS transaction_users_first_transaction_date, transaction_users.status AS transaction_users_status, transaction_users.ban_reason AS transaction_users_ban_reason, transaction_users.created_at AS transaction_users_created_at, transaction_users.updated_at AS transaction_users_updated_at 
FROM transaction_users]
(Background on this error at: https://sqlalche.me/e/20/f405)
2025-11-25 23:53:03,615 WARNING Falling back to random user generation
2025-11-25 23:53:03,622 INFO 🚨 FRAUD sent seq=93 type=crypto_suspicious | user=4830217 tx_24h=41 amt_24h=$30486 payment=CRYPTO
2025-11-25 23:53:03,623 ERROR Failed to load users from database: (psycopg2.errors.UndefinedTable) relation "transaction_users" does not exist
LINE 2: FROM transaction_users
             ^

[SQL: SELECT transaction_users.id AS transaction_users_id, transaction_users.user_seq AS transaction_users_user_seq, transaction_users.user_name AS transaction_users_user_name, transaction_users.country_code AS transaction_users_country_code, transaction_users.id_type AS transaction_users_id_type, transaction_users.birth_date AS transaction_users_birth_date, transaction_users.register_date AS transaction_users_register_date, transaction_users.first_transaction_date AS transaction_users_first_transaction_date, transaction_users.status AS transaction_users_status, transaction_users.ban_reason AS transaction_users_ban_reason, transaction_users.created_at AS transaction_users_created_at, transaction_users.updated_at AS transaction_users_updated_at 
FROM transaction_users]
(Background on this error at: https://sqlalche.me/e/20/f405)
2025-11-25 23:53:03,623 WARNING Falling back to random user generation
2025-11-25 23:53:03,626 INFO 🚨 FRAUD sent seq=94 type=high_velocity | user=1669596 tx_24h=63 amt_24h=$39998 payment=CARD
2025-11-25 23:53:03,627 ERROR Failed to load users from database: (psycopg2.errors.UndefinedTable) relation "transaction_users" does not exist
LINE 2: FROM transaction_users
             ^

[SQL: SELECT transaction_users.id AS transaction_users_id, transaction_users.user_seq AS transaction_users_user_seq, transaction_users.user_name AS transaction_users_user_name, transaction_users.country_code AS transaction_users_country_code, transaction_users.id_type AS transaction_users_id_type, transaction_users.birth_date AS transaction_users_birth_date, transaction_users.register_date AS transaction_users_register_date, transaction_users.first_transaction_date AS transaction_users_first_transaction_date, transaction_users.status AS transaction_users_status, transaction_users.ban_reason AS transaction_users_ban_reason, transaction_users.created_at AS transaction_users_created_at, transaction_users.updated_at AS transaction_users_updated_at 
FROM transaction_users]
(Background on this error at: https://sqlalche.me/e/20/f405)
2025-11-25 23:53:03,627 WARNING Falling back to random user generation
2025-11-25 23:53:03,630 INFO ✓ RAW sent seq=95 | user=1541875 name=Kara White amount=$948.06
2025-11-25 23:53:05,632 ERROR Failed to load users from database: (psycopg2.errors.UndefinedTable) relation "transaction_users" does not exist
LINE 2: FROM transaction_users
             ^

[SQL: SELECT transaction_users.id AS transaction_users_id, transaction_users.user_seq AS transaction_users_user_seq, transaction_users.user_name AS transaction_users_user_name, transaction_users.country_code AS transaction_users_country_code, transaction_users.id_type AS transaction_users_id_type, transaction_users.birth_date AS transaction_users_birth_date, transaction_users.register_date AS transaction_users_register_date, transaction_users.first_transaction_date AS transaction_users_first_transaction_date, transaction_users.status AS transaction_users_status, transaction_users.ban_reason AS transaction_users_ban_reason, transaction_users.created_at AS transaction_users_created_at, transaction_users.updated_at AS transaction_users_updated_at 
FROM transaction_users]
(Background on this error at: https://sqlalche.me/e/20/f405)
2025-11-25 23:53:05,633 WARNING Falling back to random user generation
2025-11-25 23:53:05,638 INFO ✓ RAW sent seq=96 | user=4537498 name=Tracy Hart amount=$515.34
2025-11-25 23:53:05,640 ERROR Failed to load users from database: (psycopg2.errors.UndefinedTable) relation "transaction_users" does not exist
LINE 2: FROM transaction_users
             ^

[SQL: SELECT transaction_users.id AS transaction_users_id, transaction_users.user_seq AS transaction_users_user_seq, transaction_users.user_name AS transaction_users_user_name, transaction_users.country_code AS transaction_users_country_code, transaction_users.id_type AS transaction_users_id_type, transaction_users.birth_date AS transaction_users_birth_date, transaction_users.register_date AS transaction_users_register_date, transaction_users.first_transaction_date AS transaction_users_first_transaction_date, transaction_users.status AS transaction_users_status, transaction_users.ban_reason AS transaction_users_ban_reason, transaction_users.created_at AS transaction_users_created_at, transaction_users.updated_at AS transaction_users_updated_at 
FROM transaction_users]
(Background on this error at: https://sqlalche.me/e/20/f405)
2025-11-25 23:53:05,640 WARNING Falling back to random user generation
2025-11-25 23:53:05,645 INFO ✓ RAW sent seq=97 | user=9323779 name=Crystal Martinez amount=$893.69
2025-11-25 23:53:05,646 ERROR Failed to load users from database: (psycopg2.errors.UndefinedTable) relation "transaction_users" does not exist
LINE 2: FROM transaction_users
             ^

[SQL: SELECT transaction_users.id AS transaction_users_id, transaction_users.user_seq AS transaction_users_user_seq, transaction_users.user_name AS transaction_users_user_name, transaction_users.country_code AS transaction_users_country_code, transaction_users.id_type AS transaction_users_id_type, transaction_users.birth_date AS transaction_users_birth_date, transaction_users.register_date AS transaction_users_register_date, transaction_users.first_transaction_date AS transaction_users_first_transaction_date, transaction_users.status AS transaction_users_status, transaction_users.ban_reason AS transaction_users_ban_reason, transaction_users.created_at AS transaction_users_created_at, transaction_users.updated_at AS transaction_users_updated_at 
FROM transaction_users]
(Background on this error at: https://sqlalche.me/e/20/f405)
2025-11-25 23:53:05,646 WARNING Falling back to random user generation
2025-11-25 23:53:05,656 INFO ✓ RAW sent seq=98 | user=8784286 name=Misty Gray amount=$453.73
2025-11-25 23:53:07,659 ERROR Failed to load users from database: (psycopg2.errors.UndefinedTable) relation "transaction_users" does not exist
LINE 2: FROM transaction_users
             ^

[SQL: SELECT transaction_users.id AS transaction_users_id, transaction_users.user_seq AS transaction_users_user_seq, transaction_users.user_name AS transaction_users_user_name, transaction_users.country_code AS transaction_users_country_code, transaction_users.id_type AS transaction_users_id_type, transaction_users.birth_date AS transaction_users_birth_date, transaction_users.register_date AS transaction_users_register_date, transaction_users.first_transaction_date AS transaction_users_first_transaction_date, transaction_users.status AS transaction_users_status, transaction_users.ban_reason AS transaction_users_ban_reason, transaction_users.created_at AS transaction_users_created_at, transaction_users.updated_at AS transaction_users_updated_at 
FROM transaction_users]
(Background on this error at: https://sqlalche.me/e/20/f405)
2025-11-25 23:53:07,659 WARNING Falling back to random user generation
2025-11-25 23:53:07,667 INFO ✓ RAW sent seq=99 | user=8718401 name=Jamie Mathews amount=$86.66
2025-11-25 23:53:09,670 ERROR Failed to load users from database: (psycopg2.errors.UndefinedTable) relation "transaction_users" does not exist
LINE 2: FROM transaction_users
             ^

[SQL: SELECT transaction_users.id AS transaction_users_id, transaction_users.user_seq AS transaction_users_user_seq, transaction_users.user_name AS transaction_users_user_name, transaction_users.country_code AS transaction_users_country_code, transaction_users.id_type AS transaction_users_id_type, transaction_users.birth_date AS transaction_users_birth_date, transaction_users.register_date AS transaction_users_register_date, transaction_users.first_transaction_date AS transaction_users_first_transaction_date, transaction_users.status AS transaction_users_status, transaction_users.ban_reason AS transaction_users_ban_reason, transaction_users.created_at AS transaction_users_created_at, transaction_users.updated_at AS transaction_users_updated_at 
FROM transaction_users]
(Background on this error at: https://sqlalche.me/e/20/f405)
2025-11-25 23:53:09,670 WARNING Falling back to random user generation
2025-11-25 23:53:09,674 INFO 🚨 FRAUD sent seq=100 type=large_amount | user=6847719 tx_24h=4 amt_24h=$52315 payment=CARD
2025-11-25 23:53:09,675 INFO 📊 Stats: 100 total, 16 fraud (16.0%)
2025-11-25 23:53:11,679 ERROR Failed to load users from database: (psycopg2.errors.UndefinedTable) relation "transaction_users" does not exist
LINE 2: FROM transaction_users
             ^

[SQL: SELECT transaction_users.id AS transaction_users_id, transaction_users.user_seq AS transaction_users_user_seq, transaction_users.user_name AS transaction_users_user_name, transaction_users.country_code AS transaction_users_country_code, transaction_users.id_type AS transaction_users_id_type, transaction_users.birth_date AS transaction_users_birth_date, transaction_users.register_date AS transaction_users_register_date, transaction_users.first_transaction_date AS transaction_users_first_transaction_date, transaction_users.status AS transaction_users_status, transaction_users.ban_reason AS transaction_users_ban_reason, transaction_users.created_at AS transaction_users_created_at, transaction_users.updated_at AS transaction_users_updated_at 
FROM transaction_users]
(Background on this error at: https://sqlalche.me/e/20/f405)
2025-11-25 23:53:11,679 WARNING Falling back to random user generation
2025-11-25 23:53:11,684 INFO ✓ RAW sent seq=101 | user=6011492 name=Karen Hammond amount=$415.41
2025-11-25 23:53:13,687 ERROR Failed to load users from database: (psycopg2.errors.UndefinedTable) relation "transaction_users" does not exist
LINE 2: FROM transaction_users
             ^

[SQL: SELECT transaction_users.id AS transaction_users_id, transaction_users.user_seq AS transaction_users_user_seq, transaction_users.user_name AS transaction_users_user_name, transaction_users.country_code AS transaction_users_country_code, transaction_users.id_type AS transaction_users_id_type, transaction_users.birth_date AS transaction_users_birth_date, transaction_users.register_date AS transaction_users_register_date, transaction_users.first_transaction_date AS transaction_users_first_transaction_date, transaction_users.status AS transaction_users_status, transaction_users.ban_reason AS transaction_users_ban_reason, transaction_users.created_at AS transaction_users_created_at, transaction_users.updated_at AS transaction_users_updated_at 
FROM transaction_users]
(Background on this error at: https://sqlalche.me/e/20/f405)
2025-11-25 23:53:13,687 WARNING Falling back to random user generation
2025-11-25 23:53:13,692 INFO ✓ RAW sent seq=102 | user=8043272 name=Robert Lopez amount=$191.48
2025-11-25 23:53:15,694 ERROR Failed to load users from database: (psycopg2.errors.UndefinedTable) relation "transaction_users" does not exist
LINE 2: FROM transaction_users
             ^

[SQL: SELECT transaction_users.id AS transaction_users_id, transaction_users.user_seq AS transaction_users_user_seq, transaction_users.user_name AS transaction_users_user_name, transaction_users.country_code AS transaction_users_country_code, transaction_users.id_type AS transaction_users_id_type, transaction_users.birth_date AS transaction_users_birth_date, transaction_users.register_date AS transaction_users_register_date, transaction_users.first_transaction_date AS transaction_users_first_transaction_date, transaction_users.status AS transaction_users_status, transaction_users.ban_reason AS transaction_users_ban_reason, transaction_users.created_at AS transaction_users_created_at, transaction_users.updated_at AS transaction_users_updated_at 
FROM transaction_users]
(Background on this error at: https://sqlalche.me/e/20/f405)
2025-11-25 23:53:15,695 WARNING Falling back to random user generation
2025-11-25 23:53:15,700 INFO 🚨 FRAUD sent seq=103 type=mixed_pattern | user=4247024 tx_24h=70 amt_24h=$49730 payment=WALLET
2025-11-25 23:53:15,701 ERROR Failed to load users from database: (psycopg2.errors.UndefinedTable) relation "transaction_users" does not exist
LINE 2: FROM transaction_users
             ^

[SQL: SELECT transaction_users.id AS transaction_users_id, transaction_users.user_seq AS transaction_users_user_seq, transaction_users.user_name AS transaction_users_user_name, transaction_users.country_code AS transaction_users_country_code, transaction_users.id_type AS transaction_users_id_type, transaction_users.birth_date AS transaction_users_birth_date, transaction_users.register_date AS transaction_users_register_date, transaction_users.first_transaction_date AS transaction_users_first_transaction_date, transaction_users.status AS transaction_users_status, transaction_users.ban_reason AS transaction_users_ban_reason, transaction_users.created_at AS transaction_users_created_at, transaction_users.updated_at AS transaction_users_updated_at 
FROM transaction_users]
(Background on this error at: https://sqlalche.me/e/20/f405)
2025-11-25 23:53:15,701 WARNING Falling back to random user generation
2025-11-25 23:53:15,704 INFO ✓ RAW sent seq=104 | user=7681134 name=Dawn Washington amount=$156.61
2025-11-25 23:53:17,706 ERROR Failed to load users from database: (psycopg2.errors.UndefinedTable) relation "transaction_users" does not exist
LINE 2: FROM transaction_users
             ^

[SQL: SELECT transaction_users.id AS transaction_users_id, transaction_users.user_seq AS transaction_users_user_seq, transaction_users.user_name AS transaction_users_user_name, transaction_users.country_code AS transaction_users_country_code, transaction_users.id_type AS transaction_users_id_type, transaction_users.birth_date AS transaction_users_birth_date, transaction_users.register_date AS transaction_users_register_date, transaction_users.first_transaction_date AS transaction_users_first_transaction_date, transaction_users.status AS transaction_users_status, transaction_users.ban_reason AS transaction_users_ban_reason, transaction_users.created_at AS transaction_users_created_at, transaction_users.updated_at AS transaction_users_updated_at 
FROM transaction_users]
(Background on this error at: https://sqlalche.me/e/20/f405)
2025-11-25 23:53:17,706 WARNING Falling back to random user generation
2025-11-25 23:53:17,709 INFO 🚨 FRAUD sent seq=105 type=cross_border | user=3524121 tx_24h=44 amt_24h=$33190 payment=BANK
2025-11-25 23:53:17,710 ERROR Failed to load users from database: (psycopg2.errors.UndefinedTable) relation "transaction_users" does not exist
LINE 2: FROM transaction_users
             ^

[SQL: SELECT transaction_users.id AS transaction_users_id, transaction_users.user_seq AS transaction_users_user_seq, transaction_users.user_name AS transaction_users_user_name, transaction_users.country_code AS transaction_users_country_code, transaction_users.id_type AS transaction_users_id_type, transaction_users.birth_date AS transaction_users_birth_date, transaction_users.register_date AS transaction_users_register_date, transaction_users.first_transaction_date AS transaction_users_first_transaction_date, transaction_users.status AS transaction_users_status, transaction_users.ban_reason AS transaction_users_ban_reason, transaction_users.created_at AS transaction_users_created_at, transaction_users.updated_at AS transaction_users_updated_at 
FROM transaction_users]
(Background on this error at: https://sqlalche.me/e/20/f405)
2025-11-25 23:53:17,710 WARNING Falling back to random user generation
2025-11-25 23:53:17,713 INFO ✓ RAW sent seq=106 | user=3045088 name=Jessica Carpenter amount=$674.82
2025-11-25 23:53:19,715 ERROR Failed to load users from database: (psycopg2.errors.UndefinedTable) relation "transaction_users" does not exist
LINE 2: FROM transaction_users
             ^

[SQL: SELECT transaction_users.id AS transaction_users_id, transaction_users.user_seq AS transaction_users_user_seq, transaction_users.user_name AS transaction_users_user_name, transaction_users.country_code AS transaction_users_country_code, transaction_users.id_type AS transaction_users_id_type, transaction_users.birth_date AS transaction_users_birth_date, transaction_users.register_date AS transaction_users_register_date, transaction_users.first_transaction_date AS transaction_users_first_transaction_date, transaction_users.status AS transaction_users_status, transaction_users.ban_reason AS transaction_users_ban_reason, transaction_users.created_at AS transaction_users_created_at, transaction_users.updated_at AS transaction_users_updated_at 
FROM transaction_users]
(Background on this error at: https://sqlalche.me/e/20/f405)
2025-11-25 23:53:19,716 WARNING Falling back to random user generation
2025-11-25 23:53:19,721 INFO ✓ RAW sent seq=107 | user=3612018 name=Kristen Harrison amount=$467.58
2025-11-25 23:53:21,723 ERROR Failed to load users from database: (psycopg2.errors.UndefinedTable) relation "transaction_users" does not exist
LINE 2: FROM transaction_users
             ^

[SQL: SELECT transaction_users.id AS transaction_users_id, transaction_users.user_seq AS transaction_users_user_seq, transaction_users.user_name AS transaction_users_user_name, transaction_users.country_code AS transaction_users_country_code, transaction_users.id_type AS transaction_users_id_type, transaction_users.birth_date AS transaction_users_birth_date, transaction_users.register_date AS transaction_users_register_date, transaction_users.first_transaction_date AS transaction_users_first_transaction_date, transaction_users.status AS transaction_users_status, transaction_users.ban_reason AS transaction_users_ban_reason, transaction_users.created_at AS transaction_users_created_at, transaction_users.updated_at AS transaction_users_updated_at 
FROM transaction_users]
(Background on this error at: https://sqlalche.me/e/20/f405)
2025-11-25 23:53:21,723 WARNING Falling back to random user generation
2025-11-25 23:53:21,727 INFO ✓ RAW sent seq=108 | user=7020836 name=Janice Bailey amount=$305.87
2025-11-25 23:53:23,730 ERROR Failed to load users from database: (psycopg2.errors.UndefinedTable) relation "transaction_users" does not exist
LINE 2: FROM transaction_users
             ^

[SQL: SELECT transaction_users.id AS transaction_users_id, transaction_users.user_seq AS transaction_users_user_seq, transaction_users.user_name AS transaction_users_user_name, transaction_users.country_code AS transaction_users_country_code, transaction_users.id_type AS transaction_users_id_type, transaction_users.birth_date AS transaction_users_birth_date, transaction_users.register_date AS transaction_users_register_date, transaction_users.first_transaction_date AS transaction_users_first_transaction_date, transaction_users.status AS transaction_users_status, transaction_users.ban_reason AS transaction_users_ban_reason, transaction_users.created_at AS transaction_users_created_at, transaction_users.updated_at AS transaction_users_updated_at 
FROM transaction_users]
(Background on this error at: https://sqlalche.me/e/20/f405)
2025-11-25 23:53:23,730 WARNING Falling back to random user generation
2025-11-25 23:53:23,736 INFO ✓ RAW sent seq=109 | user=8619065 name=Alejandra Scott amount=$584.85
2025-11-25 23:53:25,739 ERROR Failed to load users from database: (psycopg2.errors.UndefinedTable) relation "transaction_users" does not exist
LINE 2: FROM transaction_users
             ^

[SQL: SELECT transaction_users.id AS transaction_users_id, transaction_users.user_seq AS transaction_users_user_seq, transaction_users.user_name AS transaction_users_user_name, transaction_users.country_code AS transaction_users_country_code, transaction_users.id_type AS transaction_users_id_type, transaction_users.birth_date AS transaction_users_birth_date, transaction_users.register_date AS transaction_users_register_date, transaction_users.first_transaction_date AS transaction_users_first_transaction_date, transaction_users.status AS transaction_users_status, transaction_users.ban_reason AS transaction_users_ban_reason, transaction_users.created_at AS transaction_users_created_at, transaction_users.updated_at AS transaction_users_updated_at 
FROM transaction_users]
(Background on this error at: https://sqlalche.me/e/20/f405)
2025-11-25 23:53:25,739 WARNING Falling back to random user generation
2025-11-25 23:53:25,744 INFO ✓ RAW sent seq=110 | user=2014188 name=Jessica Douglas amount=$415.32
2025-11-25 23:53:27,747 ERROR Failed to load users from database: (psycopg2.errors.UndefinedTable) relation "transaction_users" does not exist
LINE 2: FROM transaction_users
             ^

[SQL: SELECT transaction_users.id AS transaction_users_id, transaction_users.user_seq AS transaction_users_user_seq, transaction_users.user_name AS transaction_users_user_name, transaction_users.country_code AS transaction_users_country_code, transaction_users.id_type AS transaction_users_id_type, transaction_users.birth_date AS transaction_users_birth_date, transaction_users.register_date AS transaction_users_register_date, transaction_users.first_transaction_date AS transaction_users_first_transaction_date, transaction_users.status AS transaction_users_status, transaction_users.ban_reason AS transaction_users_ban_reason, transaction_users.created_at AS transaction_users_created_at, transaction_users.updated_at AS transaction_users_updated_at 
FROM transaction_users]
(Background on this error at: https://sqlalche.me/e/20/f405)
2025-11-25 23:53:27,747 WARNING Falling back to random user generation
2025-11-25 23:53:27,752 INFO ✓ RAW sent seq=111 | user=5426052 name=Joel Miller amount=$966.45
2025-11-25 23:53:27,753 ERROR Failed to load users from database: (psycopg2.errors.UndefinedTable) relation "transaction_users" does not exist
LINE 2: FROM transaction_users
             ^

[SQL: SELECT transaction_users.id AS transaction_users_id, transaction_users.user_seq AS transaction_users_user_seq, transaction_users.user_name AS transaction_users_user_name, transaction_users.country_code AS transaction_users_country_code, transaction_users.id_type AS transaction_users_id_type, transaction_users.birth_date AS transaction_users_birth_date, transaction_users.register_date AS transaction_users_register_date, transaction_users.first_transaction_date AS transaction_users_first_transaction_date, transaction_users.status AS transaction_users_status, transaction_users.ban_reason AS transaction_users_ban_reason, transaction_users.created_at AS transaction_users_created_at, transaction_users.updated_at AS transaction_users_updated_at 
FROM transaction_users]
(Background on this error at: https://sqlalche.me/e/20/f405)
2025-11-25 23:53:27,753 WARNING Falling back to random user generation
2025-11-25 23:53:27,756 INFO ✓ RAW sent seq=112 | user=2218599 name=Tiffany Woods amount=$307.18
2025-11-25 23:53:29,759 ERROR Failed to load users from database: (psycopg2.errors.UndefinedTable) relation "transaction_users" does not exist
LINE 2: FROM transaction_users
             ^

[SQL: SELECT transaction_users.id AS transaction_users_id, transaction_users.user_seq AS transaction_users_user_seq, transaction_users.user_name AS transaction_users_user_name, transaction_users.country_code AS transaction_users_country_code, transaction_users.id_type AS transaction_users_id_type, transaction_users.birth_date AS transaction_users_birth_date, transaction_users.register_date AS transaction_users_register_date, transaction_users.first_transaction_date AS transaction_users_first_transaction_date, transaction_users.status AS transaction_users_status, transaction_users.ban_reason AS transaction_users_ban_reason, transaction_users.created_at AS transaction_users_created_at, transaction_users.updated_at AS transaction_users_updated_at 
FROM transaction_users]
(Background on this error at: https://sqlalche.me/e/20/f405)
2025-11-25 23:53:29,759 WARNING Falling back to random user generation
2025-11-25 23:53:29,764 INFO ✓ RAW sent seq=113 | user=3446132 name=Tiffany Curtis amount=$460.48
2025-11-25 23:53:31,767 ERROR Failed to load users from database: (psycopg2.errors.UndefinedTable) relation "transaction_users" does not exist
LINE 2: FROM transaction_users
             ^

[SQL: SELECT transaction_users.id AS transaction_users_id, transaction_users.user_seq AS transaction_users_user_seq, transaction_users.user_name AS transaction_users_user_name, transaction_users.country_code AS transaction_users_country_code, transaction_users.id_type AS transaction_users_id_type, transaction_users.birth_date AS transaction_users_birth_date, transaction_users.register_date AS transaction_users_register_date, transaction_users.first_transaction_date AS transaction_users_first_transaction_date, transaction_users.status AS transaction_users_status, transaction_users.ban_reason AS transaction_users_ban_reason, transaction_users.created_at AS transaction_users_created_at, transaction_users.updated_at AS transaction_users_updated_at 
FROM transaction_users]
(Background on this error at: https://sqlalche.me/e/20/f405)
2025-11-25 23:53:31,767 WARNING Falling back to random user generation
2025-11-25 23:53:31,773 INFO ✓ RAW sent seq=114 | user=4226867 name=Phillip Morrison amount=$496.57
2025-11-25 23:53:33,775 ERROR Failed to load users from database: (psycopg2.errors.UndefinedTable) relation "transaction_users" does not exist
LINE 2: FROM transaction_users
             ^

[SQL: SELECT transaction_users.id AS transaction_users_id, transaction_users.user_seq AS transaction_users_user_seq, transaction_users.user_name AS transaction_users_user_name, transaction_users.country_code AS transaction_users_country_code, transaction_users.id_type AS transaction_users_id_type, transaction_users.birth_date AS transaction_users_birth_date, transaction_users.register_date AS transaction_users_register_date, transaction_users.first_transaction_date AS transaction_users_first_transaction_date, transaction_users.status AS transaction_users_status, transaction_users.ban_reason AS transaction_users_ban_reason, transaction_users.created_at AS transaction_users_created_at, transaction_users.updated_at AS transaction_users_updated_at 
FROM transaction_users]
(Background on this error at: https://sqlalche.me/e/20/f405)
2025-11-25 23:53:33,775 WARNING Falling back to random user generation
2025-11-25 23:53:33,779 INFO ✓ RAW sent seq=115 | user=4599887 name=Alexandra Roy amount=$778.15
2025-11-25 23:53:33,781 ERROR Failed to load users from database: (psycopg2.errors.UndefinedTable) relation "transaction_users" does not exist
LINE 2: FROM transaction_users
             ^

[SQL: SELECT transaction_users.id AS transaction_users_id, transaction_users.user_seq AS transaction_users_user_seq, transaction_users.user_name AS transaction_users_user_name, transaction_users.country_code AS transaction_users_country_code, transaction_users.id_type AS transaction_users_id_type, transaction_users.birth_date AS transaction_users_birth_date, transaction_users.register_date AS transaction_users_register_date, transaction_users.first_transaction_date AS transaction_users_first_transaction_date, transaction_users.status AS transaction_users_status, transaction_users.ban_reason AS transaction_users_ban_reason, transaction_users.created_at AS transaction_users_created_at, transaction_users.updated_at AS transaction_users_updated_at 
FROM transaction_users]
(Background on this error at: https://sqlalche.me/e/20/f405)
2025-11-25 23:53:33,781 WARNING Falling back to random user generation
2025-11-25 23:53:33,784 INFO ✓ RAW sent seq=116 | user=9091706 name=Charles Chan amount=$932.19
2025-11-25 23:53:33,785 ERROR Failed to load users from database: (psycopg2.errors.UndefinedTable) relation "transaction_users" does not exist
LINE 2: FROM transaction_users
             ^

[SQL: SELECT transaction_users.id AS transaction_users_id, transaction_users.user_seq AS transaction_users_user_seq, transaction_users.user_name AS transaction_users_user_name, transaction_users.country_code AS transaction_users_country_code, transaction_users.id_type AS transaction_users_id_type, transaction_users.birth_date AS transaction_users_birth_date, transaction_users.register_date AS transaction_users_register_date, transaction_users.first_transaction_date AS transaction_users_first_transaction_date, transaction_users.status AS transaction_users_status, transaction_users.ban_reason AS transaction_users_ban_reason, transaction_users.created_at AS transaction_users_created_at, transaction_users.updated_at AS transaction_users_updated_at 
FROM transaction_users]
(Background on this error at: https://sqlalche.me/e/20/f405)
2025-11-25 23:53:33,785 WARNING Falling back to random user generation
2025-11-25 23:53:33,788 INFO ✓ RAW sent seq=117 | user=9263341 name=Sandra Meadows amount=$585.27
2025-11-25 23:53:35,790 ERROR Failed to load users from database: (psycopg2.errors.UndefinedTable) relation "transaction_users" does not exist
LINE 2: FROM transaction_users
             ^

[SQL: SELECT transaction_users.id AS transaction_users_id, transaction_users.user_seq AS transaction_users_user_seq, transaction_users.user_name AS transaction_users_user_name, transaction_users.country_code AS transaction_users_country_code, transaction_users.id_type AS transaction_users_id_type, transaction_users.birth_date AS transaction_users_birth_date, transaction_users.register_date AS transaction_users_register_date, transaction_users.first_transaction_date AS transaction_users_first_transaction_date, transaction_users.status AS transaction_users_status, transaction_users.ban_reason AS transaction_users_ban_reason, transaction_users.created_at AS transaction_users_created_at, transaction_users.updated_at AS transaction_users_updated_at 
FROM transaction_users]
(Background on this error at: https://sqlalche.me/e/20/f405)
2025-11-25 23:53:35,790 WARNING Falling back to random user generation
2025-11-25 23:53:35,793 INFO ✓ RAW sent seq=118 | user=7740115 name=Joshua Sutton amount=$656.44
2025-11-25 23:53:35,795 ERROR Failed to load users from database: (psycopg2.errors.UndefinedTable) relation "transaction_users" does not exist
LINE 2: FROM transaction_users
             ^

[SQL: SELECT transaction_users.id AS transaction_users_id, transaction_users.user_seq AS transaction_users_user_seq, transaction_users.user_name AS transaction_users_user_name, transaction_users.country_code AS transaction_users_country_code, transaction_users.id_type AS transaction_users_id_type, transaction_users.birth_date AS transaction_users_birth_date, transaction_users.register_date AS transaction_users_register_date, transaction_users.first_transaction_date AS transaction_users_first_transaction_date, transaction_users.status AS transaction_users_status, transaction_users.ban_reason AS transaction_users_ban_reason, transaction_users.created_at AS transaction_users_created_at, transaction_users.updated_at AS transaction_users_updated_at 
FROM transaction_users]
(Background on this error at: https://sqlalche.me/e/20/f405)
2025-11-25 23:53:35,795 WARNING Falling back to random user generation
2025-11-25 23:53:35,799 INFO ✓ RAW sent seq=119 | user=8266240 name=Kara Evans amount=$79.51
2025-11-25 23:53:35,800 ERROR Failed to load users from database: (psycopg2.errors.UndefinedTable) relation "transaction_users" does not exist
LINE 2: FROM transaction_users
             ^

[SQL: SELECT transaction_users.id AS transaction_users_id, transaction_users.user_seq AS transaction_users_user_seq, transaction_users.user_name AS transaction_users_user_name, transaction_users.country_code AS transaction_users_country_code, transaction_users.id_type AS transaction_users_id_type, transaction_users.birth_date AS transaction_users_birth_date, transaction_users.register_date AS transaction_users_register_date, transaction_users.first_transaction_date AS transaction_users_first_transaction_date, transaction_users.status AS transaction_users_status, transaction_users.ban_reason AS transaction_users_ban_reason, transaction_users.created_at AS transaction_users_created_at, transaction_users.updated_at AS transaction_users_updated_at 
FROM transaction_users]
(Background on this error at: https://sqlalche.me/e/20/f405)
2025-11-25 23:53:35,800 WARNING Falling back to random user generation
2025-11-25 23:53:35,804 INFO ✓ RAW sent seq=120 | user=4750013 name=Alexander Hart amount=$940.0
2025-11-25 23:53:37,807 ERROR Failed to load users from database: (psycopg2.errors.UndefinedTable) relation "transaction_users" does not exist
LINE 2: FROM transaction_users
             ^

[SQL: SELECT transaction_users.id AS transaction_users_id, transaction_users.user_seq AS transaction_users_user_seq, transaction_users.user_name AS transaction_users_user_name, transaction_users.country_code AS transaction_users_country_code, transaction_users.id_type AS transaction_users_id_type, transaction_users.birth_date AS transaction_users_birth_date, transaction_users.register_date AS transaction_users_register_date, transaction_users.first_transaction_date AS transaction_users_first_transaction_date, transaction_users.status AS transaction_users_status, transaction_users.ban_reason AS transaction_users_ban_reason, transaction_users.created_at AS transaction_users_created_at, transaction_users.updated_at AS transaction_users_updated_at 
FROM transaction_users]
(Background on this error at: https://sqlalche.me/e/20/f405)
2025-11-25 23:53:37,808 WARNING Falling back to random user generation
2025-11-25 23:53:37,815 INFO ✓ RAW sent seq=121 | user=6260776 name=Anthony York amount=$264.57
2025-11-25 23:53:39,818 ERROR Failed to load users from database: (psycopg2.errors.UndefinedTable) relation "transaction_users" does not exist
LINE 2: FROM transaction_users
             ^

[SQL: SELECT transaction_users.id AS transaction_users_id, transaction_users.user_seq AS transaction_users_user_seq, transaction_users.user_name AS transaction_users_user_name, transaction_users.country_code AS transaction_users_country_code, transaction_users.id_type AS transaction_users_id_type, transaction_users.birth_date AS transaction_users_birth_date, transaction_users.register_date AS transaction_users_register_date, transaction_users.first_transaction_date AS transaction_users_first_transaction_date, transaction_users.status AS transaction_users_status, transaction_users.ban_reason AS transaction_users_ban_reason, transaction_users.created_at AS transaction_users_created_at, transaction_users.updated_at AS transaction_users_updated_at 
FROM transaction_users]
(Background on this error at: https://sqlalche.me/e/20/f405)
2025-11-25 23:53:39,819 WARNING Falling back to random user generation
2025-11-25 23:53:39,823 INFO ✓ RAW sent seq=122 | user=6556193 name=Dean Morgan amount=$947.08
2025-11-25 23:53:39,825 ERROR Failed to load users from database: (psycopg2.errors.UndefinedTable) relation "transaction_users" does not exist
LINE 2: FROM transaction_users
             ^

[SQL: SELECT transaction_users.id AS transaction_users_id, transaction_users.user_seq AS transaction_users_user_seq, transaction_users.user_name AS transaction_users_user_name, transaction_users.country_code AS transaction_users_country_code, transaction_users.id_type AS transaction_users_id_type, transaction_users.birth_date AS transaction_users_birth_date, transaction_users.register_date AS transaction_users_register_date, transaction_users.first_transaction_date AS transaction_users_first_transaction_date, transaction_users.status AS transaction_users_status, transaction_users.ban_reason AS transaction_users_ban_reason, transaction_users.created_at AS transaction_users_created_at, transaction_users.updated_at AS transaction_users_updated_at 
FROM transaction_users]
(Background on this error at: https://sqlalche.me/e/20/f405)
2025-11-25 23:53:39,825 WARNING Falling back to random user generation
2025-11-25 23:53:39,828 INFO ✓ RAW sent seq=123 | user=9211852 name=Daniel Robinson amount=$297.69
2025-11-25 23:53:39,829 ERROR Failed to load users from database: (psycopg2.errors.UndefinedTable) relation "transaction_users" does not exist
LINE 2: FROM transaction_users
             ^

[SQL: SELECT transaction_users.id AS transaction_users_id, transaction_users.user_seq AS transaction_users_user_seq, transaction_users.user_name AS transaction_users_user_name, transaction_users.country_code AS transaction_users_country_code, transaction_users.id_type AS transaction_users_id_type, transaction_users.birth_date AS transaction_users_birth_date, transaction_users.register_date AS transaction_users_register_date, transaction_users.first_transaction_date AS transaction_users_first_transaction_date, transaction_users.status AS transaction_users_status, transaction_users.ban_reason AS transaction_users_ban_reason, transaction_users.created_at AS transaction_users_created_at, transaction_users.updated_at AS transaction_users_updated_at 
FROM transaction_users]
(Background on this error at: https://sqlalche.me/e/20/f405)
2025-11-25 23:53:39,829 WARNING Falling back to random user generation
2025-11-25 23:53:39,834 INFO ✓ RAW sent seq=124 | user=4251627 name=Benjamin Holder amount=$415.99
2025-11-25 23:53:41,837 ERROR Failed to load users from database: (psycopg2.errors.UndefinedTable) relation "transaction_users" does not exist
LINE 2: FROM transaction_users
             ^

[SQL: SELECT transaction_users.id AS transaction_users_id, transaction_users.user_seq AS transaction_users_user_seq, transaction_users.user_name AS transaction_users_user_name, transaction_users.country_code AS transaction_users_country_code, transaction_users.id_type AS transaction_users_id_type, transaction_users.birth_date AS transaction_users_birth_date, transaction_users.register_date AS transaction_users_register_date, transaction_users.first_transaction_date AS transaction_users_first_transaction_date, transaction_users.status AS transaction_users_status, transaction_users.ban_reason AS transaction_users_ban_reason, transaction_users.created_at AS transaction_users_created_at, transaction_users.updated_at AS transaction_users_updated_at 
FROM transaction_users]
(Background on this error at: https://sqlalche.me/e/20/f405)
2025-11-25 23:53:41,837 WARNING Falling back to random user generation
2025-11-25 23:53:41,843 INFO 🚨 FRAUD sent seq=125 type=cross_border | user=6432446 tx_24h=33 amt_24h=$30896 payment=WALLET
2025-11-25 23:53:41,844 ERROR Failed to load users from database: (psycopg2.errors.UndefinedTable) relation "transaction_users" does not exist
LINE 2: FROM transaction_users
             ^

[SQL: SELECT transaction_users.id AS transaction_users_id, transaction_users.user_seq AS transaction_users_user_seq, transaction_users.user_name AS transaction_users_user_name, transaction_users.country_code AS transaction_users_country_code, transaction_users.id_type AS transaction_users_id_type, transaction_users.birth_date AS transaction_users_birth_date, transaction_users.register_date AS transaction_users_register_date, transaction_users.first_transaction_date AS transaction_users_first_transaction_date, transaction_users.status AS transaction_users_status, transaction_users.ban_reason AS transaction_users_ban_reason, transaction_users.created_at AS transaction_users_created_at, transaction_users.updated_at AS transaction_users_updated_at 
FROM transaction_users]
(Background on this error at: https://sqlalche.me/e/20/f405)
2025-11-25 23:53:41,845 WARNING Falling back to random user generation
2025-11-25 23:53:41,847 INFO ✓ RAW sent seq=126 | user=5933425 name=Anna Reyes amount=$96.97
2025-11-25 23:53:43,850 ERROR Failed to load users from database: (psycopg2.errors.UndefinedTable) relation "transaction_users" does not exist
LINE 2: FROM transaction_users
             ^

[SQL: SELECT transaction_users.id AS transaction_users_id, transaction_users.user_seq AS transaction_users_user_seq, transaction_users.user_name AS transaction_users_user_name, transaction_users.country_code AS transaction_users_country_code, transaction_users.id_type AS transaction_users_id_type, transaction_users.birth_date AS transaction_users_birth_date, transaction_users.register_date AS transaction_users_register_date, transaction_users.first_transaction_date AS transaction_users_first_transaction_date, transaction_users.status AS transaction_users_status, transaction_users.ban_reason AS transaction_users_ban_reason, transaction_users.created_at AS transaction_users_created_at, transaction_users.updated_at AS transaction_users_updated_at 
FROM transaction_users]
(Background on this error at: https://sqlalche.me/e/20/f405)
2025-11-25 23:53:43,850 WARNING Falling back to random user generation
2025-11-25 23:53:43,855 INFO ✓ RAW sent seq=127 | user=5433728 name=Theresa Rubio amount=$864.45
2025-11-25 23:53:43,857 ERROR Failed to load users from database: (psycopg2.errors.UndefinedTable) relation "transaction_users" does not exist
LINE 2: FROM transaction_users
             ^

[SQL: SELECT transaction_users.id AS transaction_users_id, transaction_users.user_seq AS transaction_users_user_seq, transaction_users.user_name AS transaction_users_user_name, transaction_users.country_code AS transaction_users_country_code, transaction_users.id_type AS transaction_users_id_type, transaction_users.birth_date AS transaction_users_birth_date, transaction_users.register_date AS transaction_users_register_date, transaction_users.first_transaction_date AS transaction_users_first_transaction_date, transaction_users.status AS transaction_users_status, transaction_users.ban_reason AS transaction_users_ban_reason, transaction_users.created_at AS transaction_users_created_at, transaction_users.updated_at AS transaction_users_updated_at 
FROM transaction_users]
(Background on this error at: https://sqlalche.me/e/20/f405)
2025-11-25 23:53:43,857 WARNING Falling back to random user generation
2025-11-25 23:53:43,859 INFO ✓ RAW sent seq=128 | user=5248760 name=Dana Norman amount=$717.14
2025-11-25 23:53:43,861 ERROR Failed to load users from database: (psycopg2.errors.UndefinedTable) relation "transaction_users" does not exist
LINE 2: FROM transaction_users
             ^

[SQL: SELECT transaction_users.id AS transaction_users_id, transaction_users.user_seq AS transaction_users_user_seq, transaction_users.user_name AS transaction_users_user_name, transaction_users.country_code AS transaction_users_country_code, transaction_users.id_type AS transaction_users_id_type, transaction_users.birth_date AS transaction_users_birth_date, transaction_users.register_date AS transaction_users_register_date, transaction_users.first_transaction_date AS transaction_users_first_transaction_date, transaction_users.status AS transaction_users_status, transaction_users.ban_reason AS transaction_users_ban_reason, transaction_users.created_at AS transaction_users_created_at, transaction_users.updated_at AS transaction_users_updated_at 
FROM transaction_users]
(Background on this error at: https://sqlalche.me/e/20/f405)
2025-11-25 23:53:43,861 WARNING Falling back to random user generation
2025-11-25 23:53:43,863 INFO ✓ RAW sent seq=129 | user=5715761 name=Jessica Hall amount=$428.37
2025-11-25 23:53:45,867 ERROR Failed to load users from database: (psycopg2.errors.UndefinedTable) relation "transaction_users" does not exist
LINE 2: FROM transaction_users
             ^

[SQL: SELECT transaction_users.id AS transaction_users_id, transaction_users.user_seq AS transaction_users_user_seq, transaction_users.user_name AS transaction_users_user_name, transaction_users.country_code AS transaction_users_country_code, transaction_users.id_type AS transaction_users_id_type, transaction_users.birth_date AS transaction_users_birth_date, transaction_users.register_date AS transaction_users_register_date, transaction_users.first_transaction_date AS transaction_users_first_transaction_date, transaction_users.status AS transaction_users_status, transaction_users.ban_reason AS transaction_users_ban_reason, transaction_users.created_at AS transaction_users_created_at, transaction_users.updated_at AS transaction_users_updated_at 
FROM transaction_users]
(Background on this error at: https://sqlalche.me/e/20/f405)
2025-11-25 23:53:45,867 WARNING Falling back to random user generation
2025-11-25 23:53:45,871 INFO ✓ RAW sent seq=130 | user=3261056 name=Lisa Thomas amount=$177.06
2025-11-25 23:53:45,873 ERROR Failed to load users from database: (psycopg2.errors.UndefinedTable) relation "transaction_users" does not exist
LINE 2: FROM transaction_users
             ^

[SQL: SELECT transaction_users.id AS transaction_users_id, transaction_users.user_seq AS transaction_users_user_seq, transaction_users.user_name AS transaction_users_user_name, transaction_users.country_code AS transaction_users_country_code, transaction_users.id_type AS transaction_users_id_type, transaction_users.birth_date AS transaction_users_birth_date, transaction_users.register_date AS transaction_users_register_date, transaction_users.first_transaction_date AS transaction_users_first_transaction_date, transaction_users.status AS transaction_users_status, transaction_users.ban_reason AS transaction_users_ban_reason, transaction_users.created_at AS transaction_users_created_at, transaction_users.updated_at AS transaction_users_updated_at 
FROM transaction_users]
(Background on this error at: https://sqlalche.me/e/20/f405)
2025-11-25 23:53:45,873 WARNING Falling back to random user generation
2025-11-25 23:53:45,879 INFO ✓ RAW sent seq=131 | user=2702448 name=Chloe Zhang amount=$764.66
2025-11-25 23:53:45,880 ERROR Failed to load users from database: (psycopg2.errors.UndefinedTable) relation "transaction_users" does not exist
LINE 2: FROM transaction_users
             ^

[SQL: SELECT transaction_users.id AS transaction_users_id, transaction_users.user_seq AS transaction_users_user_seq, transaction_users.user_name AS transaction_users_user_name, transaction_users.country_code AS transaction_users_country_code, transaction_users.id_type AS transaction_users_id_type, transaction_users.birth_date AS transaction_users_birth_date, transaction_users.register_date AS transaction_users_register_date, transaction_users.first_transaction_date AS transaction_users_first_transaction_date, transaction_users.status AS transaction_users_status, transaction_users.ban_reason AS transaction_users_ban_reason, transaction_users.created_at AS transaction_users_created_at, transaction_users.updated_at AS transaction_users_updated_at 
FROM transaction_users]
(Background on this error at: https://sqlalche.me/e/20/f405)
2025-11-25 23:53:45,880 WARNING Falling back to random user generation
2025-11-25 23:53:45,884 INFO ✓ RAW sent seq=132 | user=5010165 name=Morgan Jackson amount=$869.3
2025-11-25 23:53:47,887 ERROR Failed to load users from database: (psycopg2.errors.UndefinedTable) relation "transaction_users" does not exist
LINE 2: FROM transaction_users
             ^

[SQL: SELECT transaction_users.id AS transaction_users_id, transaction_users.user_seq AS transaction_users_user_seq, transaction_users.user_name AS transaction_users_user_name, transaction_users.country_code AS transaction_users_country_code, transaction_users.id_type AS transaction_users_id_type, transaction_users.birth_date AS transaction_users_birth_date, transaction_users.register_date AS transaction_users_register_date, transaction_users.first_transaction_date AS transaction_users_first_transaction_date, transaction_users.status AS transaction_users_status, transaction_users.ban_reason AS transaction_users_ban_reason, transaction_users.created_at AS transaction_users_created_at, transaction_users.updated_at AS transaction_users_updated_at 
FROM transaction_users]
(Background on this error at: https://sqlalche.me/e/20/f405)
2025-11-25 23:53:47,887 WARNING Falling back to random user generation
2025-11-25 23:53:47,892 INFO ✓ RAW sent seq=133 | user=5778343 name=Diane Roberts amount=$546.8
2025-11-25 23:53:47,895 ERROR Failed to load users from database: (psycopg2.errors.UndefinedTable) relation "transaction_users" does not exist
LINE 2: FROM transaction_users
             ^

[SQL: SELECT transaction_users.id AS transaction_users_id, transaction_users.user_seq AS transaction_users_user_seq, transaction_users.user_name AS transaction_users_user_name, transaction_users.country_code AS transaction_users_country_code, transaction_users.id_type AS transaction_users_id_type, transaction_users.birth_date AS transaction_users_birth_date, transaction_users.register_date AS transaction_users_register_date, transaction_users.first_transaction_date AS transaction_users_first_transaction_date, transaction_users.status AS transaction_users_status, transaction_users.ban_reason AS transaction_users_ban_reason, transaction_users.created_at AS transaction_users_created_at, transaction_users.updated_at AS transaction_users_updated_at 
FROM transaction_users]
(Background on this error at: https://sqlalche.me/e/20/f405)
2025-11-25 23:53:47,895 WARNING Falling back to random user generation
2025-11-25 23:53:47,899 INFO 🚨 FRAUD sent seq=134 type=mixed_pattern | user=8488907 tx_24h=97 amt_24h=$44382 payment=WALLET
2025-11-25 23:53:47,900 ERROR Failed to load users from database: (psycopg2.errors.UndefinedTable) relation "transaction_users" does not exist
LINE 2: FROM transaction_users
             ^

[SQL: SELECT transaction_users.id AS transaction_users_id, transaction_users.user_seq AS transaction_users_user_seq, transaction_users.user_name AS transaction_users_user_name, transaction_users.country_code AS transaction_users_country_code, transaction_users.id_type AS transaction_users_id_type, transaction_users.birth_date AS transaction_users_birth_date, transaction_users.register_date AS transaction_users_register_date, transaction_users.first_transaction_date AS transaction_users_first_transaction_date, transaction_users.status AS transaction_users_status, transaction_users.ban_reason AS transaction_users_ban_reason, transaction_users.created_at AS transaction_users_created_at, transaction_users.updated_at AS transaction_users_updated_at 
FROM transaction_users]
(Background on this error at: https://sqlalche.me/e/20/f405)
2025-11-25 23:53:47,900 WARNING Falling back to random user generation
2025-11-25 23:53:47,903 INFO ✓ RAW sent seq=135 | user=3544078 name=Jorge Caldwell amount=$653.72
2025-11-25 23:53:49,906 ERROR Failed to load users from database: (psycopg2.errors.UndefinedTable) relation "transaction_users" does not exist
LINE 2: FROM transaction_users
             ^

[SQL: SELECT transaction_users.id AS transaction_users_id, transaction_users.user_seq AS transaction_users_user_seq, transaction_users.user_name AS transaction_users_user_name, transaction_users.country_code AS transaction_users_country_code, transaction_users.id_type AS transaction_users_id_type, transaction_users.birth_date AS transaction_users_birth_date, transaction_users.register_date AS transaction_users_register_date, transaction_users.first_transaction_date AS transaction_users_first_transaction_date, transaction_users.status AS transaction_users_status, transaction_users.ban_reason AS transaction_users_ban_reason, transaction_users.created_at AS transaction_users_created_at, transaction_users.updated_at AS transaction_users_updated_at 
FROM transaction_users]
(Background on this error at: https://sqlalche.me/e/20/f405)
2025-11-25 23:53:49,906 WARNING Falling back to random user generation
2025-11-25 23:53:49,911 INFO 🚨 FRAUD sent seq=136 type=high_velocity | user=5556048 tx_24h=67 amt_24h=$23878 payment=WALLET
2025-11-25 23:53:49,913 ERROR Failed to load users from database: (psycopg2.errors.UndefinedTable) relation "transaction_users" does not exist
LINE 2: FROM transaction_users
             ^

[SQL: SELECT transaction_users.id AS transaction_users_id, transaction_users.user_seq AS transaction_users_user_seq, transaction_users.user_name AS transaction_users_user_name, transaction_users.country_code AS transaction_users_country_code, transaction_users.id_type AS transaction_users_id_type, transaction_users.birth_date AS transaction_users_birth_date, transaction_users.register_date AS transaction_users_register_date, transaction_users.first_transaction_date AS transaction_users_first_transaction_date, transaction_users.status AS transaction_users_status, transaction_users.ban_reason AS transaction_users_ban_reason, transaction_users.created_at AS transaction_users_created_at, transaction_users.updated_at AS transaction_users_updated_at 
FROM transaction_users]
(Background on this error at: https://sqlalche.me/e/20/f405)
2025-11-25 23:53:49,913 WARNING Falling back to random user generation
2025-11-25 23:53:49,917 INFO ✓ RAW sent seq=137 | user=3790800 name=Leah Cochran amount=$944.77
2025-11-25 23:53:51,919 ERROR Failed to load users from database: (psycopg2.errors.UndefinedTable) relation "transaction_users" does not exist
LINE 2: FROM transaction_users
             ^

[SQL: SELECT transaction_users.id AS transaction_users_id, transaction_users.user_seq AS transaction_users_user_seq, transaction_users.user_name AS transaction_users_user_name, transaction_users.country_code AS transaction_users_country_code, transaction_users.id_type AS transaction_users_id_type, transaction_users.birth_date AS transaction_users_birth_date, transaction_users.register_date AS transaction_users_register_date, transaction_users.first_transaction_date AS transaction_users_first_transaction_date, transaction_users.status AS transaction_users_status, transaction_users.ban_reason AS transaction_users_ban_reason, transaction_users.created_at AS transaction_users_created_at, transaction_users.updated_at AS transaction_users_updated_at 
FROM transaction_users]
(Background on this error at: https://sqlalche.me/e/20/f405)
2025-11-25 23:53:51,919 WARNING Falling back to random user generation
2025-11-25 23:53:51,923 INFO ✓ RAW sent seq=138 | user=8962607 name=Caitlin Page amount=$328.31
2025-11-25 23:53:53,926 ERROR Failed to load users from database: (psycopg2.errors.UndefinedTable) relation "transaction_users" does not exist
LINE 2: FROM transaction_users
             ^

[SQL: SELECT transaction_users.id AS transaction_users_id, transaction_users.user_seq AS transaction_users_user_seq, transaction_users.user_name AS transaction_users_user_name, transaction_users.country_code AS transaction_users_country_code, transaction_users.id_type AS transaction_users_id_type, transaction_users.birth_date AS transaction_users_birth_date, transaction_users.register_date AS transaction_users_register_date, transaction_users.first_transaction_date AS transaction_users_first_transaction_date, transaction_users.status AS transaction_users_status, transaction_users.ban_reason AS transaction_users_ban_reason, transaction_users.created_at AS transaction_users_created_at, transaction_users.updated_at AS transaction_users_updated_at 
FROM transaction_users]
(Background on this error at: https://sqlalche.me/e/20/f405)
2025-11-25 23:53:53,926 WARNING Falling back to random user generation
2025-11-25 23:53:53,934 INFO 🚨 FRAUD sent seq=139 type=crypto_suspicious | user=3477584 tx_24h=55 amt_24h=$39436 payment=CRYPTO
2025-11-25 23:53:53,936 ERROR Failed to load users from database: (psycopg2.errors.UndefinedTable) relation "transaction_users" does not exist
LINE 2: FROM transaction_users
             ^

[SQL: SELECT transaction_users.id AS transaction_users_id, transaction_users.user_seq AS transaction_users_user_seq, transaction_users.user_name AS transaction_users_user_name, transaction_users.country_code AS transaction_users_country_code, transaction_users.id_type AS transaction_users_id_type, transaction_users.birth_date AS transaction_users_birth_date, transaction_users.register_date AS transaction_users_register_date, transaction_users.first_transaction_date AS transaction_users_first_transaction_date, transaction_users.status AS transaction_users_status, transaction_users.ban_reason AS transaction_users_ban_reason, transaction_users.created_at AS transaction_users_created_at, transaction_users.updated_at AS transaction_users_updated_at 
FROM transaction_users]
(Background on this error at: https://sqlalche.me/e/20/f405)
2025-11-25 23:53:53,936 WARNING Falling back to random user generation
2025-11-25 23:53:53,938 INFO 🚨 FRAUD sent seq=140 type=mixed_pattern | user=5391749 tx_24h=79 amt_24h=$44728 payment=CRYPTO
2025-11-25 23:53:53,940 ERROR Failed to load users from database: (psycopg2.errors.UndefinedTable) relation "transaction_users" does not exist
LINE 2: FROM transaction_users
             ^

[SQL: SELECT transaction_users.id AS transaction_users_id, transaction_users.user_seq AS transaction_users_user_seq, transaction_users.user_name AS transaction_users_user_name, transaction_users.country_code AS transaction_users_country_code, transaction_users.id_type AS transaction_users_id_type, transaction_users.birth_date AS transaction_users_birth_date, transaction_users.register_date AS transaction_users_register_date, transaction_users.first_transaction_date AS transaction_users_first_transaction_date, transaction_users.status AS transaction_users_status, transaction_users.ban_reason AS transaction_users_ban_reason, transaction_users.created_at AS transaction_users_created_at, transaction_users.updated_at AS transaction_users_updated_at 
FROM transaction_users]
(Background on this error at: https://sqlalche.me/e/20/f405)
2025-11-25 23:53:53,940 WARNING Falling back to random user generation
2025-11-25 23:53:53,943 INFO ✓ RAW sent seq=141 | user=9811061 name=Jason Miller amount=$238.41
2025-11-25 23:53:55,946 ERROR Failed to load users from database: (psycopg2.errors.UndefinedTable) relation "transaction_users" does not exist
LINE 2: FROM transaction_users
             ^

[SQL: SELECT transaction_users.id AS transaction_users_id, transaction_users.user_seq AS transaction_users_user_seq, transaction_users.user_name AS transaction_users_user_name, transaction_users.country_code AS transaction_users_country_code, transaction_users.id_type AS transaction_users_id_type, transaction_users.birth_date AS transaction_users_birth_date, transaction_users.register_date AS transaction_users_register_date, transaction_users.first_transaction_date AS transaction_users_first_transaction_date, transaction_users.status AS transaction_users_status, transaction_users.ban_reason AS transaction_users_ban_reason, transaction_users.created_at AS transaction_users_created_at, transaction_users.updated_at AS transaction_users_updated_at 
FROM transaction_users]
(Background on this error at: https://sqlalche.me/e/20/f405)
2025-11-25 23:53:55,946 WARNING Falling back to random user generation
2025-11-25 23:53:55,950 INFO ✓ RAW sent seq=142 | user=4749619 name=Jennifer Ingram amount=$300.8
2025-11-25 23:53:57,953 ERROR Failed to load users from database: (psycopg2.errors.UndefinedTable) relation "transaction_users" does not exist
LINE 2: FROM transaction_users
             ^

[SQL: SELECT transaction_users.id AS transaction_users_id, transaction_users.user_seq AS transaction_users_user_seq, transaction_users.user_name AS transaction_users_user_name, transaction_users.country_code AS transaction_users_country_code, transaction_users.id_type AS transaction_users_id_type, transaction_users.birth_date AS transaction_users_birth_date, transaction_users.register_date AS transaction_users_register_date, transaction_users.first_transaction_date AS transaction_users_first_transaction_date, transaction_users.status AS transaction_users_status, transaction_users.ban_reason AS transaction_users_ban_reason, transaction_users.created_at AS transaction_users_created_at, transaction_users.updated_at AS transaction_users_updated_at 
FROM transaction_users]
(Background on this error at: https://sqlalche.me/e/20/f405)
2025-11-25 23:53:57,954 WARNING Falling back to random user generation
2025-11-25 23:53:57,961 INFO 🚨 FRAUD sent seq=143 type=large_amount | user=3718074 tx_24h=3 amt_24h=$32000 payment=BANK
2025-11-25 23:53:57,964 ERROR Failed to load users from database: (psycopg2.errors.UndefinedTable) relation "transaction_users" does not exist
LINE 2: FROM transaction_users
             ^

[SQL: SELECT transaction_users.id AS transaction_users_id, transaction_users.user_seq AS transaction_users_user_seq, transaction_users.user_name AS transaction_users_user_name, transaction_users.country_code AS transaction_users_country_code, transaction_users.id_type AS transaction_users_id_type, transaction_users.birth_date AS transaction_users_birth_date, transaction_users.register_date AS transaction_users_register_date, transaction_users.first_transaction_date AS transaction_users_first_transaction_date, transaction_users.status AS transaction_users_status, transaction_users.ban_reason AS transaction_users_ban_reason, transaction_users.created_at AS transaction_users_created_at, transaction_users.updated_at AS transaction_users_updated_at 
FROM transaction_users]
(Background on this error at: https://sqlalche.me/e/20/f405)
2025-11-25 23:53:57,964 WARNING Falling back to random user generation
2025-11-25 23:53:57,968 INFO ✓ RAW sent seq=144 | user=4076861 name=Mary Gibson amount=$543.26
2025-11-25 23:53:57,970 ERROR Failed to load users from database: (psycopg2.errors.UndefinedTable) relation "transaction_users" does not exist
LINE 2: FROM transaction_users
             ^

[SQL: SELECT transaction_users.id AS transaction_users_id, transaction_users.user_seq AS transaction_users_user_seq, transaction_users.user_name AS transaction_users_user_name, transaction_users.country_code AS transaction_users_country_code, transaction_users.id_type AS transaction_users_id_type, transaction_users.birth_date AS transaction_users_birth_date, transaction_users.register_date AS transaction_users_register_date, transaction_users.first_transaction_date AS transaction_users_first_transaction_date, transaction_users.status AS transaction_users_status, transaction_users.ban_reason AS transaction_users_ban_reason, transaction_users.created_at AS transaction_users_created_at, transaction_users.updated_at AS transaction_users_updated_at 
FROM transaction_users]
(Background on this error at: https://sqlalche.me/e/20/f405)
2025-11-25 23:53:57,970 WARNING Falling back to random user generation
2025-11-25 23:53:57,974 INFO ✓ RAW sent seq=145 | user=3835450 name=Donna Campbell amount=$220.06
2025-11-25 23:53:59,977 ERROR Failed to load users from database: (psycopg2.errors.UndefinedTable) relation "transaction_users" does not exist
LINE 2: FROM transaction_users
             ^

[SQL: SELECT transaction_users.id AS transaction_users_id, transaction_users.user_seq AS transaction_users_user_seq, transaction_users.user_name AS transaction_users_user_name, transaction_users.country_code AS transaction_users_country_code, transaction_users.id_type AS transaction_users_id_type, transaction_users.birth_date AS transaction_users_birth_date, transaction_users.register_date AS transaction_users_register_date, transaction_users.first_transaction_date AS transaction_users_first_transaction_date, transaction_users.status AS transaction_users_status, transaction_users.ban_reason AS transaction_users_ban_reason, transaction_users.created_at AS transaction_users_created_at, transaction_users.updated_at AS transaction_users_updated_at 
FROM transaction_users]
(Background on this error at: https://sqlalche.me/e/20/f405)
2025-11-25 23:53:59,977 WARNING Falling back to random user generation
2025-11-25 23:53:59,982 INFO ✓ RAW sent seq=146 | user=2541763 name=Jesse Fletcher amount=$983.77
2025-11-25 23:53:59,984 ERROR Failed to load users from database: (psycopg2.errors.UndefinedTable) relation "transaction_users" does not exist
LINE 2: FROM transaction_users
             ^

[SQL: SELECT transaction_users.id AS transaction_users_id, transaction_users.user_seq AS transaction_users_user_seq, transaction_users.user_name AS transaction_users_user_name, transaction_users.country_code AS transaction_users_country_code, transaction_users.id_type AS transaction_users_id_type, transaction_users.birth_date AS transaction_users_birth_date, transaction_users.register_date AS transaction_users_register_date, transaction_users.first_transaction_date AS transaction_users_first_transaction_date, transaction_users.status AS transaction_users_status, transaction_users.ban_reason AS transaction_users_ban_reason, transaction_users.created_at AS transaction_users_created_at, transaction_users.updated_at AS transaction_users_updated_at 
FROM transaction_users]
(Background on this error at: https://sqlalche.me/e/20/f405)
2025-11-25 23:53:59,984 WARNING Falling back to random user generation
2025-11-25 23:53:59,988 INFO ✓ RAW sent seq=147 | user=1458747 name=Robin Murphy amount=$25.74
2025-11-25 23:53:59,990 ERROR Failed to load users from database: (psycopg2.errors.UndefinedTable) relation "transaction_users" does not exist
LINE 2: FROM transaction_users
             ^

[SQL: SELECT transaction_users.id AS transaction_users_id, transaction_users.user_seq AS transaction_users_user_seq, transaction_users.user_name AS transaction_users_user_name, transaction_users.country_code AS transaction_users_country_code, transaction_users.id_type AS transaction_users_id_type, transaction_users.birth_date AS transaction_users_birth_date, transaction_users.register_date AS transaction_users_register_date, transaction_users.first_transaction_date AS transaction_users_first_transaction_date, transaction_users.status AS transaction_users_status, transaction_users.ban_reason AS transaction_users_ban_reason, transaction_users.created_at AS transaction_users_created_at, transaction_users.updated_at AS transaction_users_updated_at 
FROM transaction_users]
(Background on this error at: https://sqlalche.me/e/20/f405)
2025-11-25 23:53:59,990 WARNING Falling back to random user generation
2025-11-25 23:53:59,993 INFO ✓ RAW sent seq=148 | user=5167704 name=Jesse Garrett amount=$296.55
2025-11-25 23:54:01,996 ERROR Failed to load users from database: (psycopg2.errors.UndefinedTable) relation "transaction_users" does not exist
LINE 2: FROM transaction_users
             ^

[SQL: SELECT transaction_users.id AS transaction_users_id, transaction_users.user_seq AS transaction_users_user_seq, transaction_users.user_name AS transaction_users_user_name, transaction_users.country_code AS transaction_users_country_code, transaction_users.id_type AS transaction_users_id_type, transaction_users.birth_date AS transaction_users_birth_date, transaction_users.register_date AS transaction_users_register_date, transaction_users.first_transaction_date AS transaction_users_first_transaction_date, transaction_users.status AS transaction_users_status, transaction_users.ban_reason AS transaction_users_ban_reason, transaction_users.created_at AS transaction_users_created_at, transaction_users.updated_at AS transaction_users_updated_at 
FROM transaction_users]
(Background on this error at: https://sqlalche.me/e/20/f405)
2025-11-25 23:54:01,996 WARNING Falling back to random user generation
2025-11-25 23:54:02,004 INFO 🚨 FRAUD sent seq=149 type=large_amount | user=5922239 tx_24h=8 amt_24h=$36129 payment=WALLET
2025-11-25 23:54:02,006 ERROR Failed to load users from database: (psycopg2.errors.UndefinedTable) relation "transaction_users" does not exist
LINE 2: FROM transaction_users
             ^

[SQL: SELECT transaction_users.id AS transaction_users_id, transaction_users.user_seq AS transaction_users_user_seq, transaction_users.user_name AS transaction_users_user_name, transaction_users.country_code AS transaction_users_country_code, transaction_users.id_type AS transaction_users_id_type, transaction_users.birth_date AS transaction_users_birth_date, transaction_users.register_date AS transaction_users_register_date, transaction_users.first_transaction_date AS transaction_users_first_transaction_date, transaction_users.status AS transaction_users_status, transaction_users.ban_reason AS transaction_users_ban_reason, transaction_users.created_at AS transaction_users_created_at, transaction_users.updated_at AS transaction_users_updated_at 
FROM transaction_users]
(Background on this error at: https://sqlalche.me/e/20/f405)
2025-11-25 23:54:02,006 WARNING Falling back to random user generation
2025-11-25 23:54:02,008 INFO ✓ RAW sent seq=150 | user=6735311 name=Julian Hebert amount=$622.96
2025-11-25 23:54:04,012 ERROR Failed to load users from database: (psycopg2.errors.UndefinedTable) relation "transaction_users" does not exist
LINE 2: FROM transaction_users
             ^

[SQL: SELECT transaction_users.id AS transaction_users_id, transaction_users.user_seq AS transaction_users_user_seq, transaction_users.user_name AS transaction_users_user_name, transaction_users.country_code AS transaction_users_country_code, transaction_users.id_type AS transaction_users_id_type, transaction_users.birth_date AS transaction_users_birth_date, transaction_users.register_date AS transaction_users_register_date, transaction_users.first_transaction_date AS transaction_users_first_transaction_date, transaction_users.status AS transaction_users_status, transaction_users.ban_reason AS transaction_users_ban_reason, transaction_users.created_at AS transaction_users_created_at, transaction_users.updated_at AS transaction_users_updated_at 
FROM transaction_users]
(Background on this error at: https://sqlalche.me/e/20/f405)
2025-11-25 23:54:04,012 WARNING Falling back to random user generation
2025-11-25 23:54:04,016 INFO ✓ RAW sent seq=151 | user=5705413 name=Priscilla Mendoza amount=$680.47
2025-11-25 23:54:06,020 ERROR Failed to load users from database: (psycopg2.errors.UndefinedTable) relation "transaction_users" does not exist
LINE 2: FROM transaction_users
             ^

[SQL: SELECT transaction_users.id AS transaction_users_id, transaction_users.user_seq AS transaction_users_user_seq, transaction_users.user_name AS transaction_users_user_name, transaction_users.country_code AS transaction_users_country_code, transaction_users.id_type AS transaction_users_id_type, transaction_users.birth_date AS transaction_users_birth_date, transaction_users.register_date AS transaction_users_register_date, transaction_users.first_transaction_date AS transaction_users_first_transaction_date, transaction_users.status AS transaction_users_status, transaction_users.ban_reason AS transaction_users_ban_reason, transaction_users.created_at AS transaction_users_created_at, transaction_users.updated_at AS transaction_users_updated_at 
FROM transaction_users]
(Background on this error at: https://sqlalche.me/e/20/f405)
2025-11-25 23:54:06,021 WARNING Falling back to random user generation
2025-11-25 23:54:06,026 INFO ✓ RAW sent seq=152 | user=6307761 name=Scott Hanna amount=$5.17
2025-11-25 23:54:06,028 ERROR Failed to load users from database: (psycopg2.errors.UndefinedTable) relation "transaction_users" does not exist
LINE 2: FROM transaction_users
             ^

[SQL: SELECT transaction_users.id AS transaction_users_id, transaction_users.user_seq AS transaction_users_user_seq, transaction_users.user_name AS transaction_users_user_name, transaction_users.country_code AS transaction_users_country_code, transaction_users.id_type AS transaction_users_id_type, transaction_users.birth_date AS transaction_users_birth_date, transaction_users.register_date AS transaction_users_register_date, transaction_users.first_transaction_date AS transaction_users_first_transaction_date, transaction_users.status AS transaction_users_status, transaction_users.ban_reason AS transaction_users_ban_reason, transaction_users.created_at AS transaction_users_created_at, transaction_users.updated_at AS transaction_users_updated_at 
FROM transaction_users]
(Background on this error at: https://sqlalche.me/e/20/f405)
2025-11-25 23:54:06,028 WARNING Falling back to random user generation
2025-11-25 23:54:06,031 INFO ✓ RAW sent seq=153 | user=4598924 name=Randy Hall amount=$43.92
2025-11-25 23:54:06,032 ERROR Failed to load users from database: (psycopg2.errors.UndefinedTable) relation "transaction_users" does not exist
LINE 2: FROM transaction_users
             ^

[SQL: SELECT transaction_users.id AS transaction_users_id, transaction_users.user_seq AS transaction_users_user_seq, transaction_users.user_name AS transaction_users_user_name, transaction_users.country_code AS transaction_users_country_code, transaction_users.id_type AS transaction_users_id_type, transaction_users.birth_date AS transaction_users_birth_date, transaction_users.register_date AS transaction_users_register_date, transaction_users.first_transaction_date AS transaction_users_first_transaction_date, transaction_users.status AS transaction_users_status, transaction_users.ban_reason AS transaction_users_ban_reason, transaction_users.created_at AS transaction_users_created_at, transaction_users.updated_at AS transaction_users_updated_at 
FROM transaction_users]
(Background on this error at: https://sqlalche.me/e/20/f405)
2025-11-25 23:54:06,032 WARNING Falling back to random user generation
2025-11-25 23:54:06,037 INFO ✓ RAW sent seq=154 | user=7994388 name=Larry Summers amount=$594.96
2025-11-25 23:54:08,040 ERROR Failed to load users from database: (psycopg2.errors.UndefinedTable) relation "transaction_users" does not exist
LINE 2: FROM transaction_users
             ^

[SQL: SELECT transaction_users.id AS transaction_users_id, transaction_users.user_seq AS transaction_users_user_seq, transaction_users.user_name AS transaction_users_user_name, transaction_users.country_code AS transaction_users_country_code, transaction_users.id_type AS transaction_users_id_type, transaction_users.birth_date AS transaction_users_birth_date, transaction_users.register_date AS transaction_users_register_date, transaction_users.first_transaction_date AS transaction_users_first_transaction_date, transaction_users.status AS transaction_users_status, transaction_users.ban_reason AS transaction_users_ban_reason, transaction_users.created_at AS transaction_users_created_at, transaction_users.updated_at AS transaction_users_updated_at 
FROM transaction_users]
(Background on this error at: https://sqlalche.me/e/20/f405)
2025-11-25 23:54:08,040 WARNING Falling back to random user generation
2025-11-25 23:54:08,046 INFO 🚨 FRAUD sent seq=155 type=cross_border | user=7937491 tx_24h=51 amt_24h=$27253 payment=BANK
2025-11-25 23:54:08,048 ERROR Failed to load users from database: (psycopg2.errors.UndefinedTable) relation "transaction_users" does not exist
LINE 2: FROM transaction_users
             ^

[SQL: SELECT transaction_users.id AS transaction_users_id, transaction_users.user_seq AS transaction_users_user_seq, transaction_users.user_name AS transaction_users_user_name, transaction_users.country_code AS transaction_users_country_code, transaction_users.id_type AS transaction_users_id_type, transaction_users.birth_date AS transaction_users_birth_date, transaction_users.register_date AS transaction_users_register_date, transaction_users.first_transaction_date AS transaction_users_first_transaction_date, transaction_users.status AS transaction_users_status, transaction_users.ban_reason AS transaction_users_ban_reason, transaction_users.created_at AS transaction_users_created_at, transaction_users.updated_at AS transaction_users_updated_at 
FROM transaction_users]
(Background on this error at: https://sqlalche.me/e/20/f405)
2025-11-25 23:54:08,049 WARNING Falling back to random user generation
2025-11-25 23:54:08,051 INFO ✓ RAW sent seq=156 | user=2830534 name=Anthony Mcintyre amount=$474.7
2025-11-25 23:54:08,053 ERROR Failed to load users from database: (psycopg2.errors.UndefinedTable) relation "transaction_users" does not exist
LINE 2: FROM transaction_users
             ^

[SQL: SELECT transaction_users.id AS transaction_users_id, transaction_users.user_seq AS transaction_users_user_seq, transaction_users.user_name AS transaction_users_user_name, transaction_users.country_code AS transaction_users_country_code, transaction_users.id_type AS transaction_users_id_type, transaction_users.birth_date AS transaction_users_birth_date, transaction_users.register_date AS transaction_users_register_date, transaction_users.first_transaction_date AS transaction_users_first_transaction_date, transaction_users.status AS transaction_users_status, transaction_users.ban_reason AS transaction_users_ban_reason, transaction_users.created_at AS transaction_users_created_at, transaction_users.updated_at AS transaction_users_updated_at 
FROM transaction_users]
(Background on this error at: https://sqlalche.me/e/20/f405)
2025-11-25 23:54:08,053 WARNING Falling back to random user generation
2025-11-25 23:54:08,055 INFO ✓ RAW sent seq=157 | user=3362851 name=Lisa Myers amount=$706.42
2025-11-25 23:54:10,059 ERROR Failed to load users from database: (psycopg2.errors.UndefinedTable) relation "transaction_users" does not exist
LINE 2: FROM transaction_users
             ^

[SQL: SELECT transaction_users.id AS transaction_users_id, transaction_users.user_seq AS transaction_users_user_seq, transaction_users.user_name AS transaction_users_user_name, transaction_users.country_code AS transaction_users_country_code, transaction_users.id_type AS transaction_users_id_type, transaction_users.birth_date AS transaction_users_birth_date, transaction_users.register_date AS transaction_users_register_date, transaction_users.first_transaction_date AS transaction_users_first_transaction_date, transaction_users.status AS transaction_users_status, transaction_users.ban_reason AS transaction_users_ban_reason, transaction_users.created_at AS transaction_users_created_at, transaction_users.updated_at AS transaction_users_updated_at 
FROM transaction_users]
(Background on this error at: https://sqlalche.me/e/20/f405)
2025-11-25 23:54:10,059 WARNING Falling back to random user generation
2025-11-25 23:54:10,065 INFO ✓ RAW sent seq=158 | user=2700819 name=Melissa Ware amount=$884.05
2025-11-25 23:54:12,068 ERROR Failed to load users from database: (psycopg2.errors.UndefinedTable) relation "transaction_users" does not exist
LINE 2: FROM transaction_users
             ^

[SQL: SELECT transaction_users.id AS transaction_users_id, transaction_users.user_seq AS transaction_users_user_seq, transaction_users.user_name AS transaction_users_user_name, transaction_users.country_code AS transaction_users_country_code, transaction_users.id_type AS transaction_users_id_type, transaction_users.birth_date AS transaction_users_birth_date, transaction_users.register_date AS transaction_users_register_date, transaction_users.first_transaction_date AS transaction_users_first_transaction_date, transaction_users.status AS transaction_users_status, transaction_users.ban_reason AS transaction_users_ban_reason, transaction_users.created_at AS transaction_users_created_at, transaction_users.updated_at AS transaction_users_updated_at 
FROM transaction_users]
(Background on this error at: https://sqlalche.me/e/20/f405)
2025-11-25 23:54:12,068 WARNING Falling back to random user generation
2025-11-25 23:54:12,074 INFO ✓ RAW sent seq=159 | user=1308415 name=Kristy Burch amount=$206.11
2025-11-25 23:54:12,075 ERROR Failed to load users from database: (psycopg2.errors.UndefinedTable) relation "transaction_users" does not exist
LINE 2: FROM transaction_users
             ^

[SQL: SELECT transaction_users.id AS transaction_users_id, transaction_users.user_seq AS transaction_users_user_seq, transaction_users.user_name AS transaction_users_user_name, transaction_users.country_code AS transaction_users_country_code, transaction_users.id_type AS transaction_users_id_type, transaction_users.birth_date AS transaction_users_birth_date, transaction_users.register_date AS transaction_users_register_date, transaction_users.first_transaction_date AS transaction_users_first_transaction_date, transaction_users.status AS transaction_users_status, transaction_users.ban_reason AS transaction_users_ban_reason, transaction_users.created_at AS transaction_users_created_at, transaction_users.updated_at AS transaction_users_updated_at 
FROM transaction_users]
(Background on this error at: https://sqlalche.me/e/20/f405)
2025-11-25 23:54:12,075 WARNING Falling back to random user generation
2025-11-25 23:54:12,079 INFO ✓ RAW sent seq=160 | user=2743816 name=Heather Ruiz amount=$3.99
2025-11-25 23:54:14,082 ERROR Failed to load users from database: (psycopg2.errors.UndefinedTable) relation "transaction_users" does not exist
LINE 2: FROM transaction_users
             ^

[SQL: SELECT transaction_users.id AS transaction_users_id, transaction_users.user_seq AS transaction_users_user_seq, transaction_users.user_name AS transaction_users_user_name, transaction_users.country_code AS transaction_users_country_code, transaction_users.id_type AS transaction_users_id_type, transaction_users.birth_date AS transaction_users_birth_date, transaction_users.register_date AS transaction_users_register_date, transaction_users.first_transaction_date AS transaction_users_first_transaction_date, transaction_users.status AS transaction_users_status, transaction_users.ban_reason AS transaction_users_ban_reason, transaction_users.created_at AS transaction_users_created_at, transaction_users.updated_at AS transaction_users_updated_at 
FROM transaction_users]
(Background on this error at: https://sqlalche.me/e/20/f405)
2025-11-25 23:54:14,082 WARNING Falling back to random user generation
2025-11-25 23:54:14,088 INFO ✓ RAW sent seq=161 | user=5324027 name=Amanda Mcintosh amount=$967.79
2025-11-25 23:54:16,091 ERROR Failed to load users from database: (psycopg2.errors.UndefinedTable) relation "transaction_users" does not exist
LINE 2: FROM transaction_users
             ^

[SQL: SELECT transaction_users.id AS transaction_users_id, transaction_users.user_seq AS transaction_users_user_seq, transaction_users.user_name AS transaction_users_user_name, transaction_users.country_code AS transaction_users_country_code, transaction_users.id_type AS transaction_users_id_type, transaction_users.birth_date AS transaction_users_birth_date, transaction_users.register_date AS transaction_users_register_date, transaction_users.first_transaction_date AS transaction_users_first_transaction_date, transaction_users.status AS transaction_users_status, transaction_users.ban_reason AS transaction_users_ban_reason, transaction_users.created_at AS transaction_users_created_at, transaction_users.updated_at AS transaction_users_updated_at 
FROM transaction_users]
(Background on this error at: https://sqlalche.me/e/20/f405)
2025-11-25 23:54:16,091 WARNING Falling back to random user generation
2025-11-25 23:54:16,096 INFO ✓ RAW sent seq=162 | user=7063217 name=Michelle Rose amount=$612.34
2025-11-25 23:54:16,098 ERROR Failed to load users from database: (psycopg2.errors.UndefinedTable) relation "transaction_users" does not exist
LINE 2: FROM transaction_users
             ^

[SQL: SELECT transaction_users.id AS transaction_users_id, transaction_users.user_seq AS transaction_users_user_seq, transaction_users.user_name AS transaction_users_user_name, transaction_users.country_code AS transaction_users_country_code, transaction_users.id_type AS transaction_users_id_type, transaction_users.birth_date AS transaction_users_birth_date, transaction_users.register_date AS transaction_users_register_date, transaction_users.first_transaction_date AS transaction_users_first_transaction_date, transaction_users.status AS transaction_users_status, transaction_users.ban_reason AS transaction_users_ban_reason, transaction_users.created_at AS transaction_users_created_at, transaction_users.updated_at AS transaction_users_updated_at 
FROM transaction_users]
(Background on this error at: https://sqlalche.me/e/20/f405)
2025-11-25 23:54:16,098 WARNING Falling back to random user generation
2025-11-25 23:54:16,102 INFO ✓ RAW sent seq=163 | user=3830124 name=Jared White DDS amount=$500.12
2025-11-25 23:54:16,103 ERROR Failed to load users from database: (psycopg2.errors.UndefinedTable) relation "transaction_users" does not exist
LINE 2: FROM transaction_users
             ^

[SQL: SELECT transaction_users.id AS transaction_users_id, transaction_users.user_seq AS transaction_users_user_seq, transaction_users.user_name AS transaction_users_user_name, transaction_users.country_code AS transaction_users_country_code, transaction_users.id_type AS transaction_users_id_type, transaction_users.birth_date AS transaction_users_birth_date, transaction_users.register_date AS transaction_users_register_date, transaction_users.first_transaction_date AS transaction_users_first_transaction_date, transaction_users.status AS transaction_users_status, transaction_users.ban_reason AS transaction_users_ban_reason, transaction_users.created_at AS transaction_users_created_at, transaction_users.updated_at AS transaction_users_updated_at 
FROM transaction_users]
(Background on this error at: https://sqlalche.me/e/20/f405)
2025-11-25 23:54:16,103 WARNING Falling back to random user generation
2025-11-25 23:54:16,106 INFO ✓ RAW sent seq=164 | user=4345647 name=Alison Lang amount=$660.92
2025-11-25 23:54:18,109 ERROR Failed to load users from database: (psycopg2.errors.UndefinedTable) relation "transaction_users" does not exist
LINE 2: FROM transaction_users
             ^

[SQL: SELECT transaction_users.id AS transaction_users_id, transaction_users.user_seq AS transaction_users_user_seq, transaction_users.user_name AS transaction_users_user_name, transaction_users.country_code AS transaction_users_country_code, transaction_users.id_type AS transaction_users_id_type, transaction_users.birth_date AS transaction_users_birth_date, transaction_users.register_date AS transaction_users_register_date, transaction_users.first_transaction_date AS transaction_users_first_transaction_date, transaction_users.status AS transaction_users_status, transaction_users.ban_reason AS transaction_users_ban_reason, transaction_users.created_at AS transaction_users_created_at, transaction_users.updated_at AS transaction_users_updated_at 
FROM transaction_users]
(Background on this error at: https://sqlalche.me/e/20/f405)
2025-11-25 23:54:18,109 WARNING Falling back to random user generation
2025-11-25 23:54:18,114 INFO ✓ RAW sent seq=165 | user=1244157 name=Michelle Mills amount=$187.63
2025-11-25 23:54:18,116 ERROR Failed to load users from database: (psycopg2.errors.UndefinedTable) relation "transaction_users" does not exist
LINE 2: FROM transaction_users
             ^

[SQL: SELECT transaction_users.id AS transaction_users_id, transaction_users.user_seq AS transaction_users_user_seq, transaction_users.user_name AS transaction_users_user_name, transaction_users.country_code AS transaction_users_country_code, transaction_users.id_type AS transaction_users_id_type, transaction_users.birth_date AS transaction_users_birth_date, transaction_users.register_date AS transaction_users_register_date, transaction_users.first_transaction_date AS transaction_users_first_transaction_date, transaction_users.status AS transaction_users_status, transaction_users.ban_reason AS transaction_users_ban_reason, transaction_users.created_at AS transaction_users_created_at, transaction_users.updated_at AS transaction_users_updated_at 
FROM transaction_users]
(Background on this error at: https://sqlalche.me/e/20/f405)
2025-11-25 23:54:18,116 WARNING Falling back to random user generation
2025-11-25 23:54:18,118 INFO ✓ RAW sent seq=166 | user=9976233 name=Samantha Campbell amount=$764.32
2025-11-25 23:54:18,120 ERROR Failed to load users from database: (psycopg2.errors.UndefinedTable) relation "transaction_users" does not exist
LINE 2: FROM transaction_users
             ^

[SQL: SELECT transaction_users.id AS transaction_users_id, transaction_users.user_seq AS transaction_users_user_seq, transaction_users.user_name AS transaction_users_user_name, transaction_users.country_code AS transaction_users_country_code, transaction_users.id_type AS transaction_users_id_type, transaction_users.birth_date AS transaction_users_birth_date, transaction_users.register_date AS transaction_users_register_date, transaction_users.first_transaction_date AS transaction_users_first_transaction_date, transaction_users.status AS transaction_users_status, transaction_users.ban_reason AS transaction_users_ban_reason, transaction_users.created_at AS transaction_users_created_at, transaction_users.updated_at AS transaction_users_updated_at 
FROM transaction_users]
(Background on this error at: https://sqlalche.me/e/20/f405)
2025-11-25 23:54:18,120 WARNING Falling back to random user generation
2025-11-25 23:54:18,123 INFO ✓ RAW sent seq=167 | user=4265232 name=Karen Simmons amount=$414.54
2025-11-25 23:54:20,126 ERROR Failed to load users from database: (psycopg2.errors.UndefinedTable) relation "transaction_users" does not exist
LINE 2: FROM transaction_users
             ^

[SQL: SELECT transaction_users.id AS transaction_users_id, transaction_users.user_seq AS transaction_users_user_seq, transaction_users.user_name AS transaction_users_user_name, transaction_users.country_code AS transaction_users_country_code, transaction_users.id_type AS transaction_users_id_type, transaction_users.birth_date AS transaction_users_birth_date, transaction_users.register_date AS transaction_users_register_date, transaction_users.first_transaction_date AS transaction_users_first_transaction_date, transaction_users.status AS transaction_users_status, transaction_users.ban_reason AS transaction_users_ban_reason, transaction_users.created_at AS transaction_users_created_at, transaction_users.updated_at AS transaction_users_updated_at 
FROM transaction_users]
(Background on this error at: https://sqlalche.me/e/20/f405)
2025-11-25 23:54:20,126 WARNING Falling back to random user generation
2025-11-25 23:54:20,133 INFO ✓ RAW sent seq=168 | user=8508425 name=Judith Owens amount=$948.87
2025-11-25 23:54:20,137 ERROR Failed to load users from database: (psycopg2.errors.UndefinedTable) relation "transaction_users" does not exist
LINE 2: FROM transaction_users
             ^

[SQL: SELECT transaction_users.id AS transaction_users_id, transaction_users.user_seq AS transaction_users_user_seq, transaction_users.user_name AS transaction_users_user_name, transaction_users.country_code AS transaction_users_country_code, transaction_users.id_type AS transaction_users_id_type, transaction_users.birth_date AS transaction_users_birth_date, transaction_users.register_date AS transaction_users_register_date, transaction_users.first_transaction_date AS transaction_users_first_transaction_date, transaction_users.status AS transaction_users_status, transaction_users.ban_reason AS transaction_users_ban_reason, transaction_users.created_at AS transaction_users_created_at, transaction_users.updated_at AS transaction_users_updated_at 
FROM transaction_users]
(Background on this error at: https://sqlalche.me/e/20/f405)
2025-11-25 23:54:20,137 WARNING Falling back to random user generation
2025-11-25 23:54:20,144 INFO ✓ RAW sent seq=169 | user=7099326 name=Nicole Wilcox amount=$507.56
2025-11-25 23:54:22,146 ERROR Failed to load users from database: (psycopg2.errors.UndefinedTable) relation "transaction_users" does not exist
LINE 2: FROM transaction_users
             ^

[SQL: SELECT transaction_users.id AS transaction_users_id, transaction_users.user_seq AS transaction_users_user_seq, transaction_users.user_name AS transaction_users_user_name, transaction_users.country_code AS transaction_users_country_code, transaction_users.id_type AS transaction_users_id_type, transaction_users.birth_date AS transaction_users_birth_date, transaction_users.register_date AS transaction_users_register_date, transaction_users.first_transaction_date AS transaction_users_first_transaction_date, transaction_users.status AS transaction_users_status, transaction_users.ban_reason AS transaction_users_ban_reason, transaction_users.created_at AS transaction_users_created_at, transaction_users.updated_at AS transaction_users_updated_at 
FROM transaction_users]
(Background on this error at: https://sqlalche.me/e/20/f405)
2025-11-25 23:54:22,146 WARNING Falling back to random user generation
2025-11-25 23:54:22,150 INFO 🚨 FRAUD sent seq=170 type=mixed_pattern | user=2821963 tx_24h=75 amt_24h=$39788 payment=WALLET
2025-11-25 23:54:24,153 ERROR Failed to load users from database: (psycopg2.errors.UndefinedTable) relation "transaction_users" does not exist
LINE 2: FROM transaction_users
             ^

[SQL: SELECT transaction_users.id AS transaction_users_id, transaction_users.user_seq AS transaction_users_user_seq, transaction_users.user_name AS transaction_users_user_name, transaction_users.country_code AS transaction_users_country_code, transaction_users.id_type AS transaction_users_id_type, transaction_users.birth_date AS transaction_users_birth_date, transaction_users.register_date AS transaction_users_register_date, transaction_users.first_transaction_date AS transaction_users_first_transaction_date, transaction_users.status AS transaction_users_status, transaction_users.ban_reason AS transaction_users_ban_reason, transaction_users.created_at AS transaction_users_created_at, transaction_users.updated_at AS transaction_users_updated_at 
FROM transaction_users]
(Background on this error at: https://sqlalche.me/e/20/f405)
2025-11-25 23:54:24,153 WARNING Falling back to random user generation
2025-11-25 23:54:24,159 INFO ✓ RAW sent seq=171 | user=6136031 name=Vanessa Martin amount=$188.9
2025-11-25 23:54:26,161 ERROR Failed to load users from database: (psycopg2.errors.UndefinedTable) relation "transaction_users" does not exist
LINE 2: FROM transaction_users
             ^

[SQL: SELECT transaction_users.id AS transaction_users_id, transaction_users.user_seq AS transaction_users_user_seq, transaction_users.user_name AS transaction_users_user_name, transaction_users.country_code AS transaction_users_country_code, transaction_users.id_type AS transaction_users_id_type, transaction_users.birth_date AS transaction_users_birth_date, transaction_users.register_date AS transaction_users_register_date, transaction_users.first_transaction_date AS transaction_users_first_transaction_date, transaction_users.status AS transaction_users_status, transaction_users.ban_reason AS transaction_users_ban_reason, transaction_users.created_at AS transaction_users_created_at, transaction_users.updated_at AS transaction_users_updated_at 
FROM transaction_users]
(Background on this error at: https://sqlalche.me/e/20/f405)
2025-11-25 23:54:26,161 WARNING Falling back to random user generation
2025-11-25 23:54:26,163 INFO ✓ RAW sent seq=172 | user=6206977 name=Brooke Henry amount=$754.71
2025-11-25 23:54:26,165 ERROR Failed to load users from database: (psycopg2.errors.UndefinedTable) relation "transaction_users" does not exist
LINE 2: FROM transaction_users
             ^

[SQL: SELECT transaction_users.id AS transaction_users_id, transaction_users.user_seq AS transaction_users_user_seq, transaction_users.user_name AS transaction_users_user_name, transaction_users.country_code AS transaction_users_country_code, transaction_users.id_type AS transaction_users_id_type, transaction_users.birth_date AS transaction_users_birth_date, transaction_users.register_date AS transaction_users_register_date, transaction_users.first_transaction_date AS transaction_users_first_transaction_date, transaction_users.status AS transaction_users_status, transaction_users.ban_reason AS transaction_users_ban_reason, transaction_users.created_at AS transaction_users_created_at, transaction_users.updated_at AS transaction_users_updated_at 
FROM transaction_users]
(Background on this error at: https://sqlalche.me/e/20/f405)
2025-11-25 23:54:26,165 WARNING Falling back to random user generation
2025-11-25 23:54:26,170 INFO ✓ RAW sent seq=173 | user=4917157 name=Dr. Vanessa Chan amount=$159.66
2025-11-25 23:54:28,173 ERROR Failed to load users from database: (psycopg2.errors.UndefinedTable) relation "transaction_users" does not exist
LINE 2: FROM transaction_users
             ^

[SQL: SELECT transaction_users.id AS transaction_users_id, transaction_users.user_seq AS transaction_users_user_seq, transaction_users.user_name AS transaction_users_user_name, transaction_users.country_code AS transaction_users_country_code, transaction_users.id_type AS transaction_users_id_type, transaction_users.birth_date AS transaction_users_birth_date, transaction_users.register_date AS transaction_users_register_date, transaction_users.first_transaction_date AS transaction_users_first_transaction_date, transaction_users.status AS transaction_users_status, transaction_users.ban_reason AS transaction_users_ban_reason, transaction_users.created_at AS transaction_users_created_at, transaction_users.updated_at AS transaction_users_updated_at 
FROM transaction_users]
(Background on this error at: https://sqlalche.me/e/20/f405)
2025-11-25 23:54:28,173 WARNING Falling back to random user generation
2025-11-25 23:54:28,180 INFO ✓ RAW sent seq=174 | user=3816117 name=Michael Anderson amount=$214.69
2025-11-25 23:54:28,181 ERROR Failed to load users from database: (psycopg2.errors.UndefinedTable) relation "transaction_users" does not exist
LINE 2: FROM transaction_users
             ^

[SQL: SELECT transaction_users.id AS transaction_users_id, transaction_users.user_seq AS transaction_users_user_seq, transaction_users.user_name AS transaction_users_user_name, transaction_users.country_code AS transaction_users_country_code, transaction_users.id_type AS transaction_users_id_type, transaction_users.birth_date AS transaction_users_birth_date, transaction_users.register_date AS transaction_users_register_date, transaction_users.first_transaction_date AS transaction_users_first_transaction_date, transaction_users.status AS transaction_users_status, transaction_users.ban_reason AS transaction_users_ban_reason, transaction_users.created_at AS transaction_users_created_at, transaction_users.updated_at AS transaction_users_updated_at 
FROM transaction_users]
(Background on this error at: https://sqlalche.me/e/20/f405)
2025-11-25 23:54:28,182 WARNING Falling back to random user generation
2025-11-25 23:54:28,185 INFO ✓ RAW sent seq=175 | user=7288275 name=Michael Barron amount=$682.67
2025-11-25 23:54:30,188 ERROR Failed to load users from database: (psycopg2.errors.UndefinedTable) relation "transaction_users" does not exist
LINE 2: FROM transaction_users
             ^

[SQL: SELECT transaction_users.id AS transaction_users_id, transaction_users.user_seq AS transaction_users_user_seq, transaction_users.user_name AS transaction_users_user_name, transaction_users.country_code AS transaction_users_country_code, transaction_users.id_type AS transaction_users_id_type, transaction_users.birth_date AS transaction_users_birth_date, transaction_users.register_date AS transaction_users_register_date, transaction_users.first_transaction_date AS transaction_users_first_transaction_date, transaction_users.status AS transaction_users_status, transaction_users.ban_reason AS transaction_users_ban_reason, transaction_users.created_at AS transaction_users_created_at, transaction_users.updated_at AS transaction_users_updated_at 
FROM transaction_users]
(Background on this error at: https://sqlalche.me/e/20/f405)
2025-11-25 23:54:30,188 WARNING Falling back to random user generation
2025-11-25 23:54:30,194 INFO ✓ RAW sent seq=176 | user=5905692 name=Keith Garner amount=$787.29
2025-11-25 23:54:30,196 ERROR Failed to load users from database: (psycopg2.errors.UndefinedTable) relation "transaction_users" does not exist
LINE 2: FROM transaction_users
             ^

[SQL: SELECT transaction_users.id AS transaction_users_id, transaction_users.user_seq AS transaction_users_user_seq, transaction_users.user_name AS transaction_users_user_name, transaction_users.country_code AS transaction_users_country_code, transaction_users.id_type AS transaction_users_id_type, transaction_users.birth_date AS transaction_users_birth_date, transaction_users.register_date AS transaction_users_register_date, transaction_users.first_transaction_date AS transaction_users_first_transaction_date, transaction_users.status AS transaction_users_status, transaction_users.ban_reason AS transaction_users_ban_reason, transaction_users.created_at AS transaction_users_created_at, transaction_users.updated_at AS transaction_users_updated_at 
FROM transaction_users]
(Background on this error at: https://sqlalche.me/e/20/f405)
2025-11-25 23:54:30,196 WARNING Falling back to random user generation
2025-11-25 23:54:30,199 INFO ✓ RAW sent seq=177 | user=9101007 name=Brian Reyes amount=$191.98
2025-11-25 23:54:32,201 ERROR Failed to load users from database: (psycopg2.errors.UndefinedTable) relation "transaction_users" does not exist
LINE 2: FROM transaction_users
             ^

[SQL: SELECT transaction_users.id AS transaction_users_id, transaction_users.user_seq AS transaction_users_user_seq, transaction_users.user_name AS transaction_users_user_name, transaction_users.country_code AS transaction_users_country_code, transaction_users.id_type AS transaction_users_id_type, transaction_users.birth_date AS transaction_users_birth_date, transaction_users.register_date AS transaction_users_register_date, transaction_users.first_transaction_date AS transaction_users_first_transaction_date, transaction_users.status AS transaction_users_status, transaction_users.ban_reason AS transaction_users_ban_reason, transaction_users.created_at AS transaction_users_created_at, transaction_users.updated_at AS transaction_users_updated_at 
FROM transaction_users]
(Background on this error at: https://sqlalche.me/e/20/f405)
2025-11-25 23:54:32,201 WARNING Falling back to random user generation
2025-11-25 23:54:32,204 INFO ✓ RAW sent seq=178 | user=4742517 name=Christopher Goodman amount=$457.05
2025-11-25 23:54:32,205 ERROR Failed to load users from database: (psycopg2.errors.UndefinedTable) relation "transaction_users" does not exist
LINE 2: FROM transaction_users
             ^

[SQL: SELECT transaction_users.id AS transaction_users_id, transaction_users.user_seq AS transaction_users_user_seq, transaction_users.user_name AS transaction_users_user_name, transaction_users.country_code AS transaction_users_country_code, transaction_users.id_type AS transaction_users_id_type, transaction_users.birth_date AS transaction_users_birth_date, transaction_users.register_date AS transaction_users_register_date, transaction_users.first_transaction_date AS transaction_users_first_transaction_date, transaction_users.status AS transaction_users_status, transaction_users.ban_reason AS transaction_users_ban_reason, transaction_users.created_at AS transaction_users_created_at, transaction_users.updated_at AS transaction_users_updated_at 
FROM transaction_users]
(Background on this error at: https://sqlalche.me/e/20/f405)
2025-11-25 23:54:32,205 WARNING Falling back to random user generation
2025-11-25 23:54:32,208 INFO ✓ RAW sent seq=179 | user=5510872 name=Gerald Jones amount=$291.78
2025-11-25 23:54:32,209 ERROR Failed to load users from database: (psycopg2.errors.UndefinedTable) relation "transaction_users" does not exist
LINE 2: FROM transaction_users
             ^

[SQL: SELECT transaction_users.id AS transaction_users_id, transaction_users.user_seq AS transaction_users_user_seq, transaction_users.user_name AS transaction_users_user_name, transaction_users.country_code AS transaction_users_country_code, transaction_users.id_type AS transaction_users_id_type, transaction_users.birth_date AS transaction_users_birth_date, transaction_users.register_date AS transaction_users_register_date, transaction_users.first_transaction_date AS transaction_users_first_transaction_date, transaction_users.status AS transaction_users_status, transaction_users.ban_reason AS transaction_users_ban_reason, transaction_users.created_at AS transaction_users_created_at, transaction_users.updated_at AS transaction_users_updated_at 
FROM transaction_users]
(Background on this error at: https://sqlalche.me/e/20/f405)
2025-11-25 23:54:32,210 WARNING Falling back to random user generation
2025-11-25 23:54:32,213 INFO 🚨 FRAUD sent seq=180 type=large_amount | user=9124759 tx_24h=8 amt_24h=$44221 payment=BANK
2025-11-25 23:54:34,217 ERROR Failed to load users from database: (psycopg2.errors.UndefinedTable) relation "transaction_users" does not exist
LINE 2: FROM transaction_users
             ^

[SQL: SELECT transaction_users.id AS transaction_users_id, transaction_users.user_seq AS transaction_users_user_seq, transaction_users.user_name AS transaction_users_user_name, transaction_users.country_code AS transaction_users_country_code, transaction_users.id_type AS transaction_users_id_type, transaction_users.birth_date AS transaction_users_birth_date, transaction_users.register_date AS transaction_users_register_date, transaction_users.first_transaction_date AS transaction_users_first_transaction_date, transaction_users.status AS transaction_users_status, transaction_users.ban_reason AS transaction_users_ban_reason, transaction_users.created_at AS transaction_users_created_at, transaction_users.updated_at AS transaction_users_updated_at 
FROM transaction_users]
(Background on this error at: https://sqlalche.me/e/20/f405)
2025-11-25 23:54:34,217 WARNING Falling back to random user generation
2025-11-25 23:54:34,222 INFO ✓ RAW sent seq=181 | user=3827611 name=John Robinson amount=$598.23
2025-11-25 23:54:34,224 ERROR Failed to load users from database: (psycopg2.errors.UndefinedTable) relation "transaction_users" does not exist
LINE 2: FROM transaction_users
             ^

[SQL: SELECT transaction_users.id AS transaction_users_id, transaction_users.user_seq AS transaction_users_user_seq, transaction_users.user_name AS transaction_users_user_name, transaction_users.country_code AS transaction_users_country_code, transaction_users.id_type AS transaction_users_id_type, transaction_users.birth_date AS transaction_users_birth_date, transaction_users.register_date AS transaction_users_register_date, transaction_users.first_transaction_date AS transaction_users_first_transaction_date, transaction_users.status AS transaction_users_status, transaction_users.ban_reason AS transaction_users_ban_reason, transaction_users.created_at AS transaction_users_created_at, transaction_users.updated_at AS transaction_users_updated_at 
FROM transaction_users]
(Background on this error at: https://sqlalche.me/e/20/f405)
2025-11-25 23:54:34,225 WARNING Falling back to random user generation
2025-11-25 23:54:34,228 INFO ✓ RAW sent seq=182 | user=5516418 name=Gabriel Floyd amount=$855.41
2025-11-25 23:54:34,230 ERROR Failed to load users from database: (psycopg2.errors.UndefinedTable) relation "transaction_users" does not exist
LINE 2: FROM transaction_users
             ^

[SQL: SELECT transaction_users.id AS transaction_users_id, transaction_users.user_seq AS transaction_users_user_seq, transaction_users.user_name AS transaction_users_user_name, transaction_users.country_code AS transaction_users_country_code, transaction_users.id_type AS transaction_users_id_type, transaction_users.birth_date AS transaction_users_birth_date, transaction_users.register_date AS transaction_users_register_date, transaction_users.first_transaction_date AS transaction_users_first_transaction_date, transaction_users.status AS transaction_users_status, transaction_users.ban_reason AS transaction_users_ban_reason, transaction_users.created_at AS transaction_users_created_at, transaction_users.updated_at AS transaction_users_updated_at 
FROM transaction_users]
(Background on this error at: https://sqlalche.me/e/20/f405)
2025-11-25 23:54:34,230 WARNING Falling back to random user generation
2025-11-25 23:54:34,233 INFO 🚨 FRAUD sent seq=183 type=high_velocity | user=5312978 tx_24h=95 amt_24h=$48447 payment=WALLET
2025-11-25 23:54:36,236 ERROR Failed to load users from database: (psycopg2.errors.UndefinedTable) relation "transaction_users" does not exist
LINE 2: FROM transaction_users
             ^

[SQL: SELECT transaction_users.id AS transaction_users_id, transaction_users.user_seq AS transaction_users_user_seq, transaction_users.user_name AS transaction_users_user_name, transaction_users.country_code AS transaction_users_country_code, transaction_users.id_type AS transaction_users_id_type, transaction_users.birth_date AS transaction_users_birth_date, transaction_users.register_date AS transaction_users_register_date, transaction_users.first_transaction_date AS transaction_users_first_transaction_date, transaction_users.status AS transaction_users_status, transaction_users.ban_reason AS transaction_users_ban_reason, transaction_users.created_at AS transaction_users_created_at, transaction_users.updated_at AS transaction_users_updated_at 
FROM transaction_users]
(Background on this error at: https://sqlalche.me/e/20/f405)
2025-11-25 23:54:36,236 WARNING Falling back to random user generation
2025-11-25 23:54:36,241 INFO ✓ RAW sent seq=184 | user=2968437 name=Sierra Osborn amount=$996.37
2025-11-25 23:54:36,243 ERROR Failed to load users from database: (psycopg2.errors.UndefinedTable) relation "transaction_users" does not exist
LINE 2: FROM transaction_users
             ^

[SQL: SELECT transaction_users.id AS transaction_users_id, transaction_users.user_seq AS transaction_users_user_seq, transaction_users.user_name AS transaction_users_user_name, transaction_users.country_code AS transaction_users_country_code, transaction_users.id_type AS transaction_users_id_type, transaction_users.birth_date AS transaction_users_birth_date, transaction_users.register_date AS transaction_users_register_date, transaction_users.first_transaction_date AS transaction_users_first_transaction_date, transaction_users.status AS transaction_users_status, transaction_users.ban_reason AS transaction_users_ban_reason, transaction_users.created_at AS transaction_users_created_at, transaction_users.updated_at AS transaction_users_updated_at 
FROM transaction_users]
(Background on this error at: https://sqlalche.me/e/20/f405)
2025-11-25 23:54:36,243 WARNING Falling back to random user generation
2025-11-25 23:54:36,246 INFO ✓ RAW sent seq=185 | user=1619560 name=William Cruz amount=$48.94
2025-11-25 23:54:36,247 ERROR Failed to load users from database: (psycopg2.errors.UndefinedTable) relation "transaction_users" does not exist
LINE 2: FROM transaction_users
             ^

[SQL: SELECT transaction_users.id AS transaction_users_id, transaction_users.user_seq AS transaction_users_user_seq, transaction_users.user_name AS transaction_users_user_name, transaction_users.country_code AS transaction_users_country_code, transaction_users.id_type AS transaction_users_id_type, transaction_users.birth_date AS transaction_users_birth_date, transaction_users.register_date AS transaction_users_register_date, transaction_users.first_transaction_date AS transaction_users_first_transaction_date, transaction_users.status AS transaction_users_status, transaction_users.ban_reason AS transaction_users_ban_reason, transaction_users.created_at AS transaction_users_created_at, transaction_users.updated_at AS transaction_users_updated_at 
FROM transaction_users]
(Background on this error at: https://sqlalche.me/e/20/f405)
2025-11-25 23:54:36,247 WARNING Falling back to random user generation
2025-11-25 23:54:36,250 INFO 🚨 FRAUD sent seq=186 type=cross_border | user=8760861 tx_24h=61 amt_24h=$28805 payment=CARD
2025-11-25 23:54:38,253 ERROR Failed to load users from database: (psycopg2.errors.UndefinedTable) relation "transaction_users" does not exist
LINE 2: FROM transaction_users
             ^

[SQL: SELECT transaction_users.id AS transaction_users_id, transaction_users.user_seq AS transaction_users_user_seq, transaction_users.user_name AS transaction_users_user_name, transaction_users.country_code AS transaction_users_country_code, transaction_users.id_type AS transaction_users_id_type, transaction_users.birth_date AS transaction_users_birth_date, transaction_users.register_date AS transaction_users_register_date, transaction_users.first_transaction_date AS transaction_users_first_transaction_date, transaction_users.status AS transaction_users_status, transaction_users.ban_reason AS transaction_users_ban_reason, transaction_users.created_at AS transaction_users_created_at, transaction_users.updated_at AS transaction_users_updated_at 
FROM transaction_users]
(Background on this error at: https://sqlalche.me/e/20/f405)
2025-11-25 23:54:38,253 WARNING Falling back to random user generation
2025-11-25 23:54:38,259 INFO ✓ RAW sent seq=187 | user=4814961 name=Cindy Tapia DDS amount=$130.88
2025-11-25 23:54:40,262 ERROR Failed to load users from database: (psycopg2.errors.UndefinedTable) relation "transaction_users" does not exist
LINE 2: FROM transaction_users
             ^

[SQL: SELECT transaction_users.id AS transaction_users_id, transaction_users.user_seq AS transaction_users_user_seq, transaction_users.user_name AS transaction_users_user_name, transaction_users.country_code AS transaction_users_country_code, transaction_users.id_type AS transaction_users_id_type, transaction_users.birth_date AS transaction_users_birth_date, transaction_users.register_date AS transaction_users_register_date, transaction_users.first_transaction_date AS transaction_users_first_transaction_date, transaction_users.status AS transaction_users_status, transaction_users.ban_reason AS transaction_users_ban_reason, transaction_users.created_at AS transaction_users_created_at, transaction_users.updated_at AS transaction_users_updated_at 
FROM transaction_users]
(Background on this error at: https://sqlalche.me/e/20/f405)
2025-11-25 23:54:40,263 WARNING Falling back to random user generation
2025-11-25 23:54:40,267 INFO ✓ RAW sent seq=188 | user=9690286 name=Deborah Higgins amount=$566.14
2025-11-25 23:54:40,269 ERROR Failed to load users from database: (psycopg2.errors.UndefinedTable) relation "transaction_users" does not exist
LINE 2: FROM transaction_users
             ^

[SQL: SELECT transaction_users.id AS transaction_users_id, transaction_users.user_seq AS transaction_users_user_seq, transaction_users.user_name AS transaction_users_user_name, transaction_users.country_code AS transaction_users_country_code, transaction_users.id_type AS transaction_users_id_type, transaction_users.birth_date AS transaction_users_birth_date, transaction_users.register_date AS transaction_users_register_date, transaction_users.first_transaction_date AS transaction_users_first_transaction_date, transaction_users.status AS transaction_users_status, transaction_users.ban_reason AS transaction_users_ban_reason, transaction_users.created_at AS transaction_users_created_at, transaction_users.updated_at AS transaction_users_updated_at 
FROM transaction_users]
(Background on this error at: https://sqlalche.me/e/20/f405)
2025-11-25 23:54:40,269 WARNING Falling back to random user generation
2025-11-25 23:54:40,272 INFO ✓ RAW sent seq=189 | user=2751869 name=Belinda Blevins amount=$567.4
2025-11-25 23:54:40,274 ERROR Failed to load users from database: (psycopg2.errors.UndefinedTable) relation "transaction_users" does not exist
LINE 2: FROM transaction_users
             ^

[SQL: SELECT transaction_users.id AS transaction_users_id, transaction_users.user_seq AS transaction_users_user_seq, transaction_users.user_name AS transaction_users_user_name, transaction_users.country_code AS transaction_users_country_code, transaction_users.id_type AS transaction_users_id_type, transaction_users.birth_date AS transaction_users_birth_date, transaction_users.register_date AS transaction_users_register_date, transaction_users.first_transaction_date AS transaction_users_first_transaction_date, transaction_users.status AS transaction_users_status, transaction_users.ban_reason AS transaction_users_ban_reason, transaction_users.created_at AS transaction_users_created_at, transaction_users.updated_at AS transaction_users_updated_at 
FROM transaction_users]
(Background on this error at: https://sqlalche.me/e/20/f405)
2025-11-25 23:54:40,274 WARNING Falling back to random user generation
2025-11-25 23:54:40,277 INFO ✓ RAW sent seq=190 | user=6794993 name=Michael Kelley amount=$488.82
2025-11-25 23:54:42,280 ERROR Failed to load users from database: (psycopg2.errors.UndefinedTable) relation "transaction_users" does not exist
LINE 2: FROM transaction_users
             ^

[SQL: SELECT transaction_users.id AS transaction_users_id, transaction_users.user_seq AS transaction_users_user_seq, transaction_users.user_name AS transaction_users_user_name, transaction_users.country_code AS transaction_users_country_code, transaction_users.id_type AS transaction_users_id_type, transaction_users.birth_date AS transaction_users_birth_date, transaction_users.register_date AS transaction_users_register_date, transaction_users.first_transaction_date AS transaction_users_first_transaction_date, transaction_users.status AS transaction_users_status, transaction_users.ban_reason AS transaction_users_ban_reason, transaction_users.created_at AS transaction_users_created_at, transaction_users.updated_at AS transaction_users_updated_at 
FROM transaction_users]
(Background on this error at: https://sqlalche.me/e/20/f405)
2025-11-25 23:54:42,281 WARNING Falling back to random user generation
2025-11-25 23:54:42,287 INFO ✓ RAW sent seq=191 | user=4086265 name=Christopher Powers amount=$973.14
2025-11-25 23:54:44,289 ERROR Failed to load users from database: (psycopg2.errors.UndefinedTable) relation "transaction_users" does not exist
LINE 2: FROM transaction_users
             ^

[SQL: SELECT transaction_users.id AS transaction_users_id, transaction_users.user_seq AS transaction_users_user_seq, transaction_users.user_name AS transaction_users_user_name, transaction_users.country_code AS transaction_users_country_code, transaction_users.id_type AS transaction_users_id_type, transaction_users.birth_date AS transaction_users_birth_date, transaction_users.register_date AS transaction_users_register_date, transaction_users.first_transaction_date AS transaction_users_first_transaction_date, transaction_users.status AS transaction_users_status, transaction_users.ban_reason AS transaction_users_ban_reason, transaction_users.created_at AS transaction_users_created_at, transaction_users.updated_at AS transaction_users_updated_at 
FROM transaction_users]
(Background on this error at: https://sqlalche.me/e/20/f405)
2025-11-25 23:54:44,289 WARNING Falling back to random user generation
2025-11-25 23:54:44,293 INFO 🚨 FRAUD sent seq=192 type=cross_border | user=4621286 tx_24h=70 amt_24h=$31985 payment=CRYPTO
2025-11-25 23:54:44,294 ERROR Failed to load users from database: (psycopg2.errors.UndefinedTable) relation "transaction_users" does not exist
LINE 2: FROM transaction_users
             ^

[SQL: SELECT transaction_users.id AS transaction_users_id, transaction_users.user_seq AS transaction_users_user_seq, transaction_users.user_name AS transaction_users_user_name, transaction_users.country_code AS transaction_users_country_code, transaction_users.id_type AS transaction_users_id_type, transaction_users.birth_date AS transaction_users_birth_date, transaction_users.register_date AS transaction_users_register_date, transaction_users.first_transaction_date AS transaction_users_first_transaction_date, transaction_users.status AS transaction_users_status, transaction_users.ban_reason AS transaction_users_ban_reason, transaction_users.created_at AS transaction_users_created_at, transaction_users.updated_at AS transaction_users_updated_at 
FROM transaction_users]
(Background on this error at: https://sqlalche.me/e/20/f405)
2025-11-25 23:54:44,295 WARNING Falling back to random user generation
2025-11-25 23:54:44,298 INFO ✓ RAW sent seq=193 | user=7705382 name=Amanda Washington amount=$987.22
2025-11-25 23:54:46,301 ERROR Failed to load users from database: (psycopg2.errors.UndefinedTable) relation "transaction_users" does not exist
LINE 2: FROM transaction_users
             ^

[SQL: SELECT transaction_users.id AS transaction_users_id, transaction_users.user_seq AS transaction_users_user_seq, transaction_users.user_name AS transaction_users_user_name, transaction_users.country_code AS transaction_users_country_code, transaction_users.id_type AS transaction_users_id_type, transaction_users.birth_date AS transaction_users_birth_date, transaction_users.register_date AS transaction_users_register_date, transaction_users.first_transaction_date AS transaction_users_first_transaction_date, transaction_users.status AS transaction_users_status, transaction_users.ban_reason AS transaction_users_ban_reason, transaction_users.created_at AS transaction_users_created_at, transaction_users.updated_at AS transaction_users_updated_at 
FROM transaction_users]
(Background on this error at: https://sqlalche.me/e/20/f405)
2025-11-25 23:54:46,301 WARNING Falling back to random user generation
2025-11-25 23:54:46,306 INFO ✓ RAW sent seq=194 | user=9930492 name=Amanda Perkins amount=$21.66
2025-11-25 23:54:48,309 ERROR Failed to load users from database: (psycopg2.errors.UndefinedTable) relation "transaction_users" does not exist
LINE 2: FROM transaction_users
             ^

[SQL: SELECT transaction_users.id AS transaction_users_id, transaction_users.user_seq AS transaction_users_user_seq, transaction_users.user_name AS transaction_users_user_name, transaction_users.country_code AS transaction_users_country_code, transaction_users.id_type AS transaction_users_id_type, transaction_users.birth_date AS transaction_users_birth_date, transaction_users.register_date AS transaction_users_register_date, transaction_users.first_transaction_date AS transaction_users_first_transaction_date, transaction_users.status AS transaction_users_status, transaction_users.ban_reason AS transaction_users_ban_reason, transaction_users.created_at AS transaction_users_created_at, transaction_users.updated_at AS transaction_users_updated_at 
FROM transaction_users]
(Background on this error at: https://sqlalche.me/e/20/f405)
2025-11-25 23:54:48,310 WARNING Falling back to random user generation
2025-11-25 23:54:48,315 INFO ✓ RAW sent seq=195 | user=9594399 name=Tina Nielsen amount=$199.62
2025-11-25 23:54:48,318 ERROR Failed to load users from database: (psycopg2.errors.UndefinedTable) relation "transaction_users" does not exist
LINE 2: FROM transaction_users
             ^

[SQL: SELECT transaction_users.id AS transaction_users_id, transaction_users.user_seq AS transaction_users_user_seq, transaction_users.user_name AS transaction_users_user_name, transaction_users.country_code AS transaction_users_country_code, transaction_users.id_type AS transaction_users_id_type, transaction_users.birth_date AS transaction_users_birth_date, transaction_users.register_date AS transaction_users_register_date, transaction_users.first_transaction_date AS transaction_users_first_transaction_date, transaction_users.status AS transaction_users_status, transaction_users.ban_reason AS transaction_users_ban_reason, transaction_users.created_at AS transaction_users_created_at, transaction_users.updated_at AS transaction_users_updated_at 
FROM transaction_users]
(Background on this error at: https://sqlalche.me/e/20/f405)
2025-11-25 23:54:48,318 WARNING Falling back to random user generation
2025-11-25 23:54:48,323 INFO ✓ RAW sent seq=196 | user=4863941 name=Thomas Rice amount=$142.49
2025-11-25 23:54:48,325 ERROR Failed to load users from database: (psycopg2.errors.UndefinedTable) relation "transaction_users" does not exist
LINE 2: FROM transaction_users
             ^

[SQL: SELECT transaction_users.id AS transaction_users_id, transaction_users.user_seq AS transaction_users_user_seq, transaction_users.user_name AS transaction_users_user_name, transaction_users.country_code AS transaction_users_country_code, transaction_users.id_type AS transaction_users_id_type, transaction_users.birth_date AS transaction_users_birth_date, transaction_users.register_date AS transaction_users_register_date, transaction_users.first_transaction_date AS transaction_users_first_transaction_date, transaction_users.status AS transaction_users_status, transaction_users.ban_reason AS transaction_users_ban_reason, transaction_users.created_at AS transaction_users_created_at, transaction_users.updated_at AS transaction_users_updated_at 
FROM transaction_users]
(Background on this error at: https://sqlalche.me/e/20/f405)
2025-11-25 23:54:48,325 WARNING Falling back to random user generation
2025-11-25 23:54:48,330 INFO ✓ RAW sent seq=197 | user=4087346 name=Kimberly Martin amount=$25.65
2025-11-25 23:54:50,333 ERROR Failed to load users from database: (psycopg2.errors.UndefinedTable) relation "transaction_users" does not exist
LINE 2: FROM transaction_users
             ^

[SQL: SELECT transaction_users.id AS transaction_users_id, transaction_users.user_seq AS transaction_users_user_seq, transaction_users.user_name AS transaction_users_user_name, transaction_users.country_code AS transaction_users_country_code, transaction_users.id_type AS transaction_users_id_type, transaction_users.birth_date AS transaction_users_birth_date, transaction_users.register_date AS transaction_users_register_date, transaction_users.first_transaction_date AS transaction_users_first_transaction_date, transaction_users.status AS transaction_users_status, transaction_users.ban_reason AS transaction_users_ban_reason, transaction_users.created_at AS transaction_users_created_at, transaction_users.updated_at AS transaction_users_updated_at 
FROM transaction_users]
(Background on this error at: https://sqlalche.me/e/20/f405)
2025-11-25 23:54:50,333 WARNING Falling back to random user generation
2025-11-25 23:54:50,337 INFO 🚨 FRAUD sent seq=198 type=cross_border | user=6711623 tx_24h=68 amt_24h=$32395 payment=WALLET
2025-11-25 23:54:52,340 ERROR Failed to load users from database: (psycopg2.errors.UndefinedTable) relation "transaction_users" does not exist
LINE 2: FROM transaction_users
             ^

[SQL: SELECT transaction_users.id AS transaction_users_id, transaction_users.user_seq AS transaction_users_user_seq, transaction_users.user_name AS transaction_users_user_name, transaction_users.country_code AS transaction_users_country_code, transaction_users.id_type AS transaction_users_id_type, transaction_users.birth_date AS transaction_users_birth_date, transaction_users.register_date AS transaction_users_register_date, transaction_users.first_transaction_date AS transaction_users_first_transaction_date, transaction_users.status AS transaction_users_status, transaction_users.ban_reason AS transaction_users_ban_reason, transaction_users.created_at AS transaction_users_created_at, transaction_users.updated_at AS transaction_users_updated_at 
FROM transaction_users]
(Background on this error at: https://sqlalche.me/e/20/f405)
2025-11-25 23:54:52,340 WARNING Falling back to random user generation
2025-11-25 23:54:52,346 INFO ✓ RAW sent seq=199 | user=3199797 name=Ashlee Suarez amount=$801.2
2025-11-25 23:54:52,347 ERROR Failed to load users from database: (psycopg2.errors.UndefinedTable) relation "transaction_users" does not exist
LINE 2: FROM transaction_users
             ^

[SQL: SELECT transaction_users.id AS transaction_users_id, transaction_users.user_seq AS transaction_users_user_seq, transaction_users.user_name AS transaction_users_user_name, transaction_users.country_code AS transaction_users_country_code, transaction_users.id_type AS transaction_users_id_type, transaction_users.birth_date AS transaction_users_birth_date, transaction_users.register_date AS transaction_users_register_date, transaction_users.first_transaction_date AS transaction_users_first_transaction_date, transaction_users.status AS transaction_users_status, transaction_users.ban_reason AS transaction_users_ban_reason, transaction_users.created_at AS transaction_users_created_at, transaction_users.updated_at AS transaction_users_updated_at 
FROM transaction_users]
(Background on this error at: https://sqlalche.me/e/20/f405)
2025-11-25 23:54:52,347 WARNING Falling back to random user generation
2025-11-25 23:54:52,350 INFO ✓ RAW sent seq=200 | user=9960072 name=Andrew Smith amount=$558.82
2025-11-25 23:54:52,352 ERROR Failed to load users from database: (psycopg2.errors.UndefinedTable) relation "transaction_users" does not exist
LINE 2: FROM transaction_users
             ^

[SQL: SELECT transaction_users.id AS transaction_users_id, transaction_users.user_seq AS transaction_users_user_seq, transaction_users.user_name AS transaction_users_user_name, transaction_users.country_code AS transaction_users_country_code, transaction_users.id_type AS transaction_users_id_type, transaction_users.birth_date AS transaction_users_birth_date, transaction_users.register_date AS transaction_users_register_date, transaction_users.first_transaction_date AS transaction_users_first_transaction_date, transaction_users.status AS transaction_users_status, transaction_users.ban_reason AS transaction_users_ban_reason, transaction_users.created_at AS transaction_users_created_at, transaction_users.updated_at AS transaction_users_updated_at 
FROM transaction_users]
(Background on this error at: https://sqlalche.me/e/20/f405)
2025-11-25 23:54:52,352 WARNING Falling back to random user generation
2025-11-25 23:54:52,355 INFO ✓ RAW sent seq=201 | user=6048796 name=Sara Welch amount=$683.88
2025-11-25 23:54:54,357 ERROR Failed to load users from database: (psycopg2.errors.UndefinedTable) relation "transaction_users" does not exist
LINE 2: FROM transaction_users
             ^

[SQL: SELECT transaction_users.id AS transaction_users_id, transaction_users.user_seq AS transaction_users_user_seq, transaction_users.user_name AS transaction_users_user_name, transaction_users.country_code AS transaction_users_country_code, transaction_users.id_type AS transaction_users_id_type, transaction_users.birth_date AS transaction_users_birth_date, transaction_users.register_date AS transaction_users_register_date, transaction_users.first_transaction_date AS transaction_users_first_transaction_date, transaction_users.status AS transaction_users_status, transaction_users.ban_reason AS transaction_users_ban_reason, transaction_users.created_at AS transaction_users_created_at, transaction_users.updated_at AS transaction_users_updated_at 
FROM transaction_users]
(Background on this error at: https://sqlalche.me/e/20/f405)
2025-11-25 23:54:54,358 WARNING Falling back to random user generation
2025-11-25 23:54:54,363 INFO ✓ RAW sent seq=202 | user=5293661 name=Kaitlyn Brown amount=$158.42
2025-11-25 23:54:54,365 ERROR Failed to load users from database: (psycopg2.errors.UndefinedTable) relation "transaction_users" does not exist
LINE 2: FROM transaction_users
             ^

[SQL: SELECT transaction_users.id AS transaction_users_id, transaction_users.user_seq AS transaction_users_user_seq, transaction_users.user_name AS transaction_users_user_name, transaction_users.country_code AS transaction_users_country_code, transaction_users.id_type AS transaction_users_id_type, transaction_users.birth_date AS transaction_users_birth_date, transaction_users.register_date AS transaction_users_register_date, transaction_users.first_transaction_date AS transaction_users_first_transaction_date, transaction_users.status AS transaction_users_status, transaction_users.ban_reason AS transaction_users_ban_reason, transaction_users.created_at AS transaction_users_created_at, transaction_users.updated_at AS transaction_users_updated_at 
FROM transaction_users]
(Background on this error at: https://sqlalche.me/e/20/f405)
2025-11-25 23:54:54,365 WARNING Falling back to random user generation
2025-11-25 23:54:54,368 INFO 🚨 FRAUD sent seq=203 type=large_amount | user=5166158 tx_24h=6 amt_24h=$59179 payment=CRYPTO
2025-11-25 23:54:56,372 ERROR Failed to load users from database: (psycopg2.errors.UndefinedTable) relation "transaction_users" does not exist
LINE 2: FROM transaction_users
             ^

[SQL: SELECT transaction_users.id AS transaction_users_id, transaction_users.user_seq AS transaction_users_user_seq, transaction_users.user_name AS transaction_users_user_name, transaction_users.country_code AS transaction_users_country_code, transaction_users.id_type AS transaction_users_id_type, transaction_users.birth_date AS transaction_users_birth_date, transaction_users.register_date AS transaction_users_register_date, transaction_users.first_transaction_date AS transaction_users_first_transaction_date, transaction_users.status AS transaction_users_status, transaction_users.ban_reason AS transaction_users_ban_reason, transaction_users.created_at AS transaction_users_created_at, transaction_users.updated_at AS transaction_users_updated_at 
FROM transaction_users]
(Background on this error at: https://sqlalche.me/e/20/f405)
2025-11-25 23:54:56,373 WARNING Falling back to random user generation
2025-11-25 23:54:56,379 INFO ✓ RAW sent seq=204 | user=8099372 name=Andrew Marshall II amount=$49.51
2025-11-25 23:54:56,381 ERROR Failed to load users from database: (psycopg2.errors.UndefinedTable) relation "transaction_users" does not exist
LINE 2: FROM transaction_users
             ^

[SQL: SELECT transaction_users.id AS transaction_users_id, transaction_users.user_seq AS transaction_users_user_seq, transaction_users.user_name AS transaction_users_user_name, transaction_users.country_code AS transaction_users_country_code, transaction_users.id_type AS transaction_users_id_type, transaction_users.birth_date AS transaction_users_birth_date, transaction_users.register_date AS transaction_users_register_date, transaction_users.first_transaction_date AS transaction_users_first_transaction_date, transaction_users.status AS transaction_users_status, transaction_users.ban_reason AS transaction_users_ban_reason, transaction_users.created_at AS transaction_users_created_at, transaction_users.updated_at AS transaction_users_updated_at 
FROM transaction_users]
(Background on this error at: https://sqlalche.me/e/20/f405)
2025-11-25 23:54:56,381 WARNING Falling back to random user generation
2025-11-25 23:54:56,384 INFO 🚨 FRAUD sent seq=205 type=cross_border | user=1760851 tx_24h=53 amt_24h=$21615 payment=WALLET
2025-11-25 23:54:58,387 ERROR Failed to load users from database: (psycopg2.errors.UndefinedTable) relation "transaction_users" does not exist
LINE 2: FROM transaction_users
             ^

[SQL: SELECT transaction_users.id AS transaction_users_id, transaction_users.user_seq AS transaction_users_user_seq, transaction_users.user_name AS transaction_users_user_name, transaction_users.country_code AS transaction_users_country_code, transaction_users.id_type AS transaction_users_id_type, transaction_users.birth_date AS transaction_users_birth_date, transaction_users.register_date AS transaction_users_register_date, transaction_users.first_transaction_date AS transaction_users_first_transaction_date, transaction_users.status AS transaction_users_status, transaction_users.ban_reason AS transaction_users_ban_reason, transaction_users.created_at AS transaction_users_created_at, transaction_users.updated_at AS transaction_users_updated_at 
FROM transaction_users]
(Background on this error at: https://sqlalche.me/e/20/f405)
2025-11-25 23:54:58,387 WARNING Falling back to random user generation
2025-11-25 23:54:58,392 INFO ✓ RAW sent seq=206 | user=9986961 name=Andre Lin amount=$288.05
2025-11-25 23:55:00,395 ERROR Failed to load users from database: (psycopg2.errors.UndefinedTable) relation "transaction_users" does not exist
LINE 2: FROM transaction_users
             ^

[SQL: SELECT transaction_users.id AS transaction_users_id, transaction_users.user_seq AS transaction_users_user_seq, transaction_users.user_name AS transaction_users_user_name, transaction_users.country_code AS transaction_users_country_code, transaction_users.id_type AS transaction_users_id_type, transaction_users.birth_date AS transaction_users_birth_date, transaction_users.register_date AS transaction_users_register_date, transaction_users.first_transaction_date AS transaction_users_first_transaction_date, transaction_users.status AS transaction_users_status, transaction_users.ban_reason AS transaction_users_ban_reason, transaction_users.created_at AS transaction_users_created_at, transaction_users.updated_at AS transaction_users_updated_at 
FROM transaction_users]
(Background on this error at: https://sqlalche.me/e/20/f405)
2025-11-25 23:55:00,395 WARNING Falling back to random user generation
2025-11-25 23:55:00,402 INFO ✓ RAW sent seq=207 | user=2397907 name=Andrew Moore amount=$474.91
2025-11-25 23:55:00,404 ERROR Failed to load users from database: (psycopg2.errors.UndefinedTable) relation "transaction_users" does not exist
LINE 2: FROM transaction_users
             ^

[SQL: SELECT transaction_users.id AS transaction_users_id, transaction_users.user_seq AS transaction_users_user_seq, transaction_users.user_name AS transaction_users_user_name, transaction_users.country_code AS transaction_users_country_code, transaction_users.id_type AS transaction_users_id_type, transaction_users.birth_date AS transaction_users_birth_date, transaction_users.register_date AS transaction_users_register_date, transaction_users.first_transaction_date AS transaction_users_first_transaction_date, transaction_users.status AS transaction_users_status, transaction_users.ban_reason AS transaction_users_ban_reason, transaction_users.created_at AS transaction_users_created_at, transaction_users.updated_at AS transaction_users_updated_at 
FROM transaction_users]
(Background on this error at: https://sqlalche.me/e/20/f405)
2025-11-25 23:55:00,404 WARNING Falling back to random user generation
2025-11-25 23:55:00,407 INFO 🚨 FRAUD sent seq=208 type=mixed_pattern | user=6673170 tx_24h=78 amt_24h=$38947 payment=CRYPTO
2025-11-25 23:55:02,409 ERROR Failed to load users from database: (psycopg2.errors.UndefinedTable) relation "transaction_users" does not exist
LINE 2: FROM transaction_users
             ^

[SQL: SELECT transaction_users.id AS transaction_users_id, transaction_users.user_seq AS transaction_users_user_seq, transaction_users.user_name AS transaction_users_user_name, transaction_users.country_code AS transaction_users_country_code, transaction_users.id_type AS transaction_users_id_type, transaction_users.birth_date AS transaction_users_birth_date, transaction_users.register_date AS transaction_users_register_date, transaction_users.first_transaction_date AS transaction_users_first_transaction_date, transaction_users.status AS transaction_users_status, transaction_users.ban_reason AS transaction_users_ban_reason, transaction_users.created_at AS transaction_users_created_at, transaction_users.updated_at AS transaction_users_updated_at 
FROM transaction_users]
(Background on this error at: https://sqlalche.me/e/20/f405)
2025-11-25 23:55:02,409 WARNING Falling back to random user generation
2025-11-25 23:55:02,414 INFO 🚨 FRAUD sent seq=209 type=crypto_suspicious | user=8595516 tx_24h=85 amt_24h=$33140 payment=CRYPTO
2025-11-25 23:55:04,417 ERROR Failed to load users from database: (psycopg2.errors.UndefinedTable) relation "transaction_users" does not exist
LINE 2: FROM transaction_users
             ^

[SQL: SELECT transaction_users.id AS transaction_users_id, transaction_users.user_seq AS transaction_users_user_seq, transaction_users.user_name AS transaction_users_user_name, transaction_users.country_code AS transaction_users_country_code, transaction_users.id_type AS transaction_users_id_type, transaction_users.birth_date AS transaction_users_birth_date, transaction_users.register_date AS transaction_users_register_date, transaction_users.first_transaction_date AS transaction_users_first_transaction_date, transaction_users.status AS transaction_users_status, transaction_users.ban_reason AS transaction_users_ban_reason, transaction_users.created_at AS transaction_users_created_at, transaction_users.updated_at AS transaction_users_updated_at 
FROM transaction_users]
(Background on this error at: https://sqlalche.me/e/20/f405)
2025-11-25 23:55:04,418 WARNING Falling back to random user generation
2025-11-25 23:55:04,424 INFO ✓ RAW sent seq=210 | user=3813108 name=Whitney Galloway amount=$715.95
2025-11-25 23:55:04,427 ERROR Failed to load users from database: (psycopg2.errors.UndefinedTable) relation "transaction_users" does not exist
LINE 2: FROM transaction_users
             ^

[SQL: SELECT transaction_users.id AS transaction_users_id, transaction_users.user_seq AS transaction_users_user_seq, transaction_users.user_name AS transaction_users_user_name, transaction_users.country_code AS transaction_users_country_code, transaction_users.id_type AS transaction_users_id_type, transaction_users.birth_date AS transaction_users_birth_date, transaction_users.register_date AS transaction_users_register_date, transaction_users.first_transaction_date AS transaction_users_first_transaction_date, transaction_users.status AS transaction_users_status, transaction_users.ban_reason AS transaction_users_ban_reason, transaction_users.created_at AS transaction_users_created_at, transaction_users.updated_at AS transaction_users_updated_at 
FROM transaction_users]
(Background on this error at: https://sqlalche.me/e/20/f405)
2025-11-25 23:55:04,427 WARNING Falling back to random user generation
2025-11-25 23:55:04,429 INFO ✓ RAW sent seq=211 | user=1461685 name=William Wagner amount=$978.93
2025-11-25 23:55:04,431 ERROR Failed to load users from database: (psycopg2.errors.UndefinedTable) relation "transaction_users" does not exist
LINE 2: FROM transaction_users
             ^

[SQL: SELECT transaction_users.id AS transaction_users_id, transaction_users.user_seq AS transaction_users_user_seq, transaction_users.user_name AS transaction_users_user_name, transaction_users.country_code AS transaction_users_country_code, transaction_users.id_type AS transaction_users_id_type, transaction_users.birth_date AS transaction_users_birth_date, transaction_users.register_date AS transaction_users_register_date, transaction_users.first_transaction_date AS transaction_users_first_transaction_date, transaction_users.status AS transaction_users_status, transaction_users.ban_reason AS transaction_users_ban_reason, transaction_users.created_at AS transaction_users_created_at, transaction_users.updated_at AS transaction_users_updated_at 
FROM transaction_users]
(Background on this error at: https://sqlalche.me/e/20/f405)
2025-11-25 23:55:04,431 WARNING Falling back to random user generation
2025-11-25 23:55:04,433 INFO ✓ RAW sent seq=212 | user=5257329 name=Cynthia Reilly amount=$111.38
2025-11-25 23:55:06,437 ERROR Failed to load users from database: (psycopg2.errors.UndefinedTable) relation "transaction_users" does not exist
LINE 2: FROM transaction_users
             ^

[SQL: SELECT transaction_users.id AS transaction_users_id, transaction_users.user_seq AS transaction_users_user_seq, transaction_users.user_name AS transaction_users_user_name, transaction_users.country_code AS transaction_users_country_code, transaction_users.id_type AS transaction_users_id_type, transaction_users.birth_date AS transaction_users_birth_date, transaction_users.register_date AS transaction_users_register_date, transaction_users.first_transaction_date AS transaction_users_first_transaction_date, transaction_users.status AS transaction_users_status, transaction_users.ban_reason AS transaction_users_ban_reason, transaction_users.created_at AS transaction_users_created_at, transaction_users.updated_at AS transaction_users_updated_at 
FROM transaction_users]
(Background on this error at: https://sqlalche.me/e/20/f405)
2025-11-25 23:55:06,437 WARNING Falling back to random user generation
2025-11-25 23:55:06,442 INFO ✓ RAW sent seq=213 | user=2762811 name=Rachel Owens amount=$242.37
2025-11-25 23:55:06,444 ERROR Failed to load users from database: (psycopg2.errors.UndefinedTable) relation "transaction_users" does not exist
LINE 2: FROM transaction_users
             ^

[SQL: SELECT transaction_users.id AS transaction_users_id, transaction_users.user_seq AS transaction_users_user_seq, transaction_users.user_name AS transaction_users_user_name, transaction_users.country_code AS transaction_users_country_code, transaction_users.id_type AS transaction_users_id_type, transaction_users.birth_date AS transaction_users_birth_date, transaction_users.register_date AS transaction_users_register_date, transaction_users.first_transaction_date AS transaction_users_first_transaction_date, transaction_users.status AS transaction_users_status, transaction_users.ban_reason AS transaction_users_ban_reason, transaction_users.created_at AS transaction_users_created_at, transaction_users.updated_at AS transaction_users_updated_at 
FROM transaction_users]
(Background on this error at: https://sqlalche.me/e/20/f405)
2025-11-25 23:55:06,444 WARNING Falling back to random user generation
2025-11-25 23:55:06,448 INFO ✓ RAW sent seq=214 | user=8980238 name=Carla Johnson amount=$183.65
2025-11-25 23:55:06,449 ERROR Failed to load users from database: (psycopg2.errors.UndefinedTable) relation "transaction_users" does not exist
LINE 2: FROM transaction_users
             ^

[SQL: SELECT transaction_users.id AS transaction_users_id, transaction_users.user_seq AS transaction_users_user_seq, transaction_users.user_name AS transaction_users_user_name, transaction_users.country_code AS transaction_users_country_code, transaction_users.id_type AS transaction_users_id_type, transaction_users.birth_date AS transaction_users_birth_date, transaction_users.register_date AS transaction_users_register_date, transaction_users.first_transaction_date AS transaction_users_first_transaction_date, transaction_users.status AS transaction_users_status, transaction_users.ban_reason AS transaction_users_ban_reason, transaction_users.created_at AS transaction_users_created_at, transaction_users.updated_at AS transaction_users_updated_at 
FROM transaction_users]
(Background on this error at: https://sqlalche.me/e/20/f405)
2025-11-25 23:55:06,449 WARNING Falling back to random user generation
2025-11-25 23:55:06,451 INFO ✓ RAW sent seq=215 | user=8726633 name=Lauren Pena amount=$810.53
2025-11-25 23:55:08,454 ERROR Failed to load users from database: (psycopg2.errors.UndefinedTable) relation "transaction_users" does not exist
LINE 2: FROM transaction_users
             ^

[SQL: SELECT transaction_users.id AS transaction_users_id, transaction_users.user_seq AS transaction_users_user_seq, transaction_users.user_name AS transaction_users_user_name, transaction_users.country_code AS transaction_users_country_code, transaction_users.id_type AS transaction_users_id_type, transaction_users.birth_date AS transaction_users_birth_date, transaction_users.register_date AS transaction_users_register_date, transaction_users.first_transaction_date AS transaction_users_first_transaction_date, transaction_users.status AS transaction_users_status, transaction_users.ban_reason AS transaction_users_ban_reason, transaction_users.created_at AS transaction_users_created_at, transaction_users.updated_at AS transaction_users_updated_at 
FROM transaction_users]
(Background on this error at: https://sqlalche.me/e/20/f405)
2025-11-25 23:55:08,455 WARNING Falling back to random user generation
2025-11-25 23:55:08,460 INFO ✓ RAW sent seq=216 | user=5041544 name=Alexander Norris amount=$33.83
2025-11-25 23:55:10,463 ERROR Failed to load users from database: (psycopg2.errors.UndefinedTable) relation "transaction_users" does not exist
LINE 2: FROM transaction_users
             ^

[SQL: SELECT transaction_users.id AS transaction_users_id, transaction_users.user_seq AS transaction_users_user_seq, transaction_users.user_name AS transaction_users_user_name, transaction_users.country_code AS transaction_users_country_code, transaction_users.id_type AS transaction_users_id_type, transaction_users.birth_date AS transaction_users_birth_date, transaction_users.register_date AS transaction_users_register_date, transaction_users.first_transaction_date AS transaction_users_first_transaction_date, transaction_users.status AS transaction_users_status, transaction_users.ban_reason AS transaction_users_ban_reason, transaction_users.created_at AS transaction_users_created_at, transaction_users.updated_at AS transaction_users_updated_at 
FROM transaction_users]
(Background on this error at: https://sqlalche.me/e/20/f405)
2025-11-25 23:55:10,463 WARNING Falling back to random user generation
2025-11-25 23:55:10,469 INFO ✓ RAW sent seq=217 | user=3927169 name=Lisa White amount=$688.88
2025-11-25 23:55:10,471 ERROR Failed to load users from database: (psycopg2.errors.UndefinedTable) relation "transaction_users" does not exist
LINE 2: FROM transaction_users
             ^

[SQL: SELECT transaction_users.id AS transaction_users_id, transaction_users.user_seq AS transaction_users_user_seq, transaction_users.user_name AS transaction_users_user_name, transaction_users.country_code AS transaction_users_country_code, transaction_users.id_type AS transaction_users_id_type, transaction_users.birth_date AS transaction_users_birth_date, transaction_users.register_date AS transaction_users_register_date, transaction_users.first_transaction_date AS transaction_users_first_transaction_date, transaction_users.status AS transaction_users_status, transaction_users.ban_reason AS transaction_users_ban_reason, transaction_users.created_at AS transaction_users_created_at, transaction_users.updated_at AS transaction_users_updated_at 
FROM transaction_users]
(Background on this error at: https://sqlalche.me/e/20/f405)
2025-11-25 23:55:10,471 WARNING Falling back to random user generation
2025-11-25 23:55:10,473 INFO ✓ RAW sent seq=218 | user=6083535 name=Kayla Nichols amount=$962.05
2025-11-25 23:55:12,477 ERROR Failed to load users from database: (psycopg2.errors.UndefinedTable) relation "transaction_users" does not exist
LINE 2: FROM transaction_users
             ^

[SQL: SELECT transaction_users.id AS transaction_users_id, transaction_users.user_seq AS transaction_users_user_seq, transaction_users.user_name AS transaction_users_user_name, transaction_users.country_code AS transaction_users_country_code, transaction_users.id_type AS transaction_users_id_type, transaction_users.birth_date AS transaction_users_birth_date, transaction_users.register_date AS transaction_users_register_date, transaction_users.first_transaction_date AS transaction_users_first_transaction_date, transaction_users.status AS transaction_users_status, transaction_users.ban_reason AS transaction_users_ban_reason, transaction_users.created_at AS transaction_users_created_at, transaction_users.updated_at AS transaction_users_updated_at 
FROM transaction_users]
(Background on this error at: https://sqlalche.me/e/20/f405)
2025-11-25 23:55:12,477 WARNING Falling back to random user generation
2025-11-25 23:55:12,483 INFO ✓ RAW sent seq=219 | user=6022524 name=Deborah Sanford amount=$61.24
2025-11-25 23:55:14,486 ERROR Failed to load users from database: (psycopg2.errors.UndefinedTable) relation "transaction_users" does not exist
LINE 2: FROM transaction_users
             ^

[SQL: SELECT transaction_users.id AS transaction_users_id, transaction_users.user_seq AS transaction_users_user_seq, transaction_users.user_name AS transaction_users_user_name, transaction_users.country_code AS transaction_users_country_code, transaction_users.id_type AS transaction_users_id_type, transaction_users.birth_date AS transaction_users_birth_date, transaction_users.register_date AS transaction_users_register_date, transaction_users.first_transaction_date AS transaction_users_first_transaction_date, transaction_users.status AS transaction_users_status, transaction_users.ban_reason AS transaction_users_ban_reason, transaction_users.created_at AS transaction_users_created_at, transaction_users.updated_at AS transaction_users_updated_at 
FROM transaction_users]
(Background on this error at: https://sqlalche.me/e/20/f405)
2025-11-25 23:55:14,486 WARNING Falling back to random user generation
2025-11-25 23:55:14,492 INFO ✓ RAW sent seq=220 | user=3932284 name=Rachel Ellis amount=$901.4
2025-11-25 23:55:16,496 ERROR Failed to load users from database: (psycopg2.errors.UndefinedTable) relation "transaction_users" does not exist
LINE 2: FROM transaction_users
             ^

[SQL: SELECT transaction_users.id AS transaction_users_id, transaction_users.user_seq AS transaction_users_user_seq, transaction_users.user_name AS transaction_users_user_name, transaction_users.country_code AS transaction_users_country_code, transaction_users.id_type AS transaction_users_id_type, transaction_users.birth_date AS transaction_users_birth_date, transaction_users.register_date AS transaction_users_register_date, transaction_users.first_transaction_date AS transaction_users_first_transaction_date, transaction_users.status AS transaction_users_status, transaction_users.ban_reason AS transaction_users_ban_reason, transaction_users.created_at AS transaction_users_created_at, transaction_users.updated_at AS transaction_users_updated_at 
FROM transaction_users]
(Background on this error at: https://sqlalche.me/e/20/f405)
2025-11-25 23:55:16,496 WARNING Falling back to random user generation
2025-11-25 23:55:16,502 INFO ✓ RAW sent seq=221 | user=9041051 name=Abigail Sanders amount=$226.51
2025-11-25 23:55:16,504 ERROR Failed to load users from database: (psycopg2.errors.UndefinedTable) relation "transaction_users" does not exist
LINE 2: FROM transaction_users
             ^

[SQL: SELECT transaction_users.id AS transaction_users_id, transaction_users.user_seq AS transaction_users_user_seq, transaction_users.user_name AS transaction_users_user_name, transaction_users.country_code AS transaction_users_country_code, transaction_users.id_type AS transaction_users_id_type, transaction_users.birth_date AS transaction_users_birth_date, transaction_users.register_date AS transaction_users_register_date, transaction_users.first_transaction_date AS transaction_users_first_transaction_date, transaction_users.status AS transaction_users_status, transaction_users.ban_reason AS transaction_users_ban_reason, transaction_users.created_at AS transaction_users_created_at, transaction_users.updated_at AS transaction_users_updated_at 
FROM transaction_users]
(Background on this error at: https://sqlalche.me/e/20/f405)
2025-11-25 23:55:16,504 WARNING Falling back to random user generation
2025-11-25 23:55:16,508 INFO ✓ RAW sent seq=222 | user=1118245 name=Karen Reynolds amount=$723.42
2025-11-25 23:55:16,509 ERROR Failed to load users from database: (psycopg2.errors.UndefinedTable) relation "transaction_users" does not exist
LINE 2: FROM transaction_users
             ^

[SQL: SELECT transaction_users.id AS transaction_users_id, transaction_users.user_seq AS transaction_users_user_seq, transaction_users.user_name AS transaction_users_user_name, transaction_users.country_code AS transaction_users_country_code, transaction_users.id_type AS transaction_users_id_type, transaction_users.birth_date AS transaction_users_birth_date, transaction_users.register_date AS transaction_users_register_date, transaction_users.first_transaction_date AS transaction_users_first_transaction_date, transaction_users.status AS transaction_users_status, transaction_users.ban_reason AS transaction_users_ban_reason, transaction_users.created_at AS transaction_users_created_at, transaction_users.updated_at AS transaction_users_updated_at 
FROM transaction_users]
(Background on this error at: https://sqlalche.me/e/20/f405)
2025-11-25 23:55:16,509 WARNING Falling back to random user generation
2025-11-25 23:55:16,512 INFO ✓ RAW sent seq=223 | user=9610644 name=Peter Anderson amount=$710.7
2025-11-25 23:55:18,515 ERROR Failed to load users from database: (psycopg2.errors.UndefinedTable) relation "transaction_users" does not exist
LINE 2: FROM transaction_users
             ^

[SQL: SELECT transaction_users.id AS transaction_users_id, transaction_users.user_seq AS transaction_users_user_seq, transaction_users.user_name AS transaction_users_user_name, transaction_users.country_code AS transaction_users_country_code, transaction_users.id_type AS transaction_users_id_type, transaction_users.birth_date AS transaction_users_birth_date, transaction_users.register_date AS transaction_users_register_date, transaction_users.first_transaction_date AS transaction_users_first_transaction_date, transaction_users.status AS transaction_users_status, transaction_users.ban_reason AS transaction_users_ban_reason, transaction_users.created_at AS transaction_users_created_at, transaction_users.updated_at AS transaction_users_updated_at 
FROM transaction_users]
(Background on this error at: https://sqlalche.me/e/20/f405)
2025-11-25 23:55:18,515 WARNING Falling back to random user generation
2025-11-25 23:55:18,520 INFO ✓ RAW sent seq=224 | user=2758402 name=Courtney Harrison amount=$720.05
2025-11-25 23:55:18,522 ERROR Failed to load users from database: (psycopg2.errors.UndefinedTable) relation "transaction_users" does not exist
LINE 2: FROM transaction_users
             ^

[SQL: SELECT transaction_users.id AS transaction_users_id, transaction_users.user_seq AS transaction_users_user_seq, transaction_users.user_name AS transaction_users_user_name, transaction_users.country_code AS transaction_users_country_code, transaction_users.id_type AS transaction_users_id_type, transaction_users.birth_date AS transaction_users_birth_date, transaction_users.register_date AS transaction_users_register_date, transaction_users.first_transaction_date AS transaction_users_first_transaction_date, transaction_users.status AS transaction_users_status, transaction_users.ban_reason AS transaction_users_ban_reason, transaction_users.created_at AS transaction_users_created_at, transaction_users.updated_at AS transaction_users_updated_at 
FROM transaction_users]
(Background on this error at: https://sqlalche.me/e/20/f405)
2025-11-25 23:55:18,522 WARNING Falling back to random user generation
2025-11-25 23:55:18,525 INFO ✓ RAW sent seq=225 | user=8200758 name=David Marsh amount=$312.93
2025-11-25 23:55:18,527 ERROR Failed to load users from database: (psycopg2.errors.UndefinedTable) relation "transaction_users" does not exist
LINE 2: FROM transaction_users
             ^

[SQL: SELECT transaction_users.id AS transaction_users_id, transaction_users.user_seq AS transaction_users_user_seq, transaction_users.user_name AS transaction_users_user_name, transaction_users.country_code AS transaction_users_country_code, transaction_users.id_type AS transaction_users_id_type, transaction_users.birth_date AS transaction_users_birth_date, transaction_users.register_date AS transaction_users_register_date, transaction_users.first_transaction_date AS transaction_users_first_transaction_date, transaction_users.status AS transaction_users_status, transaction_users.ban_reason AS transaction_users_ban_reason, transaction_users.created_at AS transaction_users_created_at, transaction_users.updated_at AS transaction_users_updated_at 
FROM transaction_users]
(Background on this error at: https://sqlalche.me/e/20/f405)
2025-11-25 23:55:18,527 WARNING Falling back to random user generation
2025-11-25 23:55:18,529 INFO ✓ RAW sent seq=226 | user=4183848 name=Mrs. Katelyn Mcclure amount=$219.54
2025-11-25 23:55:20,532 ERROR Failed to load users from database: (psycopg2.errors.UndefinedTable) relation "transaction_users" does not exist
LINE 2: FROM transaction_users
             ^

[SQL: SELECT transaction_users.id AS transaction_users_id, transaction_users.user_seq AS transaction_users_user_seq, transaction_users.user_name AS transaction_users_user_name, transaction_users.country_code AS transaction_users_country_code, transaction_users.id_type AS transaction_users_id_type, transaction_users.birth_date AS transaction_users_birth_date, transaction_users.register_date AS transaction_users_register_date, transaction_users.first_transaction_date AS transaction_users_first_transaction_date, transaction_users.status AS transaction_users_status, transaction_users.ban_reason AS transaction_users_ban_reason, transaction_users.created_at AS transaction_users_created_at, transaction_users.updated_at AS transaction_users_updated_at 
FROM transaction_users]
(Background on this error at: https://sqlalche.me/e/20/f405)
2025-11-25 23:55:20,533 WARNING Falling back to random user generation
2025-11-25 23:55:20,538 INFO ✓ RAW sent seq=227 | user=1735252 name=Glen Bowers amount=$169.54
2025-11-25 23:55:20,540 ERROR Failed to load users from database: (psycopg2.errors.UndefinedTable) relation "transaction_users" does not exist
LINE 2: FROM transaction_users
             ^

[SQL: SELECT transaction_users.id AS transaction_users_id, transaction_users.user_seq AS transaction_users_user_seq, transaction_users.user_name AS transaction_users_user_name, transaction_users.country_code AS transaction_users_country_code, transaction_users.id_type AS transaction_users_id_type, transaction_users.birth_date AS transaction_users_birth_date, transaction_users.register_date AS transaction_users_register_date, transaction_users.first_transaction_date AS transaction_users_first_transaction_date, transaction_users.status AS transaction_users_status, transaction_users.ban_reason AS transaction_users_ban_reason, transaction_users.created_at AS transaction_users_created_at, transaction_users.updated_at AS transaction_users_updated_at 
FROM transaction_users]
(Background on this error at: https://sqlalche.me/e/20/f405)
2025-11-25 23:55:20,540 WARNING Falling back to random user generation
2025-11-25 23:55:20,543 INFO 🚨 FRAUD sent seq=228 type=large_amount | user=6513806 tx_24h=3 amt_24h=$45609 payment=CRYPTO
2025-11-25 23:55:22,546 ERROR Failed to load users from database: (psycopg2.errors.UndefinedTable) relation "transaction_users" does not exist
LINE 2: FROM transaction_users
             ^

[SQL: SELECT transaction_users.id AS transaction_users_id, transaction_users.user_seq AS transaction_users_user_seq, transaction_users.user_name AS transaction_users_user_name, transaction_users.country_code AS transaction_users_country_code, transaction_users.id_type AS transaction_users_id_type, transaction_users.birth_date AS transaction_users_birth_date, transaction_users.register_date AS transaction_users_register_date, transaction_users.first_transaction_date AS transaction_users_first_transaction_date, transaction_users.status AS transaction_users_status, transaction_users.ban_reason AS transaction_users_ban_reason, transaction_users.created_at AS transaction_users_created_at, transaction_users.updated_at AS transaction_users_updated_at 
FROM transaction_users]
(Background on this error at: https://sqlalche.me/e/20/f405)
2025-11-25 23:55:22,546 WARNING Falling back to random user generation
2025-11-25 23:55:22,551 INFO ✓ RAW sent seq=229 | user=8785063 name=Stacie Russell amount=$194.77
2025-11-25 23:55:24,555 ERROR Failed to load users from database: (psycopg2.errors.UndefinedTable) relation "transaction_users" does not exist
LINE 2: FROM transaction_users
             ^

[SQL: SELECT transaction_users.id AS transaction_users_id, transaction_users.user_seq AS transaction_users_user_seq, transaction_users.user_name AS transaction_users_user_name, transaction_users.country_code AS transaction_users_country_code, transaction_users.id_type AS transaction_users_id_type, transaction_users.birth_date AS transaction_users_birth_date, transaction_users.register_date AS transaction_users_register_date, transaction_users.first_transaction_date AS transaction_users_first_transaction_date, transaction_users.status AS transaction_users_status, transaction_users.ban_reason AS transaction_users_ban_reason, transaction_users.created_at AS transaction_users_created_at, transaction_users.updated_at AS transaction_users_updated_at 
FROM transaction_users]
(Background on this error at: https://sqlalche.me/e/20/f405)
2025-11-25 23:55:24,555 WARNING Falling back to random user generation
2025-11-25 23:55:24,561 INFO ✓ RAW sent seq=230 | user=4036361 name=Katie Kim amount=$719.45
2025-11-25 23:55:26,564 ERROR Failed to load users from database: (psycopg2.errors.UndefinedTable) relation "transaction_users" does not exist
LINE 2: FROM transaction_users
             ^

[SQL: SELECT transaction_users.id AS transaction_users_id, transaction_users.user_seq AS transaction_users_user_seq, transaction_users.user_name AS transaction_users_user_name, transaction_users.country_code AS transaction_users_country_code, transaction_users.id_type AS transaction_users_id_type, transaction_users.birth_date AS transaction_users_birth_date, transaction_users.register_date AS transaction_users_register_date, transaction_users.first_transaction_date AS transaction_users_first_transaction_date, transaction_users.status AS transaction_users_status, transaction_users.ban_reason AS transaction_users_ban_reason, transaction_users.created_at AS transaction_users_created_at, transaction_users.updated_at AS transaction_users_updated_at 
FROM transaction_users]
(Background on this error at: https://sqlalche.me/e/20/f405)
2025-11-25 23:55:26,564 WARNING Falling back to random user generation
2025-11-25 23:55:26,569 INFO 🚨 FRAUD sent seq=231 type=cross_border | user=5482933 tx_24h=74 amt_24h=$25678 payment=CARD
2025-11-25 23:55:26,572 ERROR Failed to load users from database: (psycopg2.errors.UndefinedTable) relation "transaction_users" does not exist
LINE 2: FROM transaction_users
             ^

[SQL: SELECT transaction_users.id AS transaction_users_id, transaction_users.user_seq AS transaction_users_user_seq, transaction_users.user_name AS transaction_users_user_name, transaction_users.country_code AS transaction_users_country_code, transaction_users.id_type AS transaction_users_id_type, transaction_users.birth_date AS transaction_users_birth_date, transaction_users.register_date AS transaction_users_register_date, transaction_users.first_transaction_date AS transaction_users_first_transaction_date, transaction_users.status AS transaction_users_status, transaction_users.ban_reason AS transaction_users_ban_reason, transaction_users.created_at AS transaction_users_created_at, transaction_users.updated_at AS transaction_users_updated_at 
FROM transaction_users]
(Background on this error at: https://sqlalche.me/e/20/f405)
2025-11-25 23:55:26,572 WARNING Falling back to random user generation
2025-11-25 23:55:26,576 INFO ✓ RAW sent seq=232 | user=1369068 name=Henry Salazar amount=$118.79
2025-11-25 23:55:28,579 ERROR Failed to load users from database: (psycopg2.errors.UndefinedTable) relation "transaction_users" does not exist
LINE 2: FROM transaction_users
             ^

[SQL: SELECT transaction_users.id AS transaction_users_id, transaction_users.user_seq AS transaction_users_user_seq, transaction_users.user_name AS transaction_users_user_name, transaction_users.country_code AS transaction_users_country_code, transaction_users.id_type AS transaction_users_id_type, transaction_users.birth_date AS transaction_users_birth_date, transaction_users.register_date AS transaction_users_register_date, transaction_users.first_transaction_date AS transaction_users_first_transaction_date, transaction_users.status AS transaction_users_status, transaction_users.ban_reason AS transaction_users_ban_reason, transaction_users.created_at AS transaction_users_created_at, transaction_users.updated_at AS transaction_users_updated_at 
FROM transaction_users]
(Background on this error at: https://sqlalche.me/e/20/f405)
2025-11-25 23:55:28,579 WARNING Falling back to random user generation
2025-11-25 23:55:28,585 INFO ✓ RAW sent seq=233 | user=9592634 name=Vanessa Graham amount=$861.68
2025-11-25 23:55:30,588 ERROR Failed to load users from database: (psycopg2.errors.UndefinedTable) relation "transaction_users" does not exist
LINE 2: FROM transaction_users
             ^

[SQL: SELECT transaction_users.id AS transaction_users_id, transaction_users.user_seq AS transaction_users_user_seq, transaction_users.user_name AS transaction_users_user_name, transaction_users.country_code AS transaction_users_country_code, transaction_users.id_type AS transaction_users_id_type, transaction_users.birth_date AS transaction_users_birth_date, transaction_users.register_date AS transaction_users_register_date, transaction_users.first_transaction_date AS transaction_users_first_transaction_date, transaction_users.status AS transaction_users_status, transaction_users.ban_reason AS transaction_users_ban_reason, transaction_users.created_at AS transaction_users_created_at, transaction_users.updated_at AS transaction_users_updated_at 
FROM transaction_users]
(Background on this error at: https://sqlalche.me/e/20/f405)
2025-11-25 23:55:30,589 WARNING Falling back to random user generation
2025-11-25 23:55:30,594 INFO 🚨 FRAUD sent seq=234 type=cross_border | user=1494527 tx_24h=74 amt_24h=$21380 payment=CRYPTO
2025-11-25 23:55:30,597 ERROR Failed to load users from database: (psycopg2.errors.UndefinedTable) relation "transaction_users" does not exist
LINE 2: FROM transaction_users
             ^

[SQL: SELECT transaction_users.id AS transaction_users_id, transaction_users.user_seq AS transaction_users_user_seq, transaction_users.user_name AS transaction_users_user_name, transaction_users.country_code AS transaction_users_country_code, transaction_users.id_type AS transaction_users_id_type, transaction_users.birth_date AS transaction_users_birth_date, transaction_users.register_date AS transaction_users_register_date, transaction_users.first_transaction_date AS transaction_users_first_transaction_date, transaction_users.status AS transaction_users_status, transaction_users.ban_reason AS transaction_users_ban_reason, transaction_users.created_at AS transaction_users_created_at, transaction_users.updated_at AS transaction_users_updated_at 
FROM transaction_users]
(Background on this error at: https://sqlalche.me/e/20/f405)
2025-11-25 23:55:30,597 WARNING Falling back to random user generation
2025-11-25 23:55:30,600 INFO ✓ RAW sent seq=235 | user=8825459 name=Edward Baker amount=$727.4
2025-11-25 23:55:30,601 ERROR Failed to load users from database: (psycopg2.errors.UndefinedTable) relation "transaction_users" does not exist
LINE 2: FROM transaction_users
             ^

[SQL: SELECT transaction_users.id AS transaction_users_id, transaction_users.user_seq AS transaction_users_user_seq, transaction_users.user_name AS transaction_users_user_name, transaction_users.country_code AS transaction_users_country_code, transaction_users.id_type AS transaction_users_id_type, transaction_users.birth_date AS transaction_users_birth_date, transaction_users.register_date AS transaction_users_register_date, transaction_users.first_transaction_date AS transaction_users_first_transaction_date, transaction_users.status AS transaction_users_status, transaction_users.ban_reason AS transaction_users_ban_reason, transaction_users.created_at AS transaction_users_created_at, transaction_users.updated_at AS transaction_users_updated_at 
FROM transaction_users]
(Background on this error at: https://sqlalche.me/e/20/f405)
2025-11-25 23:55:30,601 WARNING Falling back to random user generation
2025-11-25 23:55:30,604 INFO ✓ RAW sent seq=236 | user=5079677 name=Dana Jones amount=$796.18
2025-11-25 23:55:32,607 ERROR Failed to load users from database: (psycopg2.errors.UndefinedTable) relation "transaction_users" does not exist
LINE 2: FROM transaction_users
             ^

[SQL: SELECT transaction_users.id AS transaction_users_id, transaction_users.user_seq AS transaction_users_user_seq, transaction_users.user_name AS transaction_users_user_name, transaction_users.country_code AS transaction_users_country_code, transaction_users.id_type AS transaction_users_id_type, transaction_users.birth_date AS transaction_users_birth_date, transaction_users.register_date AS transaction_users_register_date, transaction_users.first_transaction_date AS transaction_users_first_transaction_date, transaction_users.status AS transaction_users_status, transaction_users.ban_reason AS transaction_users_ban_reason, transaction_users.created_at AS transaction_users_created_at, transaction_users.updated_at AS transaction_users_updated_at 
FROM transaction_users]
(Background on this error at: https://sqlalche.me/e/20/f405)
2025-11-25 23:55:32,607 WARNING Falling back to random user generation
2025-11-25 23:55:32,611 INFO ✓ RAW sent seq=237 | user=1080911 name=Cory Hernandez amount=$203.2
2025-11-25 23:55:32,613 ERROR Failed to load users from database: (psycopg2.errors.UndefinedTable) relation "transaction_users" does not exist
LINE 2: FROM transaction_users
             ^

[SQL: SELECT transaction_users.id AS transaction_users_id, transaction_users.user_seq AS transaction_users_user_seq, transaction_users.user_name AS transaction_users_user_name, transaction_users.country_code AS transaction_users_country_code, transaction_users.id_type AS transaction_users_id_type, transaction_users.birth_date AS transaction_users_birth_date, transaction_users.register_date AS transaction_users_register_date, transaction_users.first_transaction_date AS transaction_users_first_transaction_date, transaction_users.status AS transaction_users_status, transaction_users.ban_reason AS transaction_users_ban_reason, transaction_users.created_at AS transaction_users_created_at, transaction_users.updated_at AS transaction_users_updated_at 
FROM transaction_users]
(Background on this error at: https://sqlalche.me/e/20/f405)
2025-11-25 23:55:32,613 WARNING Falling back to random user generation
2025-11-25 23:55:32,615 INFO ✓ RAW sent seq=238 | user=2090116 name=Cesar Smith amount=$822.0
2025-11-25 23:55:34,618 ERROR Failed to load users from database: (psycopg2.errors.UndefinedTable) relation "transaction_users" does not exist
LINE 2: FROM transaction_users
             ^

[SQL: SELECT transaction_users.id AS transaction_users_id, transaction_users.user_seq AS transaction_users_user_seq, transaction_users.user_name AS transaction_users_user_name, transaction_users.country_code AS transaction_users_country_code, transaction_users.id_type AS transaction_users_id_type, transaction_users.birth_date AS transaction_users_birth_date, transaction_users.register_date AS transaction_users_register_date, transaction_users.first_transaction_date AS transaction_users_first_transaction_date, transaction_users.status AS transaction_users_status, transaction_users.ban_reason AS transaction_users_ban_reason, transaction_users.created_at AS transaction_users_created_at, transaction_users.updated_at AS transaction_users_updated_at 
FROM transaction_users]
(Background on this error at: https://sqlalche.me/e/20/f405)
2025-11-25 23:55:34,619 WARNING Falling back to random user generation
2025-11-25 23:55:34,623 INFO ✓ RAW sent seq=239 | user=8672148 name=Crystal Martin amount=$530.14
2025-11-25 23:55:36,626 ERROR Failed to load users from database: (psycopg2.errors.UndefinedTable) relation "transaction_users" does not exist
LINE 2: FROM transaction_users
             ^

[SQL: SELECT transaction_users.id AS transaction_users_id, transaction_users.user_seq AS transaction_users_user_seq, transaction_users.user_name AS transaction_users_user_name, transaction_users.country_code AS transaction_users_country_code, transaction_users.id_type AS transaction_users_id_type, transaction_users.birth_date AS transaction_users_birth_date, transaction_users.register_date AS transaction_users_register_date, transaction_users.first_transaction_date AS transaction_users_first_transaction_date, transaction_users.status AS transaction_users_status, transaction_users.ban_reason AS transaction_users_ban_reason, transaction_users.created_at AS transaction_users_created_at, transaction_users.updated_at AS transaction_users_updated_at 
FROM transaction_users]
(Background on this error at: https://sqlalche.me/e/20/f405)
2025-11-25 23:55:36,626 WARNING Falling back to random user generation
2025-11-25 23:55:36,632 INFO 🚨 FRAUD sent seq=240 type=crypto_suspicious | user=1533526 tx_24h=48 amt_24h=$28726 payment=CRYPTO
2025-11-25 23:55:36,635 ERROR Failed to load users from database: (psycopg2.errors.UndefinedTable) relation "transaction_users" does not exist
LINE 2: FROM transaction_users
             ^

[SQL: SELECT transaction_users.id AS transaction_users_id, transaction_users.user_seq AS transaction_users_user_seq, transaction_users.user_name AS transaction_users_user_name, transaction_users.country_code AS transaction_users_country_code, transaction_users.id_type AS transaction_users_id_type, transaction_users.birth_date AS transaction_users_birth_date, transaction_users.register_date AS transaction_users_register_date, transaction_users.first_transaction_date AS transaction_users_first_transaction_date, transaction_users.status AS transaction_users_status, transaction_users.ban_reason AS transaction_users_ban_reason, transaction_users.created_at AS transaction_users_created_at, transaction_users.updated_at AS transaction_users_updated_at 
FROM transaction_users]
(Background on this error at: https://sqlalche.me/e/20/f405)
2025-11-25 23:55:36,635 WARNING Falling back to random user generation
2025-11-25 23:55:36,638 INFO ✓ RAW sent seq=241 | user=6338613 name=Laura Wright amount=$239.03
2025-11-25 23:55:36,639 ERROR Failed to load users from database: (psycopg2.errors.UndefinedTable) relation "transaction_users" does not exist
LINE 2: FROM transaction_users
             ^

[SQL: SELECT transaction_users.id AS transaction_users_id, transaction_users.user_seq AS transaction_users_user_seq, transaction_users.user_name AS transaction_users_user_name, transaction_users.country_code AS transaction_users_country_code, transaction_users.id_type AS transaction_users_id_type, transaction_users.birth_date AS transaction_users_birth_date, transaction_users.register_date AS transaction_users_register_date, transaction_users.first_transaction_date AS transaction_users_first_transaction_date, transaction_users.status AS transaction_users_status, transaction_users.ban_reason AS transaction_users_ban_reason, transaction_users.created_at AS transaction_users_created_at, transaction_users.updated_at AS transaction_users_updated_at 
FROM transaction_users]
(Background on this error at: https://sqlalche.me/e/20/f405)
2025-11-25 23:55:36,639 WARNING Falling back to random user generation
2025-11-25 23:55:36,642 INFO 🚨 FRAUD sent seq=242 type=large_amount | user=5383876 tx_24h=7 amt_24h=$37985 payment=BANK
2025-11-25 23:55:38,645 ERROR Failed to load users from database: (psycopg2.errors.UndefinedTable) relation "transaction_users" does not exist
LINE 2: FROM transaction_users
             ^

[SQL: SELECT transaction_users.id AS transaction_users_id, transaction_users.user_seq AS transaction_users_user_seq, transaction_users.user_name AS transaction_users_user_name, transaction_users.country_code AS transaction_users_country_code, transaction_users.id_type AS transaction_users_id_type, transaction_users.birth_date AS transaction_users_birth_date, transaction_users.register_date AS transaction_users_register_date, transaction_users.first_transaction_date AS transaction_users_first_transaction_date, transaction_users.status AS transaction_users_status, transaction_users.ban_reason AS transaction_users_ban_reason, transaction_users.created_at AS transaction_users_created_at, transaction_users.updated_at AS transaction_users_updated_at 
FROM transaction_users]
(Background on this error at: https://sqlalche.me/e/20/f405)
2025-11-25 23:55:38,645 WARNING Falling back to random user generation
2025-11-25 23:55:38,649 INFO ✓ RAW sent seq=243 | user=3892318 name=Allison Williams amount=$849.09
2025-11-25 23:55:40,653 ERROR Failed to load users from database: (psycopg2.errors.UndefinedTable) relation "transaction_users" does not exist
LINE 2: FROM transaction_users
             ^

[SQL: SELECT transaction_users.id AS transaction_users_id, transaction_users.user_seq AS transaction_users_user_seq, transaction_users.user_name AS transaction_users_user_name, transaction_users.country_code AS transaction_users_country_code, transaction_users.id_type AS transaction_users_id_type, transaction_users.birth_date AS transaction_users_birth_date, transaction_users.register_date AS transaction_users_register_date, transaction_users.first_transaction_date AS transaction_users_first_transaction_date, transaction_users.status AS transaction_users_status, transaction_users.ban_reason AS transaction_users_ban_reason, transaction_users.created_at AS transaction_users_created_at, transaction_users.updated_at AS transaction_users_updated_at 
FROM transaction_users]
(Background on this error at: https://sqlalche.me/e/20/f405)
2025-11-25 23:55:40,653 WARNING Falling back to random user generation
2025-11-25 23:55:40,658 INFO ✓ RAW sent seq=244 | user=8442853 name=Samantha Harris amount=$685.24
2025-11-25 23:55:40,660 ERROR Failed to load users from database: (psycopg2.errors.UndefinedTable) relation "transaction_users" does not exist
LINE 2: FROM transaction_users
             ^

[SQL: SELECT transaction_users.id AS transaction_users_id, transaction_users.user_seq AS transaction_users_user_seq, transaction_users.user_name AS transaction_users_user_name, transaction_users.country_code AS transaction_users_country_code, transaction_users.id_type AS transaction_users_id_type, transaction_users.birth_date AS transaction_users_birth_date, transaction_users.register_date AS transaction_users_register_date, transaction_users.first_transaction_date AS transaction_users_first_transaction_date, transaction_users.status AS transaction_users_status, transaction_users.ban_reason AS transaction_users_ban_reason, transaction_users.created_at AS transaction_users_created_at, transaction_users.updated_at AS transaction_users_updated_at 
FROM transaction_users]
(Background on this error at: https://sqlalche.me/e/20/f405)
2025-11-25 23:55:40,660 WARNING Falling back to random user generation
2025-11-25 23:55:40,662 INFO ✓ RAW sent seq=245 | user=4765501 name=Marie Barron amount=$527.88
2025-11-25 23:55:42,665 ERROR Failed to load users from database: (psycopg2.errors.UndefinedTable) relation "transaction_users" does not exist
LINE 2: FROM transaction_users
             ^

[SQL: SELECT transaction_users.id AS transaction_users_id, transaction_users.user_seq AS transaction_users_user_seq, transaction_users.user_name AS transaction_users_user_name, transaction_users.country_code AS transaction_users_country_code, transaction_users.id_type AS transaction_users_id_type, transaction_users.birth_date AS transaction_users_birth_date, transaction_users.register_date AS transaction_users_register_date, transaction_users.first_transaction_date AS transaction_users_first_transaction_date, transaction_users.status AS transaction_users_status, transaction_users.ban_reason AS transaction_users_ban_reason, transaction_users.created_at AS transaction_users_created_at, transaction_users.updated_at AS transaction_users_updated_at 
FROM transaction_users]
(Background on this error at: https://sqlalche.me/e/20/f405)
2025-11-25 23:55:42,666 WARNING Falling back to random user generation
2025-11-25 23:55:42,671 INFO 🚨 FRAUD sent seq=246 type=mixed_pattern | user=2434372 tx_24h=94 amt_24h=$38041 payment=CRYPTO
2025-11-25 23:55:44,674 ERROR Failed to load users from database: (psycopg2.errors.UndefinedTable) relation "transaction_users" does not exist
LINE 2: FROM transaction_users
             ^

[SQL: SELECT transaction_users.id AS transaction_users_id, transaction_users.user_seq AS transaction_users_user_seq, transaction_users.user_name AS transaction_users_user_name, transaction_users.country_code AS transaction_users_country_code, transaction_users.id_type AS transaction_users_id_type, transaction_users.birth_date AS transaction_users_birth_date, transaction_users.register_date AS transaction_users_register_date, transaction_users.first_transaction_date AS transaction_users_first_transaction_date, transaction_users.status AS transaction_users_status, transaction_users.ban_reason AS transaction_users_ban_reason, transaction_users.created_at AS transaction_users_created_at, transaction_users.updated_at AS transaction_users_updated_at 
FROM transaction_users]
(Background on this error at: https://sqlalche.me/e/20/f405)
2025-11-25 23:55:44,674 WARNING Falling back to random user generation
2025-11-25 23:55:44,680 INFO ✓ RAW sent seq=247 | user=1836381 name=Dawn Jones amount=$733.93
2025-11-25 23:55:44,682 ERROR Failed to load users from database: (psycopg2.errors.UndefinedTable) relation "transaction_users" does not exist
LINE 2: FROM transaction_users
             ^

[SQL: SELECT transaction_users.id AS transaction_users_id, transaction_users.user_seq AS transaction_users_user_seq, transaction_users.user_name AS transaction_users_user_name, transaction_users.country_code AS transaction_users_country_code, transaction_users.id_type AS transaction_users_id_type, transaction_users.birth_date AS transaction_users_birth_date, transaction_users.register_date AS transaction_users_register_date, transaction_users.first_transaction_date AS transaction_users_first_transaction_date, transaction_users.status AS transaction_users_status, transaction_users.ban_reason AS transaction_users_ban_reason, transaction_users.created_at AS transaction_users_created_at, transaction_users.updated_at AS transaction_users_updated_at 
FROM transaction_users]
(Background on this error at: https://sqlalche.me/e/20/f405)
2025-11-25 23:55:44,682 WARNING Falling back to random user generation
2025-11-25 23:55:44,685 INFO ✓ RAW sent seq=248 | user=8462783 name=Christine Carey amount=$972.2
2025-11-25 23:55:44,687 ERROR Failed to load users from database: (psycopg2.errors.UndefinedTable) relation "transaction_users" does not exist
LINE 2: FROM transaction_users
             ^

[SQL: SELECT transaction_users.id AS transaction_users_id, transaction_users.user_seq AS transaction_users_user_seq, transaction_users.user_name AS transaction_users_user_name, transaction_users.country_code AS transaction_users_country_code, transaction_users.id_type AS transaction_users_id_type, transaction_users.birth_date AS transaction_users_birth_date, transaction_users.register_date AS transaction_users_register_date, transaction_users.first_transaction_date AS transaction_users_first_transaction_date, transaction_users.status AS transaction_users_status, transaction_users.ban_reason AS transaction_users_ban_reason, transaction_users.created_at AS transaction_users_created_at, transaction_users.updated_at AS transaction_users_updated_at 
FROM transaction_users]
(Background on this error at: https://sqlalche.me/e/20/f405)
2025-11-25 23:55:44,687 WARNING Falling back to random user generation
2025-11-25 23:55:44,691 INFO ✓ RAW sent seq=249 | user=9490208 name=James Hoffman amount=$962.63
2025-11-25 23:55:46,693 ERROR Failed to load users from database: (psycopg2.errors.UndefinedTable) relation "transaction_users" does not exist
LINE 2: FROM transaction_users
             ^

[SQL: SELECT transaction_users.id AS transaction_users_id, transaction_users.user_seq AS transaction_users_user_seq, transaction_users.user_name AS transaction_users_user_name, transaction_users.country_code AS transaction_users_country_code, transaction_users.id_type AS transaction_users_id_type, transaction_users.birth_date AS transaction_users_birth_date, transaction_users.register_date AS transaction_users_register_date, transaction_users.first_transaction_date AS transaction_users_first_transaction_date, transaction_users.status AS transaction_users_status, transaction_users.ban_reason AS transaction_users_ban_reason, transaction_users.created_at AS transaction_users_created_at, transaction_users.updated_at AS transaction_users_updated_at 
FROM transaction_users]
(Background on this error at: https://sqlalche.me/e/20/f405)
2025-11-25 23:55:46,693 WARNING Falling back to random user generation
2025-11-25 23:55:46,699 INFO 🚨 FRAUD sent seq=250 type=large_amount | user=1944347 tx_24h=7 amt_24h=$32572 payment=CASH
2025-11-25 23:55:46,702 ERROR Failed to load users from database: (psycopg2.errors.UndefinedTable) relation "transaction_users" does not exist
LINE 2: FROM transaction_users
             ^

[SQL: SELECT transaction_users.id AS transaction_users_id, transaction_users.user_seq AS transaction_users_user_seq, transaction_users.user_name AS transaction_users_user_name, transaction_users.country_code AS transaction_users_country_code, transaction_users.id_type AS transaction_users_id_type, transaction_users.birth_date AS transaction_users_birth_date, transaction_users.register_date AS transaction_users_register_date, transaction_users.first_transaction_date AS transaction_users_first_transaction_date, transaction_users.status AS transaction_users_status, transaction_users.ban_reason AS transaction_users_ban_reason, transaction_users.created_at AS transaction_users_created_at, transaction_users.updated_at AS transaction_users_updated_at 
FROM transaction_users]
(Background on this error at: https://sqlalche.me/e/20/f405)
2025-11-25 23:55:46,702 WARNING Falling back to random user generation
2025-11-25 23:55:46,705 INFO ✓ RAW sent seq=251 | user=3532497 name=Mary Fernandez amount=$668.99
2025-11-25 23:55:48,708 ERROR Failed to load users from database: (psycopg2.errors.UndefinedTable) relation "transaction_users" does not exist
LINE 2: FROM transaction_users
             ^

[SQL: SELECT transaction_users.id AS transaction_users_id, transaction_users.user_seq AS transaction_users_user_seq, transaction_users.user_name AS transaction_users_user_name, transaction_users.country_code AS transaction_users_country_code, transaction_users.id_type AS transaction_users_id_type, transaction_users.birth_date AS transaction_users_birth_date, transaction_users.register_date AS transaction_users_register_date, transaction_users.first_transaction_date AS transaction_users_first_transaction_date, transaction_users.status AS transaction_users_status, transaction_users.ban_reason AS transaction_users_ban_reason, transaction_users.created_at AS transaction_users_created_at, transaction_users.updated_at AS transaction_users_updated_at 
FROM transaction_users]
(Background on this error at: https://sqlalche.me/e/20/f405)
2025-11-25 23:55:48,708 WARNING Falling back to random user generation
2025-11-25 23:55:48,714 INFO ✓ RAW sent seq=252 | user=9643388 name=Emily Rios amount=$483.79
2025-11-25 23:55:48,716 ERROR Failed to load users from database: (psycopg2.errors.UndefinedTable) relation "transaction_users" does not exist
LINE 2: FROM transaction_users
             ^

[SQL: SELECT transaction_users.id AS transaction_users_id, transaction_users.user_seq AS transaction_users_user_seq, transaction_users.user_name AS transaction_users_user_name, transaction_users.country_code AS transaction_users_country_code, transaction_users.id_type AS transaction_users_id_type, transaction_users.birth_date AS transaction_users_birth_date, transaction_users.register_date AS transaction_users_register_date, transaction_users.first_transaction_date AS transaction_users_first_transaction_date, transaction_users.status AS transaction_users_status, transaction_users.ban_reason AS transaction_users_ban_reason, transaction_users.created_at AS transaction_users_created_at, transaction_users.updated_at AS transaction_users_updated_at 
FROM transaction_users]
(Background on this error at: https://sqlalche.me/e/20/f405)
2025-11-25 23:55:48,716 WARNING Falling back to random user generation
2025-11-25 23:55:48,720 INFO ✓ RAW sent seq=253 | user=7448427 name=Jeffrey Davis amount=$752.1
2025-11-25 23:55:50,723 ERROR Failed to load users from database: (psycopg2.errors.UndefinedTable) relation "transaction_users" does not exist
LINE 2: FROM transaction_users
             ^

[SQL: SELECT transaction_users.id AS transaction_users_id, transaction_users.user_seq AS transaction_users_user_seq, transaction_users.user_name AS transaction_users_user_name, transaction_users.country_code AS transaction_users_country_code, transaction_users.id_type AS transaction_users_id_type, transaction_users.birth_date AS transaction_users_birth_date, transaction_users.register_date AS transaction_users_register_date, transaction_users.first_transaction_date AS transaction_users_first_transaction_date, transaction_users.status AS transaction_users_status, transaction_users.ban_reason AS transaction_users_ban_reason, transaction_users.created_at AS transaction_users_created_at, transaction_users.updated_at AS transaction_users_updated_at 
FROM transaction_users]
(Background on this error at: https://sqlalche.me/e/20/f405)
2025-11-25 23:55:50,724 WARNING Falling back to random user generation
2025-11-25 23:55:50,729 INFO ✓ RAW sent seq=254 | user=3246730 name=Derek Johnson amount=$50.66
2025-11-25 23:55:50,732 ERROR Failed to load users from database: (psycopg2.errors.UndefinedTable) relation "transaction_users" does not exist
LINE 2: FROM transaction_users
             ^

[SQL: SELECT transaction_users.id AS transaction_users_id, transaction_users.user_seq AS transaction_users_user_seq, transaction_users.user_name AS transaction_users_user_name, transaction_users.country_code AS transaction_users_country_code, transaction_users.id_type AS transaction_users_id_type, transaction_users.birth_date AS transaction_users_birth_date, transaction_users.register_date AS transaction_users_register_date, transaction_users.first_transaction_date AS transaction_users_first_transaction_date, transaction_users.status AS transaction_users_status, transaction_users.ban_reason AS transaction_users_ban_reason, transaction_users.created_at AS transaction_users_created_at, transaction_users.updated_at AS transaction_users_updated_at 
FROM transaction_users]
(Background on this error at: https://sqlalche.me/e/20/f405)
2025-11-25 23:55:50,732 WARNING Falling back to random user generation
2025-11-25 23:55:50,736 INFO ✓ RAW sent seq=255 | user=5563459 name=Manuel Sawyer amount=$409.68
2025-11-25 23:55:50,738 ERROR Failed to load users from database: (psycopg2.errors.UndefinedTable) relation "transaction_users" does not exist
LINE 2: FROM transaction_users
             ^

[SQL: SELECT transaction_users.id AS transaction_users_id, transaction_users.user_seq AS transaction_users_user_seq, transaction_users.user_name AS transaction_users_user_name, transaction_users.country_code AS transaction_users_country_code, transaction_users.id_type AS transaction_users_id_type, transaction_users.birth_date AS transaction_users_birth_date, transaction_users.register_date AS transaction_users_register_date, transaction_users.first_transaction_date AS transaction_users_first_transaction_date, transaction_users.status AS transaction_users_status, transaction_users.ban_reason AS transaction_users_ban_reason, transaction_users.created_at AS transaction_users_created_at, transaction_users.updated_at AS transaction_users_updated_at 
FROM transaction_users]
(Background on this error at: https://sqlalche.me/e/20/f405)
2025-11-25 23:55:50,738 WARNING Falling back to random user generation
2025-11-25 23:55:50,741 INFO ✓ RAW sent seq=256 | user=1242183 name=Linda Morrison amount=$996.39
2025-11-25 23:55:52,744 ERROR Failed to load users from database: (psycopg2.errors.UndefinedTable) relation "transaction_users" does not exist
LINE 2: FROM transaction_users
             ^

[SQL: SELECT transaction_users.id AS transaction_users_id, transaction_users.user_seq AS transaction_users_user_seq, transaction_users.user_name AS transaction_users_user_name, transaction_users.country_code AS transaction_users_country_code, transaction_users.id_type AS transaction_users_id_type, transaction_users.birth_date AS transaction_users_birth_date, transaction_users.register_date AS transaction_users_register_date, transaction_users.first_transaction_date AS transaction_users_first_transaction_date, transaction_users.status AS transaction_users_status, transaction_users.ban_reason AS transaction_users_ban_reason, transaction_users.created_at AS transaction_users_created_at, transaction_users.updated_at AS transaction_users_updated_at 
FROM transaction_users]
(Background on this error at: https://sqlalche.me/e/20/f405)
2025-11-25 23:55:52,744 WARNING Falling back to random user generation
2025-11-25 23:55:52,750 INFO ✓ RAW sent seq=257 | user=8644164 name=John Colon amount=$615.61
2025-11-25 23:55:52,752 ERROR Failed to load users from database: (psycopg2.errors.UndefinedTable) relation "transaction_users" does not exist
LINE 2: FROM transaction_users
             ^

[SQL: SELECT transaction_users.id AS transaction_users_id, transaction_users.user_seq AS transaction_users_user_seq, transaction_users.user_name AS transaction_users_user_name, transaction_users.country_code AS transaction_users_country_code, transaction_users.id_type AS transaction_users_id_type, transaction_users.birth_date AS transaction_users_birth_date, transaction_users.register_date AS transaction_users_register_date, transaction_users.first_transaction_date AS transaction_users_first_transaction_date, transaction_users.status AS transaction_users_status, transaction_users.ban_reason AS transaction_users_ban_reason, transaction_users.created_at AS transaction_users_created_at, transaction_users.updated_at AS transaction_users_updated_at 
FROM transaction_users]
(Background on this error at: https://sqlalche.me/e/20/f405)
2025-11-25 23:55:52,752 WARNING Falling back to random user generation
2025-11-25 23:55:52,756 INFO ✓ RAW sent seq=258 | user=5399223 name=Mary Li amount=$25.09
2025-11-25 23:55:54,759 ERROR Failed to load users from database: (psycopg2.errors.UndefinedTable) relation "transaction_users" does not exist
LINE 2: FROM transaction_users
             ^

[SQL: SELECT transaction_users.id AS transaction_users_id, transaction_users.user_seq AS transaction_users_user_seq, transaction_users.user_name AS transaction_users_user_name, transaction_users.country_code AS transaction_users_country_code, transaction_users.id_type AS transaction_users_id_type, transaction_users.birth_date AS transaction_users_birth_date, transaction_users.register_date AS transaction_users_register_date, transaction_users.first_transaction_date AS transaction_users_first_transaction_date, transaction_users.status AS transaction_users_status, transaction_users.ban_reason AS transaction_users_ban_reason, transaction_users.created_at AS transaction_users_created_at, transaction_users.updated_at AS transaction_users_updated_at 
FROM transaction_users]
(Background on this error at: https://sqlalche.me/e/20/f405)
2025-11-25 23:55:54,759 WARNING Falling back to random user generation
2025-11-25 23:55:54,764 INFO ✓ RAW sent seq=259 | user=6881356 name=Kyle Bailey amount=$307.95
2025-11-25 23:55:56,765 ERROR Failed to load users from database: (psycopg2.errors.UndefinedTable) relation "transaction_users" does not exist
LINE 2: FROM transaction_users
             ^

[SQL: SELECT transaction_users.id AS transaction_users_id, transaction_users.user_seq AS transaction_users_user_seq, transaction_users.user_name AS transaction_users_user_name, transaction_users.country_code AS transaction_users_country_code, transaction_users.id_type AS transaction_users_id_type, transaction_users.birth_date AS transaction_users_birth_date, transaction_users.register_date AS transaction_users_register_date, transaction_users.first_transaction_date AS transaction_users_first_transaction_date, transaction_users.status AS transaction_users_status, transaction_users.ban_reason AS transaction_users_ban_reason, transaction_users.created_at AS transaction_users_created_at, transaction_users.updated_at AS transaction_users_updated_at 
FROM transaction_users]
(Background on this error at: https://sqlalche.me/e/20/f405)
2025-11-25 23:55:56,766 WARNING Falling back to random user generation
2025-11-25 23:55:56,769 INFO ✓ RAW sent seq=260 | user=3116475 name=John Hartman amount=$783.43
2025-11-25 23:55:58,771 ERROR Failed to load users from database: (psycopg2.errors.UndefinedTable) relation "transaction_users" does not exist
LINE 2: FROM transaction_users
             ^

[SQL: SELECT transaction_users.id AS transaction_users_id, transaction_users.user_seq AS transaction_users_user_seq, transaction_users.user_name AS transaction_users_user_name, transaction_users.country_code AS transaction_users_country_code, transaction_users.id_type AS transaction_users_id_type, transaction_users.birth_date AS transaction_users_birth_date, transaction_users.register_date AS transaction_users_register_date, transaction_users.first_transaction_date AS transaction_users_first_transaction_date, transaction_users.status AS transaction_users_status, transaction_users.ban_reason AS transaction_users_ban_reason, transaction_users.created_at AS transaction_users_created_at, transaction_users.updated_at AS transaction_users_updated_at 
FROM transaction_users]
(Background on this error at: https://sqlalche.me/e/20/f405)
2025-11-25 23:55:58,771 WARNING Falling back to random user generation
2025-11-25 23:55:58,774 INFO ✓ RAW sent seq=261 | user=7325305 name=Carl Fitzpatrick amount=$553.58
2025-11-25 23:56:00,776 ERROR Failed to load users from database: (psycopg2.errors.UndefinedTable) relation "transaction_users" does not exist
LINE 2: FROM transaction_users
             ^

[SQL: SELECT transaction_users.id AS transaction_users_id, transaction_users.user_seq AS transaction_users_user_seq, transaction_users.user_name AS transaction_users_user_name, transaction_users.country_code AS transaction_users_country_code, transaction_users.id_type AS transaction_users_id_type, transaction_users.birth_date AS transaction_users_birth_date, transaction_users.register_date AS transaction_users_register_date, transaction_users.first_transaction_date AS transaction_users_first_transaction_date, transaction_users.status AS transaction_users_status, transaction_users.ban_reason AS transaction_users_ban_reason, transaction_users.created_at AS transaction_users_created_at, transaction_users.updated_at AS transaction_users_updated_at 
FROM transaction_users]
(Background on this error at: https://sqlalche.me/e/20/f405)
2025-11-25 23:56:00,776 WARNING Falling back to random user generation
2025-11-25 23:56:00,779 INFO ✓ RAW sent seq=262 | user=2166330 name=Kyle Salazar amount=$366.0
2025-11-25 23:56:00,781 ERROR Failed to load users from database: (psycopg2.errors.UndefinedTable) relation "transaction_users" does not exist
LINE 2: FROM transaction_users
             ^

[SQL: SELECT transaction_users.id AS transaction_users_id, transaction_users.user_seq AS transaction_users_user_seq, transaction_users.user_name AS transaction_users_user_name, transaction_users.country_code AS transaction_users_country_code, transaction_users.id_type AS transaction_users_id_type, transaction_users.birth_date AS transaction_users_birth_date, transaction_users.register_date AS transaction_users_register_date, transaction_users.first_transaction_date AS transaction_users_first_transaction_date, transaction_users.status AS transaction_users_status, transaction_users.ban_reason AS transaction_users_ban_reason, transaction_users.created_at AS transaction_users_created_at, transaction_users.updated_at AS transaction_users_updated_at 
FROM transaction_users]
(Background on this error at: https://sqlalche.me/e/20/f405)
2025-11-25 23:56:00,781 WARNING Falling back to random user generation
2025-11-25 23:56:00,784 INFO ✓ RAW sent seq=263 | user=5849697 name=Summer Jones amount=$65.41
2025-11-25 23:56:02,786 ERROR Failed to load users from database: (psycopg2.errors.UndefinedTable) relation "transaction_users" does not exist
LINE 2: FROM transaction_users
             ^

[SQL: SELECT transaction_users.id AS transaction_users_id, transaction_users.user_seq AS transaction_users_user_seq, transaction_users.user_name AS transaction_users_user_name, transaction_users.country_code AS transaction_users_country_code, transaction_users.id_type AS transaction_users_id_type, transaction_users.birth_date AS transaction_users_birth_date, transaction_users.register_date AS transaction_users_register_date, transaction_users.first_transaction_date AS transaction_users_first_transaction_date, transaction_users.status AS transaction_users_status, transaction_users.ban_reason AS transaction_users_ban_reason, transaction_users.created_at AS transaction_users_created_at, transaction_users.updated_at AS transaction_users_updated_at 
FROM transaction_users]
(Background on this error at: https://sqlalche.me/e/20/f405)
2025-11-25 23:56:02,787 WARNING Falling back to random user generation
2025-11-25 23:56:02,792 INFO ✓ RAW sent seq=264 | user=8820129 name=Angel Marsh amount=$559.43
2025-11-25 23:56:02,794 ERROR Failed to load users from database: (psycopg2.errors.UndefinedTable) relation "transaction_users" does not exist
LINE 2: FROM transaction_users
             ^

[SQL: SELECT transaction_users.id AS transaction_users_id, transaction_users.user_seq AS transaction_users_user_seq, transaction_users.user_name AS transaction_users_user_name, transaction_users.country_code AS transaction_users_country_code, transaction_users.id_type AS transaction_users_id_type, transaction_users.birth_date AS transaction_users_birth_date, transaction_users.register_date AS transaction_users_register_date, transaction_users.first_transaction_date AS transaction_users_first_transaction_date, transaction_users.status AS transaction_users_status, transaction_users.ban_reason AS transaction_users_ban_reason, transaction_users.created_at AS transaction_users_created_at, transaction_users.updated_at AS transaction_users_updated_at 
FROM transaction_users]
(Background on this error at: https://sqlalche.me/e/20/f405)
2025-11-25 23:56:02,795 WARNING Falling back to random user generation
2025-11-25 23:56:02,797 INFO ✓ RAW sent seq=265 | user=7083995 name=Tina Klein amount=$418.15
2025-11-25 23:56:02,798 ERROR Failed to load users from database: (psycopg2.errors.UndefinedTable) relation "transaction_users" does not exist
LINE 2: FROM transaction_users
             ^

[SQL: SELECT transaction_users.id AS transaction_users_id, transaction_users.user_seq AS transaction_users_user_seq, transaction_users.user_name AS transaction_users_user_name, transaction_users.country_code AS transaction_users_country_code, transaction_users.id_type AS transaction_users_id_type, transaction_users.birth_date AS transaction_users_birth_date, transaction_users.register_date AS transaction_users_register_date, transaction_users.first_transaction_date AS transaction_users_first_transaction_date, transaction_users.status AS transaction_users_status, transaction_users.ban_reason AS transaction_users_ban_reason, transaction_users.created_at AS transaction_users_created_at, transaction_users.updated_at AS transaction_users_updated_at 
FROM transaction_users]
(Background on this error at: https://sqlalche.me/e/20/f405)
2025-11-25 23:56:02,799 WARNING Falling back to random user generation
2025-11-25 23:56:02,802 INFO ✓ RAW sent seq=266 | user=7921991 name=Cheryl Parker amount=$472.02
2025-11-25 23:56:04,805 ERROR Failed to load users from database: (psycopg2.errors.UndefinedTable) relation "transaction_users" does not exist
LINE 2: FROM transaction_users
             ^

[SQL: SELECT transaction_users.id AS transaction_users_id, transaction_users.user_seq AS transaction_users_user_seq, transaction_users.user_name AS transaction_users_user_name, transaction_users.country_code AS transaction_users_country_code, transaction_users.id_type AS transaction_users_id_type, transaction_users.birth_date AS transaction_users_birth_date, transaction_users.register_date AS transaction_users_register_date, transaction_users.first_transaction_date AS transaction_users_first_transaction_date, transaction_users.status AS transaction_users_status, transaction_users.ban_reason AS transaction_users_ban_reason, transaction_users.created_at AS transaction_users_created_at, transaction_users.updated_at AS transaction_users_updated_at 
FROM transaction_users]
(Background on this error at: https://sqlalche.me/e/20/f405)
2025-11-25 23:56:04,805 WARNING Falling back to random user generation
2025-11-25 23:56:04,811 INFO ✓ RAW sent seq=267 | user=8822845 name=Dawn Clayton amount=$696.2
2025-11-25 23:56:06,814 ERROR Failed to load users from database: (psycopg2.errors.UndefinedTable) relation "transaction_users" does not exist
LINE 2: FROM transaction_users
             ^

[SQL: SELECT transaction_users.id AS transaction_users_id, transaction_users.user_seq AS transaction_users_user_seq, transaction_users.user_name AS transaction_users_user_name, transaction_users.country_code AS transaction_users_country_code, transaction_users.id_type AS transaction_users_id_type, transaction_users.birth_date AS transaction_users_birth_date, transaction_users.register_date AS transaction_users_register_date, transaction_users.first_transaction_date AS transaction_users_first_transaction_date, transaction_users.status AS transaction_users_status, transaction_users.ban_reason AS transaction_users_ban_reason, transaction_users.created_at AS transaction_users_created_at, transaction_users.updated_at AS transaction_users_updated_at 
FROM transaction_users]
(Background on this error at: https://sqlalche.me/e/20/f405)
2025-11-25 23:56:06,814 WARNING Falling back to random user generation
2025-11-25 23:56:06,819 INFO ✓ RAW sent seq=268 | user=3431084 name=Mark Graham amount=$330.48
2025-11-25 23:56:08,822 ERROR Failed to load users from database: (psycopg2.errors.UndefinedTable) relation "transaction_users" does not exist
LINE 2: FROM transaction_users
             ^

[SQL: SELECT transaction_users.id AS transaction_users_id, transaction_users.user_seq AS transaction_users_user_seq, transaction_users.user_name AS transaction_users_user_name, transaction_users.country_code AS transaction_users_country_code, transaction_users.id_type AS transaction_users_id_type, transaction_users.birth_date AS transaction_users_birth_date, transaction_users.register_date AS transaction_users_register_date, transaction_users.first_transaction_date AS transaction_users_first_transaction_date, transaction_users.status AS transaction_users_status, transaction_users.ban_reason AS transaction_users_ban_reason, transaction_users.created_at AS transaction_users_created_at, transaction_users.updated_at AS transaction_users_updated_at 
FROM transaction_users]
(Background on this error at: https://sqlalche.me/e/20/f405)
2025-11-25 23:56:08,822 WARNING Falling back to random user generation
2025-11-25 23:56:08,828 INFO 🚨 FRAUD sent seq=269 type=high_velocity | user=8411461 tx_24h=58 amt_24h=$21456 payment=CASH
2025-11-25 23:56:10,832 ERROR Failed to load users from database: (psycopg2.errors.UndefinedTable) relation "transaction_users" does not exist
LINE 2: FROM transaction_users
             ^

[SQL: SELECT transaction_users.id AS transaction_users_id, transaction_users.user_seq AS transaction_users_user_seq, transaction_users.user_name AS transaction_users_user_name, transaction_users.country_code AS transaction_users_country_code, transaction_users.id_type AS transaction_users_id_type, transaction_users.birth_date AS transaction_users_birth_date, transaction_users.register_date AS transaction_users_register_date, transaction_users.first_transaction_date AS transaction_users_first_transaction_date, transaction_users.status AS transaction_users_status, transaction_users.ban_reason AS transaction_users_ban_reason, transaction_users.created_at AS transaction_users_created_at, transaction_users.updated_at AS transaction_users_updated_at 
FROM transaction_users]
(Background on this error at: https://sqlalche.me/e/20/f405)
2025-11-25 23:56:10,832 WARNING Falling back to random user generation
2025-11-25 23:56:10,836 INFO ✓ RAW sent seq=270 | user=7525091 name=Lucas Ramirez amount=$981.98
2025-11-25 23:56:10,838 ERROR Failed to load users from database: (psycopg2.errors.UndefinedTable) relation "transaction_users" does not exist
LINE 2: FROM transaction_users
             ^

[SQL: SELECT transaction_users.id AS transaction_users_id, transaction_users.user_seq AS transaction_users_user_seq, transaction_users.user_name AS transaction_users_user_name, transaction_users.country_code AS transaction_users_country_code, transaction_users.id_type AS transaction_users_id_type, transaction_users.birth_date AS transaction_users_birth_date, transaction_users.register_date AS transaction_users_register_date, transaction_users.first_transaction_date AS transaction_users_first_transaction_date, transaction_users.status AS transaction_users_status, transaction_users.ban_reason AS transaction_users_ban_reason, transaction_users.created_at AS transaction_users_created_at, transaction_users.updated_at AS transaction_users_updated_at 
FROM transaction_users]
(Background on this error at: https://sqlalche.me/e/20/f405)
2025-11-25 23:56:10,838 WARNING Falling back to random user generation
2025-11-25 23:56:10,842 INFO ✓ RAW sent seq=271 | user=7166635 name=Robert Mosley amount=$59.81
2025-11-25 23:56:12,844 ERROR Failed to load users from database: (psycopg2.errors.UndefinedTable) relation "transaction_users" does not exist
LINE 2: FROM transaction_users
             ^

[SQL: SELECT transaction_users.id AS transaction_users_id, transaction_users.user_seq AS transaction_users_user_seq, transaction_users.user_name AS transaction_users_user_name, transaction_users.country_code AS transaction_users_country_code, transaction_users.id_type AS transaction_users_id_type, transaction_users.birth_date AS transaction_users_birth_date, transaction_users.register_date AS transaction_users_register_date, transaction_users.first_transaction_date AS transaction_users_first_transaction_date, transaction_users.status AS transaction_users_status, transaction_users.ban_reason AS transaction_users_ban_reason, transaction_users.created_at AS transaction_users_created_at, transaction_users.updated_at AS transaction_users_updated_at 
FROM transaction_users]
(Background on this error at: https://sqlalche.me/e/20/f405)
2025-11-25 23:56:12,845 WARNING Falling back to random user generation
2025-11-25 23:56:12,850 INFO 🚨 FRAUD sent seq=272 type=crypto_suspicious | user=5495644 tx_24h=49 amt_24h=$26490 payment=CRYPTO
2025-11-25 23:56:12,853 ERROR Failed to load users from database: (psycopg2.errors.UndefinedTable) relation "transaction_users" does not exist
LINE 2: FROM transaction_users
             ^

[SQL: SELECT transaction_users.id AS transaction_users_id, transaction_users.user_seq AS transaction_users_user_seq, transaction_users.user_name AS transaction_users_user_name, transaction_users.country_code AS transaction_users_country_code, transaction_users.id_type AS transaction_users_id_type, transaction_users.birth_date AS transaction_users_birth_date, transaction_users.register_date AS transaction_users_register_date, transaction_users.first_transaction_date AS transaction_users_first_transaction_date, transaction_users.status AS transaction_users_status, transaction_users.ban_reason AS transaction_users_ban_reason, transaction_users.created_at AS transaction_users_created_at, transaction_users.updated_at AS transaction_users_updated_at 
FROM transaction_users]
(Background on this error at: https://sqlalche.me/e/20/f405)
2025-11-25 23:56:12,853 WARNING Falling back to random user generation
2025-11-25 23:56:12,856 INFO ✓ RAW sent seq=273 | user=4711974 name=Melinda Hogan amount=$791.3
2025-11-25 23:56:12,857 ERROR Failed to load users from database: (psycopg2.errors.UndefinedTable) relation "transaction_users" does not exist
LINE 2: FROM transaction_users
             ^

[SQL: SELECT transaction_users.id AS transaction_users_id, transaction_users.user_seq AS transaction_users_user_seq, transaction_users.user_name AS transaction_users_user_name, transaction_users.country_code AS transaction_users_country_code, transaction_users.id_type AS transaction_users_id_type, transaction_users.birth_date AS transaction_users_birth_date, transaction_users.register_date AS transaction_users_register_date, transaction_users.first_transaction_date AS transaction_users_first_transaction_date, transaction_users.status AS transaction_users_status, transaction_users.ban_reason AS transaction_users_ban_reason, transaction_users.created_at AS transaction_users_created_at, transaction_users.updated_at AS transaction_users_updated_at 
FROM transaction_users]
(Background on this error at: https://sqlalche.me/e/20/f405)
2025-11-25 23:56:12,857 WARNING Falling back to random user generation
2025-11-25 23:56:12,859 INFO ✓ RAW sent seq=274 | user=6898194 name=Oscar Chapman amount=$702.37
2025-11-25 23:56:14,862 ERROR Failed to load users from database: (psycopg2.errors.UndefinedTable) relation "transaction_users" does not exist
LINE 2: FROM transaction_users
             ^

[SQL: SELECT transaction_users.id AS transaction_users_id, transaction_users.user_seq AS transaction_users_user_seq, transaction_users.user_name AS transaction_users_user_name, transaction_users.country_code AS transaction_users_country_code, transaction_users.id_type AS transaction_users_id_type, transaction_users.birth_date AS transaction_users_birth_date, transaction_users.register_date AS transaction_users_register_date, transaction_users.first_transaction_date AS transaction_users_first_transaction_date, transaction_users.status AS transaction_users_status, transaction_users.ban_reason AS transaction_users_ban_reason, transaction_users.created_at AS transaction_users_created_at, transaction_users.updated_at AS transaction_users_updated_at 
FROM transaction_users]
(Background on this error at: https://sqlalche.me/e/20/f405)
2025-11-25 23:56:14,862 WARNING Falling back to random user generation
2025-11-25 23:56:14,867 INFO ✓ RAW sent seq=275 | user=8145378 name=Mark Russell amount=$671.72
2025-11-25 23:56:14,869 ERROR Failed to load users from database: (psycopg2.errors.UndefinedTable) relation "transaction_users" does not exist
LINE 2: FROM transaction_users
             ^

[SQL: SELECT transaction_users.id AS transaction_users_id, transaction_users.user_seq AS transaction_users_user_seq, transaction_users.user_name AS transaction_users_user_name, transaction_users.country_code AS transaction_users_country_code, transaction_users.id_type AS transaction_users_id_type, transaction_users.birth_date AS transaction_users_birth_date, transaction_users.register_date AS transaction_users_register_date, transaction_users.first_transaction_date AS transaction_users_first_transaction_date, transaction_users.status AS transaction_users_status, transaction_users.ban_reason AS transaction_users_ban_reason, transaction_users.created_at AS transaction_users_created_at, transaction_users.updated_at AS transaction_users_updated_at 
FROM transaction_users]
(Background on this error at: https://sqlalche.me/e/20/f405)
2025-11-25 23:56:14,869 WARNING Falling back to random user generation
2025-11-25 23:56:14,873 INFO ✓ RAW sent seq=276 | user=8020082 name=Elaine Mcgee amount=$621.86
2025-11-25 23:56:14,875 ERROR Failed to load users from database: (psycopg2.errors.UndefinedTable) relation "transaction_users" does not exist
LINE 2: FROM transaction_users
             ^

[SQL: SELECT transaction_users.id AS transaction_users_id, transaction_users.user_seq AS transaction_users_user_seq, transaction_users.user_name AS transaction_users_user_name, transaction_users.country_code AS transaction_users_country_code, transaction_users.id_type AS transaction_users_id_type, transaction_users.birth_date AS transaction_users_birth_date, transaction_users.register_date AS transaction_users_register_date, transaction_users.first_transaction_date AS transaction_users_first_transaction_date, transaction_users.status AS transaction_users_status, transaction_users.ban_reason AS transaction_users_ban_reason, transaction_users.created_at AS transaction_users_created_at, transaction_users.updated_at AS transaction_users_updated_at 
FROM transaction_users]
(Background on this error at: https://sqlalche.me/e/20/f405)
2025-11-25 23:56:14,875 WARNING Falling back to random user generation
2025-11-25 23:56:14,878 INFO ✓ RAW sent seq=277 | user=3156139 name=Jessica Castillo amount=$793.2
2025-11-25 23:56:16,881 ERROR Failed to load users from database: (psycopg2.errors.UndefinedTable) relation "transaction_users" does not exist
LINE 2: FROM transaction_users
             ^

[SQL: SELECT transaction_users.id AS transaction_users_id, transaction_users.user_seq AS transaction_users_user_seq, transaction_users.user_name AS transaction_users_user_name, transaction_users.country_code AS transaction_users_country_code, transaction_users.id_type AS transaction_users_id_type, transaction_users.birth_date AS transaction_users_birth_date, transaction_users.register_date AS transaction_users_register_date, transaction_users.first_transaction_date AS transaction_users_first_transaction_date, transaction_users.status AS transaction_users_status, transaction_users.ban_reason AS transaction_users_ban_reason, transaction_users.created_at AS transaction_users_created_at, transaction_users.updated_at AS transaction_users_updated_at 
FROM transaction_users]
(Background on this error at: https://sqlalche.me/e/20/f405)
2025-11-25 23:56:16,881 WARNING Falling back to random user generation
2025-11-25 23:56:16,887 INFO ✓ RAW sent seq=278 | user=8095167 name=Victoria Webb amount=$926.42
2025-11-25 23:56:18,890 ERROR Failed to load users from database: (psycopg2.errors.UndefinedTable) relation "transaction_users" does not exist
LINE 2: FROM transaction_users
             ^

[SQL: SELECT transaction_users.id AS transaction_users_id, transaction_users.user_seq AS transaction_users_user_seq, transaction_users.user_name AS transaction_users_user_name, transaction_users.country_code AS transaction_users_country_code, transaction_users.id_type AS transaction_users_id_type, transaction_users.birth_date AS transaction_users_birth_date, transaction_users.register_date AS transaction_users_register_date, transaction_users.first_transaction_date AS transaction_users_first_transaction_date, transaction_users.status AS transaction_users_status, transaction_users.ban_reason AS transaction_users_ban_reason, transaction_users.created_at AS transaction_users_created_at, transaction_users.updated_at AS transaction_users_updated_at 
FROM transaction_users]
(Background on this error at: https://sqlalche.me/e/20/f405)
2025-11-25 23:56:18,890 WARNING Falling back to random user generation
2025-11-25 23:56:18,896 INFO ✓ RAW sent seq=279 | user=5564363 name=Brenda Krueger amount=$542.53
2025-11-25 23:56:20,899 ERROR Failed to load users from database: (psycopg2.errors.UndefinedTable) relation "transaction_users" does not exist
LINE 2: FROM transaction_users
             ^

[SQL: SELECT transaction_users.id AS transaction_users_id, transaction_users.user_seq AS transaction_users_user_seq, transaction_users.user_name AS transaction_users_user_name, transaction_users.country_code AS transaction_users_country_code, transaction_users.id_type AS transaction_users_id_type, transaction_users.birth_date AS transaction_users_birth_date, transaction_users.register_date AS transaction_users_register_date, transaction_users.first_transaction_date AS transaction_users_first_transaction_date, transaction_users.status AS transaction_users_status, transaction_users.ban_reason AS transaction_users_ban_reason, transaction_users.created_at AS transaction_users_created_at, transaction_users.updated_at AS transaction_users_updated_at 
FROM transaction_users]
(Background on this error at: https://sqlalche.me/e/20/f405)
2025-11-25 23:56:20,899 WARNING Falling back to random user generation
2025-11-25 23:56:20,904 INFO 🚨 FRAUD sent seq=280 type=crypto_suspicious | user=3301897 tx_24h=77 amt_24h=$26806 payment=CRYPTO
2025-11-25 23:56:20,906 ERROR Failed to load users from database: (psycopg2.errors.UndefinedTable) relation "transaction_users" does not exist
LINE 2: FROM transaction_users
             ^

[SQL: SELECT transaction_users.id AS transaction_users_id, transaction_users.user_seq AS transaction_users_user_seq, transaction_users.user_name AS transaction_users_user_name, transaction_users.country_code AS transaction_users_country_code, transaction_users.id_type AS transaction_users_id_type, transaction_users.birth_date AS transaction_users_birth_date, transaction_users.register_date AS transaction_users_register_date, transaction_users.first_transaction_date AS transaction_users_first_transaction_date, transaction_users.status AS transaction_users_status, transaction_users.ban_reason AS transaction_users_ban_reason, transaction_users.created_at AS transaction_users_created_at, transaction_users.updated_at AS transaction_users_updated_at 
FROM transaction_users]
(Background on this error at: https://sqlalche.me/e/20/f405)
2025-11-25 23:56:20,906 WARNING Falling back to random user generation
2025-11-25 23:56:20,910 INFO ✓ RAW sent seq=281 | user=9218430 name=Eric Sanchez amount=$236.55
2025-11-25 23:56:22,913 ERROR Failed to load users from database: (psycopg2.errors.UndefinedTable) relation "transaction_users" does not exist
LINE 2: FROM transaction_users
             ^

[SQL: SELECT transaction_users.id AS transaction_users_id, transaction_users.user_seq AS transaction_users_user_seq, transaction_users.user_name AS transaction_users_user_name, transaction_users.country_code AS transaction_users_country_code, transaction_users.id_type AS transaction_users_id_type, transaction_users.birth_date AS transaction_users_birth_date, transaction_users.register_date AS transaction_users_register_date, transaction_users.first_transaction_date AS transaction_users_first_transaction_date, transaction_users.status AS transaction_users_status, transaction_users.ban_reason AS transaction_users_ban_reason, transaction_users.created_at AS transaction_users_created_at, transaction_users.updated_at AS transaction_users_updated_at 
FROM transaction_users]
(Background on this error at: https://sqlalche.me/e/20/f405)
2025-11-25 23:56:22,913 WARNING Falling back to random user generation
2025-11-25 23:56:22,918 INFO ✓ RAW sent seq=282 | user=3011257 name=Kayla Miller amount=$825.05
2025-11-25 23:56:24,922 ERROR Failed to load users from database: (psycopg2.errors.UndefinedTable) relation "transaction_users" does not exist
LINE 2: FROM transaction_users
             ^

[SQL: SELECT transaction_users.id AS transaction_users_id, transaction_users.user_seq AS transaction_users_user_seq, transaction_users.user_name AS transaction_users_user_name, transaction_users.country_code AS transaction_users_country_code, transaction_users.id_type AS transaction_users_id_type, transaction_users.birth_date AS transaction_users_birth_date, transaction_users.register_date AS transaction_users_register_date, transaction_users.first_transaction_date AS transaction_users_first_transaction_date, transaction_users.status AS transaction_users_status, transaction_users.ban_reason AS transaction_users_ban_reason, transaction_users.created_at AS transaction_users_created_at, transaction_users.updated_at AS transaction_users_updated_at 
FROM transaction_users]
(Background on this error at: https://sqlalche.me/e/20/f405)
2025-11-25 23:56:24,922 WARNING Falling back to random user generation
2025-11-25 23:56:24,927 INFO ✓ RAW sent seq=283 | user=2986865 name=Mr. Tristan Griffin amount=$393.93
2025-11-25 23:56:24,928 ERROR Failed to load users from database: (psycopg2.errors.UndefinedTable) relation "transaction_users" does not exist
LINE 2: FROM transaction_users
             ^

[SQL: SELECT transaction_users.id AS transaction_users_id, transaction_users.user_seq AS transaction_users_user_seq, transaction_users.user_name AS transaction_users_user_name, transaction_users.country_code AS transaction_users_country_code, transaction_users.id_type AS transaction_users_id_type, transaction_users.birth_date AS transaction_users_birth_date, transaction_users.register_date AS transaction_users_register_date, transaction_users.first_transaction_date AS transaction_users_first_transaction_date, transaction_users.status AS transaction_users_status, transaction_users.ban_reason AS transaction_users_ban_reason, transaction_users.created_at AS transaction_users_created_at, transaction_users.updated_at AS transaction_users_updated_at 
FROM transaction_users]
(Background on this error at: https://sqlalche.me/e/20/f405)
2025-11-25 23:56:24,928 WARNING Falling back to random user generation
2025-11-25 23:56:24,932 INFO ✓ RAW sent seq=284 | user=9316162 name=Shelly Freeman amount=$138.95
2025-11-25 23:56:24,934 ERROR Failed to load users from database: (psycopg2.errors.UndefinedTable) relation "transaction_users" does not exist
LINE 2: FROM transaction_users
             ^

[SQL: SELECT transaction_users.id AS transaction_users_id, transaction_users.user_seq AS transaction_users_user_seq, transaction_users.user_name AS transaction_users_user_name, transaction_users.country_code AS transaction_users_country_code, transaction_users.id_type AS transaction_users_id_type, transaction_users.birth_date AS transaction_users_birth_date, transaction_users.register_date AS transaction_users_register_date, transaction_users.first_transaction_date AS transaction_users_first_transaction_date, transaction_users.status AS transaction_users_status, transaction_users.ban_reason AS transaction_users_ban_reason, transaction_users.created_at AS transaction_users_created_at, transaction_users.updated_at AS transaction_users_updated_at 
FROM transaction_users]
(Background on this error at: https://sqlalche.me/e/20/f405)
2025-11-25 23:56:24,934 WARNING Falling back to random user generation
2025-11-25 23:56:24,936 INFO ✓ RAW sent seq=285 | user=9459025 name=Michael Smith amount=$283.86
2025-11-25 23:56:26,939 ERROR Failed to load users from database: (psycopg2.errors.UndefinedTable) relation "transaction_users" does not exist
LINE 2: FROM transaction_users
             ^

[SQL: SELECT transaction_users.id AS transaction_users_id, transaction_users.user_seq AS transaction_users_user_seq, transaction_users.user_name AS transaction_users_user_name, transaction_users.country_code AS transaction_users_country_code, transaction_users.id_type AS transaction_users_id_type, transaction_users.birth_date AS transaction_users_birth_date, transaction_users.register_date AS transaction_users_register_date, transaction_users.first_transaction_date AS transaction_users_first_transaction_date, transaction_users.status AS transaction_users_status, transaction_users.ban_reason AS transaction_users_ban_reason, transaction_users.created_at AS transaction_users_created_at, transaction_users.updated_at AS transaction_users_updated_at 
FROM transaction_users]
(Background on this error at: https://sqlalche.me/e/20/f405)
2025-11-25 23:56:26,939 WARNING Falling back to random user generation
2025-11-25 23:56:26,945 INFO ✓ RAW sent seq=286 | user=1010358 name=Scott Hodge amount=$484.78
2025-11-25 23:56:28,947 ERROR Failed to load users from database: (psycopg2.errors.UndefinedTable) relation "transaction_users" does not exist
LINE 2: FROM transaction_users
             ^

[SQL: SELECT transaction_users.id AS transaction_users_id, transaction_users.user_seq AS transaction_users_user_seq, transaction_users.user_name AS transaction_users_user_name, transaction_users.country_code AS transaction_users_country_code, transaction_users.id_type AS transaction_users_id_type, transaction_users.birth_date AS transaction_users_birth_date, transaction_users.register_date AS transaction_users_register_date, transaction_users.first_transaction_date AS transaction_users_first_transaction_date, transaction_users.status AS transaction_users_status, transaction_users.ban_reason AS transaction_users_ban_reason, transaction_users.created_at AS transaction_users_created_at, transaction_users.updated_at AS transaction_users_updated_at 
FROM transaction_users]
(Background on this error at: https://sqlalche.me/e/20/f405)
2025-11-25 23:56:28,947 WARNING Falling back to random user generation
2025-11-25 23:56:28,950 INFO ✓ RAW sent seq=287 | user=3269439 name=Larry Estes amount=$720.71
2025-11-25 23:56:28,952 ERROR Failed to load users from database: (psycopg2.errors.UndefinedTable) relation "transaction_users" does not exist
LINE 2: FROM transaction_users
             ^

[SQL: SELECT transaction_users.id AS transaction_users_id, transaction_users.user_seq AS transaction_users_user_seq, transaction_users.user_name AS transaction_users_user_name, transaction_users.country_code AS transaction_users_country_code, transaction_users.id_type AS transaction_users_id_type, transaction_users.birth_date AS transaction_users_birth_date, transaction_users.register_date AS transaction_users_register_date, transaction_users.first_transaction_date AS transaction_users_first_transaction_date, transaction_users.status AS transaction_users_status, transaction_users.ban_reason AS transaction_users_ban_reason, transaction_users.created_at AS transaction_users_created_at, transaction_users.updated_at AS transaction_users_updated_at 
FROM transaction_users]
(Background on this error at: https://sqlalche.me/e/20/f405)
2025-11-25 23:56:28,952 WARNING Falling back to random user generation
2025-11-25 23:56:28,955 INFO ✓ RAW sent seq=288 | user=6975596 name=Anne Pacheco amount=$373.34
2025-11-25 23:56:28,956 ERROR Failed to load users from database: (psycopg2.errors.UndefinedTable) relation "transaction_users" does not exist
LINE 2: FROM transaction_users
             ^

[SQL: SELECT transaction_users.id AS transaction_users_id, transaction_users.user_seq AS transaction_users_user_seq, transaction_users.user_name AS transaction_users_user_name, transaction_users.country_code AS transaction_users_country_code, transaction_users.id_type AS transaction_users_id_type, transaction_users.birth_date AS transaction_users_birth_date, transaction_users.register_date AS transaction_users_register_date, transaction_users.first_transaction_date AS transaction_users_first_transaction_date, transaction_users.status AS transaction_users_status, transaction_users.ban_reason AS transaction_users_ban_reason, transaction_users.created_at AS transaction_users_created_at, transaction_users.updated_at AS transaction_users_updated_at 
FROM transaction_users]
(Background on this error at: https://sqlalche.me/e/20/f405)
2025-11-25 23:56:28,956 WARNING Falling back to random user generation
2025-11-25 23:56:28,959 INFO 🚨 FRAUD sent seq=289 type=large_amount | user=7250973 tx_24h=6 amt_24h=$53981 payment=BANK
2025-11-25 23:56:30,962 ERROR Failed to load users from database: (psycopg2.errors.UndefinedTable) relation "transaction_users" does not exist
LINE 2: FROM transaction_users
             ^

[SQL: SELECT transaction_users.id AS transaction_users_id, transaction_users.user_seq AS transaction_users_user_seq, transaction_users.user_name AS transaction_users_user_name, transaction_users.country_code AS transaction_users_country_code, transaction_users.id_type AS transaction_users_id_type, transaction_users.birth_date AS transaction_users_birth_date, transaction_users.register_date AS transaction_users_register_date, transaction_users.first_transaction_date AS transaction_users_first_transaction_date, transaction_users.status AS transaction_users_status, transaction_users.ban_reason AS transaction_users_ban_reason, transaction_users.created_at AS transaction_users_created_at, transaction_users.updated_at AS transaction_users_updated_at 
FROM transaction_users]
(Background on this error at: https://sqlalche.me/e/20/f405)
2025-11-25 23:56:30,962 WARNING Falling back to random user generation
2025-11-25 23:56:30,968 INFO ✓ RAW sent seq=290 | user=1438490 name=Kyle Becker amount=$560.93
2025-11-25 23:56:32,972 ERROR Failed to load users from database: (psycopg2.errors.UndefinedTable) relation "transaction_users" does not exist
LINE 2: FROM transaction_users
             ^

[SQL: SELECT transaction_users.id AS transaction_users_id, transaction_users.user_seq AS transaction_users_user_seq, transaction_users.user_name AS transaction_users_user_name, transaction_users.country_code AS transaction_users_country_code, transaction_users.id_type AS transaction_users_id_type, transaction_users.birth_date AS transaction_users_birth_date, transaction_users.register_date AS transaction_users_register_date, transaction_users.first_transaction_date AS transaction_users_first_transaction_date, transaction_users.status AS transaction_users_status, transaction_users.ban_reason AS transaction_users_ban_reason, transaction_users.created_at AS transaction_users_created_at, transaction_users.updated_at AS transaction_users_updated_at 
FROM transaction_users]
(Background on this error at: https://sqlalche.me/e/20/f405)
2025-11-25 23:56:32,972 WARNING Falling back to random user generation
2025-11-25 23:56:32,976 INFO ✓ RAW sent seq=291 | user=7441534 name=Dennis Keller amount=$70.65
2025-11-25 23:56:32,980 ERROR Failed to load users from database: (psycopg2.errors.UndefinedTable) relation "transaction_users" does not exist
LINE 2: FROM transaction_users
             ^

[SQL: SELECT transaction_users.id AS transaction_users_id, transaction_users.user_seq AS transaction_users_user_seq, transaction_users.user_name AS transaction_users_user_name, transaction_users.country_code AS transaction_users_country_code, transaction_users.id_type AS transaction_users_id_type, transaction_users.birth_date AS transaction_users_birth_date, transaction_users.register_date AS transaction_users_register_date, transaction_users.first_transaction_date AS transaction_users_first_transaction_date, transaction_users.status AS transaction_users_status, transaction_users.ban_reason AS transaction_users_ban_reason, transaction_users.created_at AS transaction_users_created_at, transaction_users.updated_at AS transaction_users_updated_at 
FROM transaction_users]
(Background on this error at: https://sqlalche.me/e/20/f405)
2025-11-25 23:56:32,980 WARNING Falling back to random user generation
2025-11-25 23:56:32,983 INFO ✓ RAW sent seq=292 | user=6822310 name=Sean Burgess amount=$374.62
2025-11-25 23:56:34,986 ERROR Failed to load users from database: (psycopg2.errors.UndefinedTable) relation "transaction_users" does not exist
LINE 2: FROM transaction_users
             ^

[SQL: SELECT transaction_users.id AS transaction_users_id, transaction_users.user_seq AS transaction_users_user_seq, transaction_users.user_name AS transaction_users_user_name, transaction_users.country_code AS transaction_users_country_code, transaction_users.id_type AS transaction_users_id_type, transaction_users.birth_date AS transaction_users_birth_date, transaction_users.register_date AS transaction_users_register_date, transaction_users.first_transaction_date AS transaction_users_first_transaction_date, transaction_users.status AS transaction_users_status, transaction_users.ban_reason AS transaction_users_ban_reason, transaction_users.created_at AS transaction_users_created_at, transaction_users.updated_at AS transaction_users_updated_at 
FROM transaction_users]
(Background on this error at: https://sqlalche.me/e/20/f405)
2025-11-25 23:56:34,986 WARNING Falling back to random user generation
2025-11-25 23:56:34,992 INFO ✓ RAW sent seq=293 | user=4836646 name=Michael Baker amount=$941.78
2025-11-25 23:56:34,994 ERROR Failed to load users from database: (psycopg2.errors.UndefinedTable) relation "transaction_users" does not exist
LINE 2: FROM transaction_users
             ^

[SQL: SELECT transaction_users.id AS transaction_users_id, transaction_users.user_seq AS transaction_users_user_seq, transaction_users.user_name AS transaction_users_user_name, transaction_users.country_code AS transaction_users_country_code, transaction_users.id_type AS transaction_users_id_type, transaction_users.birth_date AS transaction_users_birth_date, transaction_users.register_date AS transaction_users_register_date, transaction_users.first_transaction_date AS transaction_users_first_transaction_date, transaction_users.status AS transaction_users_status, transaction_users.ban_reason AS transaction_users_ban_reason, transaction_users.created_at AS transaction_users_created_at, transaction_users.updated_at AS transaction_users_updated_at 
FROM transaction_users]
(Background on this error at: https://sqlalche.me/e/20/f405)
2025-11-25 23:56:34,994 WARNING Falling back to random user generation
2025-11-25 23:56:34,996 INFO ✓ RAW sent seq=294 | user=8353116 name=Heather Fuentes amount=$405.49
2025-11-25 23:56:37,000 ERROR Failed to load users from database: (psycopg2.errors.UndefinedTable) relation "transaction_users" does not exist
LINE 2: FROM transaction_users
             ^

[SQL: SELECT transaction_users.id AS transaction_users_id, transaction_users.user_seq AS transaction_users_user_seq, transaction_users.user_name AS transaction_users_user_name, transaction_users.country_code AS transaction_users_country_code, transaction_users.id_type AS transaction_users_id_type, transaction_users.birth_date AS transaction_users_birth_date, transaction_users.register_date AS transaction_users_register_date, transaction_users.first_transaction_date AS transaction_users_first_transaction_date, transaction_users.status AS transaction_users_status, transaction_users.ban_reason AS transaction_users_ban_reason, transaction_users.created_at AS transaction_users_created_at, transaction_users.updated_at AS transaction_users_updated_at 
FROM transaction_users]
(Background on this error at: https://sqlalche.me/e/20/f405)
2025-11-25 23:56:37,000 WARNING Falling back to random user generation
2025-11-25 23:56:37,005 INFO ✓ RAW sent seq=295 | user=9278696 name=Kim Jones amount=$276.76
2025-11-25 23:56:37,007 ERROR Failed to load users from database: (psycopg2.errors.UndefinedTable) relation "transaction_users" does not exist
LINE 2: FROM transaction_users
             ^

[SQL: SELECT transaction_users.id AS transaction_users_id, transaction_users.user_seq AS transaction_users_user_seq, transaction_users.user_name AS transaction_users_user_name, transaction_users.country_code AS transaction_users_country_code, transaction_users.id_type AS transaction_users_id_type, transaction_users.birth_date AS transaction_users_birth_date, transaction_users.register_date AS transaction_users_register_date, transaction_users.first_transaction_date AS transaction_users_first_transaction_date, transaction_users.status AS transaction_users_status, transaction_users.ban_reason AS transaction_users_ban_reason, transaction_users.created_at AS transaction_users_created_at, transaction_users.updated_at AS transaction_users_updated_at 
FROM transaction_users]
(Background on this error at: https://sqlalche.me/e/20/f405)
2025-11-25 23:56:37,007 WARNING Falling back to random user generation
2025-11-25 23:56:37,009 INFO ✓ RAW sent seq=296 | user=6699050 name=Kathleen Livingston MD amount=$751.82
2025-11-25 23:56:37,010 ERROR Failed to load users from database: (psycopg2.errors.UndefinedTable) relation "transaction_users" does not exist
LINE 2: FROM transaction_users
             ^

[SQL: SELECT transaction_users.id AS transaction_users_id, transaction_users.user_seq AS transaction_users_user_seq, transaction_users.user_name AS transaction_users_user_name, transaction_users.country_code AS transaction_users_country_code, transaction_users.id_type AS transaction_users_id_type, transaction_users.birth_date AS transaction_users_birth_date, transaction_users.register_date AS transaction_users_register_date, transaction_users.first_transaction_date AS transaction_users_first_transaction_date, transaction_users.status AS transaction_users_status, transaction_users.ban_reason AS transaction_users_ban_reason, transaction_users.created_at AS transaction_users_created_at, transaction_users.updated_at AS transaction_users_updated_at 
FROM transaction_users]
(Background on this error at: https://sqlalche.me/e/20/f405)
2025-11-25 23:56:37,010 WARNING Falling back to random user generation
2025-11-25 23:56:37,013 INFO ✓ RAW sent seq=297 | user=5492297 name=Christopher Wells amount=$180.58
2025-11-25 23:56:39,016 ERROR Failed to load users from database: (psycopg2.errors.UndefinedTable) relation "transaction_users" does not exist
LINE 2: FROM transaction_users
             ^

[SQL: SELECT transaction_users.id AS transaction_users_id, transaction_users.user_seq AS transaction_users_user_seq, transaction_users.user_name AS transaction_users_user_name, transaction_users.country_code AS transaction_users_country_code, transaction_users.id_type AS transaction_users_id_type, transaction_users.birth_date AS transaction_users_birth_date, transaction_users.register_date AS transaction_users_register_date, transaction_users.first_transaction_date AS transaction_users_first_transaction_date, transaction_users.status AS transaction_users_status, transaction_users.ban_reason AS transaction_users_ban_reason, transaction_users.created_at AS transaction_users_created_at, transaction_users.updated_at AS transaction_users_updated_at 
FROM transaction_users]
(Background on this error at: https://sqlalche.me/e/20/f405)
2025-11-25 23:56:39,016 WARNING Falling back to random user generation
2025-11-25 23:56:39,021 INFO ✓ RAW sent seq=298 | user=4339569 name=Henry Wheeler amount=$694.71
2025-11-25 23:56:41,024 ERROR Failed to load users from database: (psycopg2.errors.UndefinedTable) relation "transaction_users" does not exist
LINE 2: FROM transaction_users
             ^

[SQL: SELECT transaction_users.id AS transaction_users_id, transaction_users.user_seq AS transaction_users_user_seq, transaction_users.user_name AS transaction_users_user_name, transaction_users.country_code AS transaction_users_country_code, transaction_users.id_type AS transaction_users_id_type, transaction_users.birth_date AS transaction_users_birth_date, transaction_users.register_date AS transaction_users_register_date, transaction_users.first_transaction_date AS transaction_users_first_transaction_date, transaction_users.status AS transaction_users_status, transaction_users.ban_reason AS transaction_users_ban_reason, transaction_users.created_at AS transaction_users_created_at, transaction_users.updated_at AS transaction_users_updated_at 
FROM transaction_users]
(Background on this error at: https://sqlalche.me/e/20/f405)
2025-11-25 23:56:41,024 WARNING Falling back to random user generation
2025-11-25 23:56:41,029 INFO 🚨 FRAUD sent seq=299 type=mixed_pattern | user=3845051 tx_24h=94 amt_24h=$46477 payment=WALLET
2025-11-25 23:56:41,031 ERROR Failed to load users from database: (psycopg2.errors.UndefinedTable) relation "transaction_users" does not exist
LINE 2: FROM transaction_users
             ^

[SQL: SELECT transaction_users.id AS transaction_users_id, transaction_users.user_seq AS transaction_users_user_seq, transaction_users.user_name AS transaction_users_user_name, transaction_users.country_code AS transaction_users_country_code, transaction_users.id_type AS transaction_users_id_type, transaction_users.birth_date AS transaction_users_birth_date, transaction_users.register_date AS transaction_users_register_date, transaction_users.first_transaction_date AS transaction_users_first_transaction_date, transaction_users.status AS transaction_users_status, transaction_users.ban_reason AS transaction_users_ban_reason, transaction_users.created_at AS transaction_users_created_at, transaction_users.updated_at AS transaction_users_updated_at 
FROM transaction_users]
(Background on this error at: https://sqlalche.me/e/20/f405)
2025-11-25 23:56:41,031 WARNING Falling back to random user generation
2025-11-25 23:56:41,034 INFO ✓ RAW sent seq=300 | user=7986200 name=Todd Jackson amount=$11.72
2025-11-25 23:56:41,036 ERROR Failed to load users from database: (psycopg2.errors.UndefinedTable) relation "transaction_users" does not exist
LINE 2: FROM transaction_users
             ^

[SQL: SELECT transaction_users.id AS transaction_users_id, transaction_users.user_seq AS transaction_users_user_seq, transaction_users.user_name AS transaction_users_user_name, transaction_users.country_code AS transaction_users_country_code, transaction_users.id_type AS transaction_users_id_type, transaction_users.birth_date AS transaction_users_birth_date, transaction_users.register_date AS transaction_users_register_date, transaction_users.first_transaction_date AS transaction_users_first_transaction_date, transaction_users.status AS transaction_users_status, transaction_users.ban_reason AS transaction_users_ban_reason, transaction_users.created_at AS transaction_users_created_at, transaction_users.updated_at AS transaction_users_updated_at 
FROM transaction_users]
(Background on this error at: https://sqlalche.me/e/20/f405)
2025-11-25 23:56:41,036 WARNING Falling back to random user generation
2025-11-25 23:56:41,039 INFO ✓ RAW sent seq=301 | user=3598479 name=Adam Graham amount=$609.97
2025-11-25 23:56:43,042 ERROR Failed to load users from database: (psycopg2.errors.UndefinedTable) relation "transaction_users" does not exist
LINE 2: FROM transaction_users
             ^

[SQL: SELECT transaction_users.id AS transaction_users_id, transaction_users.user_seq AS transaction_users_user_seq, transaction_users.user_name AS transaction_users_user_name, transaction_users.country_code AS transaction_users_country_code, transaction_users.id_type AS transaction_users_id_type, transaction_users.birth_date AS transaction_users_birth_date, transaction_users.register_date AS transaction_users_register_date, transaction_users.first_transaction_date AS transaction_users_first_transaction_date, transaction_users.status AS transaction_users_status, transaction_users.ban_reason AS transaction_users_ban_reason, transaction_users.created_at AS transaction_users_created_at, transaction_users.updated_at AS transaction_users_updated_at 
FROM transaction_users]
(Background on this error at: https://sqlalche.me/e/20/f405)
2025-11-25 23:56:43,042 WARNING Falling back to random user generation
2025-11-25 23:56:43,048 INFO 🚨 FRAUD sent seq=302 type=high_velocity | user=6638578 tx_24h=87 amt_24h=$44930 payment=CRYPTO
2025-11-25 23:56:45,052 ERROR Failed to load users from database: (psycopg2.errors.UndefinedTable) relation "transaction_users" does not exist
LINE 2: FROM transaction_users
             ^

[SQL: SELECT transaction_users.id AS transaction_users_id, transaction_users.user_seq AS transaction_users_user_seq, transaction_users.user_name AS transaction_users_user_name, transaction_users.country_code AS transaction_users_country_code, transaction_users.id_type AS transaction_users_id_type, transaction_users.birth_date AS transaction_users_birth_date, transaction_users.register_date AS transaction_users_register_date, transaction_users.first_transaction_date AS transaction_users_first_transaction_date, transaction_users.status AS transaction_users_status, transaction_users.ban_reason AS transaction_users_ban_reason, transaction_users.created_at AS transaction_users_created_at, transaction_users.updated_at AS transaction_users_updated_at 
FROM transaction_users]
(Background on this error at: https://sqlalche.me/e/20/f405)
2025-11-25 23:56:45,052 WARNING Falling back to random user generation
2025-11-25 23:56:45,058 INFO ✓ RAW sent seq=303 | user=6115214 name=Michelle Jones MD amount=$414.58
2025-11-25 23:56:45,060 ERROR Failed to load users from database: (psycopg2.errors.UndefinedTable) relation "transaction_users" does not exist
LINE 2: FROM transaction_users
             ^

[SQL: SELECT transaction_users.id AS transaction_users_id, transaction_users.user_seq AS transaction_users_user_seq, transaction_users.user_name AS transaction_users_user_name, transaction_users.country_code AS transaction_users_country_code, transaction_users.id_type AS transaction_users_id_type, transaction_users.birth_date AS transaction_users_birth_date, transaction_users.register_date AS transaction_users_register_date, transaction_users.first_transaction_date AS transaction_users_first_transaction_date, transaction_users.status AS transaction_users_status, transaction_users.ban_reason AS transaction_users_ban_reason, transaction_users.created_at AS transaction_users_created_at, transaction_users.updated_at AS transaction_users_updated_at 
FROM transaction_users]
(Background on this error at: https://sqlalche.me/e/20/f405)
2025-11-25 23:56:45,060 WARNING Falling back to random user generation
2025-11-25 23:56:45,063 INFO ✓ RAW sent seq=304 | user=1066479 name=Edward Jones amount=$437.27
2025-11-25 23:56:45,064 ERROR Failed to load users from database: (psycopg2.errors.UndefinedTable) relation "transaction_users" does not exist
LINE 2: FROM transaction_users
             ^

[SQL: SELECT transaction_users.id AS transaction_users_id, transaction_users.user_seq AS transaction_users_user_seq, transaction_users.user_name AS transaction_users_user_name, transaction_users.country_code AS transaction_users_country_code, transaction_users.id_type AS transaction_users_id_type, transaction_users.birth_date AS transaction_users_birth_date, transaction_users.register_date AS transaction_users_register_date, transaction_users.first_transaction_date AS transaction_users_first_transaction_date, transaction_users.status AS transaction_users_status, transaction_users.ban_reason AS transaction_users_ban_reason, transaction_users.created_at AS transaction_users_created_at, transaction_users.updated_at AS transaction_users_updated_at 
FROM transaction_users]
(Background on this error at: https://sqlalche.me/e/20/f405)
2025-11-25 23:56:45,064 WARNING Falling back to random user generation
2025-11-25 23:56:45,067 INFO ✓ RAW sent seq=305 | user=3603908 name=Kayla Hunt amount=$767.98
2025-11-25 23:56:47,069 ERROR Failed to load users from database: (psycopg2.errors.UndefinedTable) relation "transaction_users" does not exist
LINE 2: FROM transaction_users
             ^

[SQL: SELECT transaction_users.id AS transaction_users_id, transaction_users.user_seq AS transaction_users_user_seq, transaction_users.user_name AS transaction_users_user_name, transaction_users.country_code AS transaction_users_country_code, transaction_users.id_type AS transaction_users_id_type, transaction_users.birth_date AS transaction_users_birth_date, transaction_users.register_date AS transaction_users_register_date, transaction_users.first_transaction_date AS transaction_users_first_transaction_date, transaction_users.status AS transaction_users_status, transaction_users.ban_reason AS transaction_users_ban_reason, transaction_users.created_at AS transaction_users_created_at, transaction_users.updated_at AS transaction_users_updated_at 
FROM transaction_users]
(Background on this error at: https://sqlalche.me/e/20/f405)
2025-11-25 23:56:47,070 WARNING Falling back to random user generation
2025-11-25 23:56:47,074 INFO ✓ RAW sent seq=306 | user=3142144 name=John Brown amount=$125.46
2025-11-25 23:56:47,076 ERROR Failed to load users from database: (psycopg2.errors.UndefinedTable) relation "transaction_users" does not exist
LINE 2: FROM transaction_users
             ^

[SQL: SELECT transaction_users.id AS transaction_users_id, transaction_users.user_seq AS transaction_users_user_seq, transaction_users.user_name AS transaction_users_user_name, transaction_users.country_code AS transaction_users_country_code, transaction_users.id_type AS transaction_users_id_type, transaction_users.birth_date AS transaction_users_birth_date, transaction_users.register_date AS transaction_users_register_date, transaction_users.first_transaction_date AS transaction_users_first_transaction_date, transaction_users.status AS transaction_users_status, transaction_users.ban_reason AS transaction_users_ban_reason, transaction_users.created_at AS transaction_users_created_at, transaction_users.updated_at AS transaction_users_updated_at 
FROM transaction_users]
(Background on this error at: https://sqlalche.me/e/20/f405)
2025-11-25 23:56:47,076 WARNING Falling back to random user generation
2025-11-25 23:56:47,080 INFO ✓ RAW sent seq=307 | user=8315847 name=Michelle Lee amount=$219.65
2025-11-25 23:56:49,083 ERROR Failed to load users from database: (psycopg2.errors.UndefinedTable) relation "transaction_users" does not exist
LINE 2: FROM transaction_users
             ^

[SQL: SELECT transaction_users.id AS transaction_users_id, transaction_users.user_seq AS transaction_users_user_seq, transaction_users.user_name AS transaction_users_user_name, transaction_users.country_code AS transaction_users_country_code, transaction_users.id_type AS transaction_users_id_type, transaction_users.birth_date AS transaction_users_birth_date, transaction_users.register_date AS transaction_users_register_date, transaction_users.first_transaction_date AS transaction_users_first_transaction_date, transaction_users.status AS transaction_users_status, transaction_users.ban_reason AS transaction_users_ban_reason, transaction_users.created_at AS transaction_users_created_at, transaction_users.updated_at AS transaction_users_updated_at 
FROM transaction_users]
(Background on this error at: https://sqlalche.me/e/20/f405)
2025-11-25 23:56:49,083 WARNING Falling back to random user generation
2025-11-25 23:56:49,088 INFO 🚨 FRAUD sent seq=308 type=large_amount | user=5910736 tx_24h=6 amt_24h=$33867 payment=CASH
2025-11-25 23:56:49,090 ERROR Failed to load users from database: (psycopg2.errors.UndefinedTable) relation "transaction_users" does not exist
LINE 2: FROM transaction_users
             ^

[SQL: SELECT transaction_users.id AS transaction_users_id, transaction_users.user_seq AS transaction_users_user_seq, transaction_users.user_name AS transaction_users_user_name, transaction_users.country_code AS transaction_users_country_code, transaction_users.id_type AS transaction_users_id_type, transaction_users.birth_date AS transaction_users_birth_date, transaction_users.register_date AS transaction_users_register_date, transaction_users.first_transaction_date AS transaction_users_first_transaction_date, transaction_users.status AS transaction_users_status, transaction_users.ban_reason AS transaction_users_ban_reason, transaction_users.created_at AS transaction_users_created_at, transaction_users.updated_at AS transaction_users_updated_at 
FROM transaction_users]
(Background on this error at: https://sqlalche.me/e/20/f405)
2025-11-25 23:56:49,090 WARNING Falling back to random user generation
2025-11-25 23:56:49,094 INFO ✓ RAW sent seq=309 | user=5205061 name=Nicholas Turner amount=$595.98
2025-11-25 23:56:51,097 ERROR Failed to load users from database: (psycopg2.errors.UndefinedTable) relation "transaction_users" does not exist
LINE 2: FROM transaction_users
             ^

[SQL: SELECT transaction_users.id AS transaction_users_id, transaction_users.user_seq AS transaction_users_user_seq, transaction_users.user_name AS transaction_users_user_name, transaction_users.country_code AS transaction_users_country_code, transaction_users.id_type AS transaction_users_id_type, transaction_users.birth_date AS transaction_users_birth_date, transaction_users.register_date AS transaction_users_register_date, transaction_users.first_transaction_date AS transaction_users_first_transaction_date, transaction_users.status AS transaction_users_status, transaction_users.ban_reason AS transaction_users_ban_reason, transaction_users.created_at AS transaction_users_created_at, transaction_users.updated_at AS transaction_users_updated_at 
FROM transaction_users]
(Background on this error at: https://sqlalche.me/e/20/f405)
2025-11-25 23:56:51,097 WARNING Falling back to random user generation
2025-11-25 23:56:51,102 INFO ✓ RAW sent seq=310 | user=2176222 name=Kevin Taylor amount=$783.39
2025-11-25 23:56:53,106 ERROR Failed to load users from database: (psycopg2.errors.UndefinedTable) relation "transaction_users" does not exist
LINE 2: FROM transaction_users
             ^

[SQL: SELECT transaction_users.id AS transaction_users_id, transaction_users.user_seq AS transaction_users_user_seq, transaction_users.user_name AS transaction_users_user_name, transaction_users.country_code AS transaction_users_country_code, transaction_users.id_type AS transaction_users_id_type, transaction_users.birth_date AS transaction_users_birth_date, transaction_users.register_date AS transaction_users_register_date, transaction_users.first_transaction_date AS transaction_users_first_transaction_date, transaction_users.status AS transaction_users_status, transaction_users.ban_reason AS transaction_users_ban_reason, transaction_users.created_at AS transaction_users_created_at, transaction_users.updated_at AS transaction_users_updated_at 
FROM transaction_users]
(Background on this error at: https://sqlalche.me/e/20/f405)
2025-11-25 23:56:53,106 WARNING Falling back to random user generation
2025-11-25 23:56:53,112 INFO ✓ RAW sent seq=311 | user=6249741 name=Amy Price amount=$330.02
2025-11-25 23:56:53,114 ERROR Failed to load users from database: (psycopg2.errors.UndefinedTable) relation "transaction_users" does not exist
LINE 2: FROM transaction_users
             ^

[SQL: SELECT transaction_users.id AS transaction_users_id, transaction_users.user_seq AS transaction_users_user_seq, transaction_users.user_name AS transaction_users_user_name, transaction_users.country_code AS transaction_users_country_code, transaction_users.id_type AS transaction_users_id_type, transaction_users.birth_date AS transaction_users_birth_date, transaction_users.register_date AS transaction_users_register_date, transaction_users.first_transaction_date AS transaction_users_first_transaction_date, transaction_users.status AS transaction_users_status, transaction_users.ban_reason AS transaction_users_ban_reason, transaction_users.created_at AS transaction_users_created_at, transaction_users.updated_at AS transaction_users_updated_at 
FROM transaction_users]
(Background on this error at: https://sqlalche.me/e/20/f405)
2025-11-25 23:56:53,114 WARNING Falling back to random user generation
2025-11-25 23:56:53,117 INFO ✓ RAW sent seq=312 | user=8432703 name=David White amount=$293.38
2025-11-25 23:56:55,118 ERROR Failed to load users from database: (psycopg2.errors.UndefinedTable) relation "transaction_users" does not exist
LINE 2: FROM transaction_users
             ^

[SQL: SELECT transaction_users.id AS transaction_users_id, transaction_users.user_seq AS transaction_users_user_seq, transaction_users.user_name AS transaction_users_user_name, transaction_users.country_code AS transaction_users_country_code, transaction_users.id_type AS transaction_users_id_type, transaction_users.birth_date AS transaction_users_birth_date, transaction_users.register_date AS transaction_users_register_date, transaction_users.first_transaction_date AS transaction_users_first_transaction_date, transaction_users.status AS transaction_users_status, transaction_users.ban_reason AS transaction_users_ban_reason, transaction_users.created_at AS transaction_users_created_at, transaction_users.updated_at AS transaction_users_updated_at 
FROM transaction_users]
(Background on this error at: https://sqlalche.me/e/20/f405)
2025-11-25 23:56:55,118 WARNING Falling back to random user generation
2025-11-25 23:56:55,122 INFO ✓ RAW sent seq=313 | user=7482354 name=Emily Davies amount=$15.76
2025-11-25 23:56:57,125 ERROR Failed to load users from database: (psycopg2.errors.UndefinedTable) relation "transaction_users" does not exist
LINE 2: FROM transaction_users
             ^

[SQL: SELECT transaction_users.id AS transaction_users_id, transaction_users.user_seq AS transaction_users_user_seq, transaction_users.user_name AS transaction_users_user_name, transaction_users.country_code AS transaction_users_country_code, transaction_users.id_type AS transaction_users_id_type, transaction_users.birth_date AS transaction_users_birth_date, transaction_users.register_date AS transaction_users_register_date, transaction_users.first_transaction_date AS transaction_users_first_transaction_date, transaction_users.status AS transaction_users_status, transaction_users.ban_reason AS transaction_users_ban_reason, transaction_users.created_at AS transaction_users_created_at, transaction_users.updated_at AS transaction_users_updated_at 
FROM transaction_users]
(Background on this error at: https://sqlalche.me/e/20/f405)
2025-11-25 23:56:57,125 WARNING Falling back to random user generation
2025-11-25 23:56:57,131 INFO ✓ RAW sent seq=314 | user=3834767 name=Heather Stewart amount=$82.47
2025-11-25 23:56:57,133 ERROR Failed to load users from database: (psycopg2.errors.UndefinedTable) relation "transaction_users" does not exist
LINE 2: FROM transaction_users
             ^

[SQL: SELECT transaction_users.id AS transaction_users_id, transaction_users.user_seq AS transaction_users_user_seq, transaction_users.user_name AS transaction_users_user_name, transaction_users.country_code AS transaction_users_country_code, transaction_users.id_type AS transaction_users_id_type, transaction_users.birth_date AS transaction_users_birth_date, transaction_users.register_date AS transaction_users_register_date, transaction_users.first_transaction_date AS transaction_users_first_transaction_date, transaction_users.status AS transaction_users_status, transaction_users.ban_reason AS transaction_users_ban_reason, transaction_users.created_at AS transaction_users_created_at, transaction_users.updated_at AS transaction_users_updated_at 
FROM transaction_users]
(Background on this error at: https://sqlalche.me/e/20/f405)
2025-11-25 23:56:57,133 WARNING Falling back to random user generation
2025-11-25 23:56:57,136 INFO ✓ RAW sent seq=315 | user=9051494 name=Valerie Collins amount=$354.08
2025-11-25 23:56:59,139 ERROR Failed to load users from database: (psycopg2.errors.UndefinedTable) relation "transaction_users" does not exist
LINE 2: FROM transaction_users
             ^

[SQL: SELECT transaction_users.id AS transaction_users_id, transaction_users.user_seq AS transaction_users_user_seq, transaction_users.user_name AS transaction_users_user_name, transaction_users.country_code AS transaction_users_country_code, transaction_users.id_type AS transaction_users_id_type, transaction_users.birth_date AS transaction_users_birth_date, transaction_users.register_date AS transaction_users_register_date, transaction_users.first_transaction_date AS transaction_users_first_transaction_date, transaction_users.status AS transaction_users_status, transaction_users.ban_reason AS transaction_users_ban_reason, transaction_users.created_at AS transaction_users_created_at, transaction_users.updated_at AS transaction_users_updated_at 
FROM transaction_users]
(Background on this error at: https://sqlalche.me/e/20/f405)
2025-11-25 23:56:59,140 WARNING Falling back to random user generation
2025-11-25 23:56:59,143 INFO ✓ RAW sent seq=316 | user=3105778 name=Douglas Garcia amount=$408.79
2025-11-25 23:56:59,145 ERROR Failed to load users from database: (psycopg2.errors.UndefinedTable) relation "transaction_users" does not exist
LINE 2: FROM transaction_users
             ^

[SQL: SELECT transaction_users.id AS transaction_users_id, transaction_users.user_seq AS transaction_users_user_seq, transaction_users.user_name AS transaction_users_user_name, transaction_users.country_code AS transaction_users_country_code, transaction_users.id_type AS transaction_users_id_type, transaction_users.birth_date AS transaction_users_birth_date, transaction_users.register_date AS transaction_users_register_date, transaction_users.first_transaction_date AS transaction_users_first_transaction_date, transaction_users.status AS transaction_users_status, transaction_users.ban_reason AS transaction_users_ban_reason, transaction_users.created_at AS transaction_users_created_at, transaction_users.updated_at AS transaction_users_updated_at 
FROM transaction_users]
(Background on this error at: https://sqlalche.me/e/20/f405)
2025-11-25 23:56:59,145 WARNING Falling back to random user generation
2025-11-25 23:56:59,148 INFO ✓ RAW sent seq=317 | user=1555616 name=Alison Mcclain amount=$781.56
2025-11-25 23:57:01,151 ERROR Failed to load users from database: (psycopg2.errors.UndefinedTable) relation "transaction_users" does not exist
LINE 2: FROM transaction_users
             ^

[SQL: SELECT transaction_users.id AS transaction_users_id, transaction_users.user_seq AS transaction_users_user_seq, transaction_users.user_name AS transaction_users_user_name, transaction_users.country_code AS transaction_users_country_code, transaction_users.id_type AS transaction_users_id_type, transaction_users.birth_date AS transaction_users_birth_date, transaction_users.register_date AS transaction_users_register_date, transaction_users.first_transaction_date AS transaction_users_first_transaction_date, transaction_users.status AS transaction_users_status, transaction_users.ban_reason AS transaction_users_ban_reason, transaction_users.created_at AS transaction_users_created_at, transaction_users.updated_at AS transaction_users_updated_at 
FROM transaction_users]
(Background on this error at: https://sqlalche.me/e/20/f405)
2025-11-25 23:57:01,151 WARNING Falling back to random user generation
2025-11-25 23:57:01,156 INFO ✓ RAW sent seq=318 | user=7266503 name=Mckenzie Carey amount=$489.06
2025-11-25 23:57:01,158 ERROR Failed to load users from database: (psycopg2.errors.UndefinedTable) relation "transaction_users" does not exist
LINE 2: FROM transaction_users
             ^

[SQL: SELECT transaction_users.id AS transaction_users_id, transaction_users.user_seq AS transaction_users_user_seq, transaction_users.user_name AS transaction_users_user_name, transaction_users.country_code AS transaction_users_country_code, transaction_users.id_type AS transaction_users_id_type, transaction_users.birth_date AS transaction_users_birth_date, transaction_users.register_date AS transaction_users_register_date, transaction_users.first_transaction_date AS transaction_users_first_transaction_date, transaction_users.status AS transaction_users_status, transaction_users.ban_reason AS transaction_users_ban_reason, transaction_users.created_at AS transaction_users_created_at, transaction_users.updated_at AS transaction_users_updated_at 
FROM transaction_users]
(Background on this error at: https://sqlalche.me/e/20/f405)
2025-11-25 23:57:01,159 WARNING Falling back to random user generation
2025-11-25 23:57:01,163 INFO ✓ RAW sent seq=319 | user=9884687 name=Miss Vanessa Burke PhD amount=$663.49
2025-11-25 23:57:01,164 ERROR Failed to load users from database: (psycopg2.errors.UndefinedTable) relation "transaction_users" does not exist
LINE 2: FROM transaction_users
             ^

[SQL: SELECT transaction_users.id AS transaction_users_id, transaction_users.user_seq AS transaction_users_user_seq, transaction_users.user_name AS transaction_users_user_name, transaction_users.country_code AS transaction_users_country_code, transaction_users.id_type AS transaction_users_id_type, transaction_users.birth_date AS transaction_users_birth_date, transaction_users.register_date AS transaction_users_register_date, transaction_users.first_transaction_date AS transaction_users_first_transaction_date, transaction_users.status AS transaction_users_status, transaction_users.ban_reason AS transaction_users_ban_reason, transaction_users.created_at AS transaction_users_created_at, transaction_users.updated_at AS transaction_users_updated_at 
FROM transaction_users]
(Background on this error at: https://sqlalche.me/e/20/f405)
2025-11-25 23:57:01,164 WARNING Falling back to random user generation
2025-11-25 23:57:01,166 INFO ✓ RAW sent seq=320 | user=3265404 name=Timothy Thomas amount=$619.84
2025-11-25 23:57:03,170 ERROR Failed to load users from database: (psycopg2.errors.UndefinedTable) relation "transaction_users" does not exist
LINE 2: FROM transaction_users
             ^

[SQL: SELECT transaction_users.id AS transaction_users_id, transaction_users.user_seq AS transaction_users_user_seq, transaction_users.user_name AS transaction_users_user_name, transaction_users.country_code AS transaction_users_country_code, transaction_users.id_type AS transaction_users_id_type, transaction_users.birth_date AS transaction_users_birth_date, transaction_users.register_date AS transaction_users_register_date, transaction_users.first_transaction_date AS transaction_users_first_transaction_date, transaction_users.status AS transaction_users_status, transaction_users.ban_reason AS transaction_users_ban_reason, transaction_users.created_at AS transaction_users_created_at, transaction_users.updated_at AS transaction_users_updated_at 
FROM transaction_users]
(Background on this error at: https://sqlalche.me/e/20/f405)
2025-11-25 23:57:03,170 WARNING Falling back to random user generation
2025-11-25 23:57:03,175 INFO ✓ RAW sent seq=321 | user=7073770 name=Krista Morgan amount=$555.43
2025-11-25 23:57:05,179 ERROR Failed to load users from database: (psycopg2.errors.UndefinedTable) relation "transaction_users" does not exist
LINE 2: FROM transaction_users
             ^

[SQL: SELECT transaction_users.id AS transaction_users_id, transaction_users.user_seq AS transaction_users_user_seq, transaction_users.user_name AS transaction_users_user_name, transaction_users.country_code AS transaction_users_country_code, transaction_users.id_type AS transaction_users_id_type, transaction_users.birth_date AS transaction_users_birth_date, transaction_users.register_date AS transaction_users_register_date, transaction_users.first_transaction_date AS transaction_users_first_transaction_date, transaction_users.status AS transaction_users_status, transaction_users.ban_reason AS transaction_users_ban_reason, transaction_users.created_at AS transaction_users_created_at, transaction_users.updated_at AS transaction_users_updated_at 
FROM transaction_users]
(Background on this error at: https://sqlalche.me/e/20/f405)
2025-11-25 23:57:05,180 WARNING Falling back to random user generation
2025-11-25 23:57:05,185 INFO ✓ RAW sent seq=322 | user=9879564 name=Thomas Matthews amount=$355.54
2025-11-25 23:57:05,186 ERROR Failed to load users from database: (psycopg2.errors.UndefinedTable) relation "transaction_users" does not exist
LINE 2: FROM transaction_users
             ^

[SQL: SELECT transaction_users.id AS transaction_users_id, transaction_users.user_seq AS transaction_users_user_seq, transaction_users.user_name AS transaction_users_user_name, transaction_users.country_code AS transaction_users_country_code, transaction_users.id_type AS transaction_users_id_type, transaction_users.birth_date AS transaction_users_birth_date, transaction_users.register_date AS transaction_users_register_date, transaction_users.first_transaction_date AS transaction_users_first_transaction_date, transaction_users.status AS transaction_users_status, transaction_users.ban_reason AS transaction_users_ban_reason, transaction_users.created_at AS transaction_users_created_at, transaction_users.updated_at AS transaction_users_updated_at 
FROM transaction_users]
(Background on this error at: https://sqlalche.me/e/20/f405)
2025-11-25 23:57:05,186 WARNING Falling back to random user generation
2025-11-25 23:57:05,189 INFO ✓ RAW sent seq=323 | user=3296575 name=Alexander Bond amount=$781.67
2025-11-25 23:57:05,190 ERROR Failed to load users from database: (psycopg2.errors.UndefinedTable) relation "transaction_users" does not exist
LINE 2: FROM transaction_users
             ^

[SQL: SELECT transaction_users.id AS transaction_users_id, transaction_users.user_seq AS transaction_users_user_seq, transaction_users.user_name AS transaction_users_user_name, transaction_users.country_code AS transaction_users_country_code, transaction_users.id_type AS transaction_users_id_type, transaction_users.birth_date AS transaction_users_birth_date, transaction_users.register_date AS transaction_users_register_date, transaction_users.first_transaction_date AS transaction_users_first_transaction_date, transaction_users.status AS transaction_users_status, transaction_users.ban_reason AS transaction_users_ban_reason, transaction_users.created_at AS transaction_users_created_at, transaction_users.updated_at AS transaction_users_updated_at 
FROM transaction_users]
(Background on this error at: https://sqlalche.me/e/20/f405)
2025-11-25 23:57:05,191 WARNING Falling back to random user generation
2025-11-25 23:57:05,193 INFO ✓ RAW sent seq=324 | user=2792299 name=Michelle Lopez amount=$395.64
2025-11-25 23:57:07,196 ERROR Failed to load users from database: (psycopg2.errors.UndefinedTable) relation "transaction_users" does not exist
LINE 2: FROM transaction_users
             ^

[SQL: SELECT transaction_users.id AS transaction_users_id, transaction_users.user_seq AS transaction_users_user_seq, transaction_users.user_name AS transaction_users_user_name, transaction_users.country_code AS transaction_users_country_code, transaction_users.id_type AS transaction_users_id_type, transaction_users.birth_date AS transaction_users_birth_date, transaction_users.register_date AS transaction_users_register_date, transaction_users.first_transaction_date AS transaction_users_first_transaction_date, transaction_users.status AS transaction_users_status, transaction_users.ban_reason AS transaction_users_ban_reason, transaction_users.created_at AS transaction_users_created_at, transaction_users.updated_at AS transaction_users_updated_at 
FROM transaction_users]
(Background on this error at: https://sqlalche.me/e/20/f405)
2025-11-25 23:57:07,196 WARNING Falling back to random user generation
2025-11-25 23:57:07,200 INFO ✓ RAW sent seq=325 | user=6478994 name=Brian Thomas amount=$768.37
2025-11-25 23:57:09,201 ERROR Failed to load users from database: (psycopg2.errors.UndefinedTable) relation "transaction_users" does not exist
LINE 2: FROM transaction_users
             ^

[SQL: SELECT transaction_users.id AS transaction_users_id, transaction_users.user_seq AS transaction_users_user_seq, transaction_users.user_name AS transaction_users_user_name, transaction_users.country_code AS transaction_users_country_code, transaction_users.id_type AS transaction_users_id_type, transaction_users.birth_date AS transaction_users_birth_date, transaction_users.register_date AS transaction_users_register_date, transaction_users.first_transaction_date AS transaction_users_first_transaction_date, transaction_users.status AS transaction_users_status, transaction_users.ban_reason AS transaction_users_ban_reason, transaction_users.created_at AS transaction_users_created_at, transaction_users.updated_at AS transaction_users_updated_at 
FROM transaction_users]
(Background on this error at: https://sqlalche.me/e/20/f405)
2025-11-25 23:57:09,201 WARNING Falling back to random user generation
2025-11-25 23:57:09,204 INFO ✓ RAW sent seq=326 | user=2406237 name=James Brandt amount=$923.74
2025-11-25 23:57:11,207 ERROR Failed to load users from database: (psycopg2.errors.UndefinedTable) relation "transaction_users" does not exist
LINE 2: FROM transaction_users
             ^

[SQL: SELECT transaction_users.id AS transaction_users_id, transaction_users.user_seq AS transaction_users_user_seq, transaction_users.user_name AS transaction_users_user_name, transaction_users.country_code AS transaction_users_country_code, transaction_users.id_type AS transaction_users_id_type, transaction_users.birth_date AS transaction_users_birth_date, transaction_users.register_date AS transaction_users_register_date, transaction_users.first_transaction_date AS transaction_users_first_transaction_date, transaction_users.status AS transaction_users_status, transaction_users.ban_reason AS transaction_users_ban_reason, transaction_users.created_at AS transaction_users_created_at, transaction_users.updated_at AS transaction_users_updated_at 
FROM transaction_users]
(Background on this error at: https://sqlalche.me/e/20/f405)
2025-11-25 23:57:11,208 WARNING Falling back to random user generation
2025-11-25 23:57:11,212 INFO ✓ RAW sent seq=327 | user=3082566 name=Kelly Long amount=$952.67
2025-11-25 23:57:11,213 ERROR Failed to load users from database: (psycopg2.errors.UndefinedTable) relation "transaction_users" does not exist
LINE 2: FROM transaction_users
             ^

[SQL: SELECT transaction_users.id AS transaction_users_id, transaction_users.user_seq AS transaction_users_user_seq, transaction_users.user_name AS transaction_users_user_name, transaction_users.country_code AS transaction_users_country_code, transaction_users.id_type AS transaction_users_id_type, transaction_users.birth_date AS transaction_users_birth_date, transaction_users.register_date AS transaction_users_register_date, transaction_users.first_transaction_date AS transaction_users_first_transaction_date, transaction_users.status AS transaction_users_status, transaction_users.ban_reason AS transaction_users_ban_reason, transaction_users.created_at AS transaction_users_created_at, transaction_users.updated_at AS transaction_users_updated_at 
FROM transaction_users]
(Background on this error at: https://sqlalche.me/e/20/f405)
2025-11-25 23:57:11,214 WARNING Falling back to random user generation
2025-11-25 23:57:11,217 INFO 🚨 FRAUD sent seq=328 type=high_velocity | user=5439594 tx_24h=53 amt_24h=$27306 payment=CASH
2025-11-25 23:57:13,221 ERROR Failed to load users from database: (psycopg2.errors.UndefinedTable) relation "transaction_users" does not exist
LINE 2: FROM transaction_users
             ^

[SQL: SELECT transaction_users.id AS transaction_users_id, transaction_users.user_seq AS transaction_users_user_seq, transaction_users.user_name AS transaction_users_user_name, transaction_users.country_code AS transaction_users_country_code, transaction_users.id_type AS transaction_users_id_type, transaction_users.birth_date AS transaction_users_birth_date, transaction_users.register_date AS transaction_users_register_date, transaction_users.first_transaction_date AS transaction_users_first_transaction_date, transaction_users.status AS transaction_users_status, transaction_users.ban_reason AS transaction_users_ban_reason, transaction_users.created_at AS transaction_users_created_at, transaction_users.updated_at AS transaction_users_updated_at 
FROM transaction_users]
(Background on this error at: https://sqlalche.me/e/20/f405)
2025-11-25 23:57:13,221 WARNING Falling back to random user generation
2025-11-25 23:57:13,226 INFO ✓ RAW sent seq=329 | user=7133626 name=Dalton Allen amount=$726.48
2025-11-25 23:57:13,227 ERROR Failed to load users from database: (psycopg2.errors.UndefinedTable) relation "transaction_users" does not exist
LINE 2: FROM transaction_users
             ^

[SQL: SELECT transaction_users.id AS transaction_users_id, transaction_users.user_seq AS transaction_users_user_seq, transaction_users.user_name AS transaction_users_user_name, transaction_users.country_code AS transaction_users_country_code, transaction_users.id_type AS transaction_users_id_type, transaction_users.birth_date AS transaction_users_birth_date, transaction_users.register_date AS transaction_users_register_date, transaction_users.first_transaction_date AS transaction_users_first_transaction_date, transaction_users.status AS transaction_users_status, transaction_users.ban_reason AS transaction_users_ban_reason, transaction_users.created_at AS transaction_users_created_at, transaction_users.updated_at AS transaction_users_updated_at 
FROM transaction_users]
(Background on this error at: https://sqlalche.me/e/20/f405)
2025-11-25 23:57:13,227 WARNING Falling back to random user generation
2025-11-25 23:57:13,231 INFO 🚨 FRAUD sent seq=330 type=crypto_suspicious | user=5119437 tx_24h=79 amt_24h=$27164 payment=CRYPTO
2025-11-25 23:57:13,233 ERROR Failed to load users from database: (psycopg2.errors.UndefinedTable) relation "transaction_users" does not exist
LINE 2: FROM transaction_users
             ^

[SQL: SELECT transaction_users.id AS transaction_users_id, transaction_users.user_seq AS transaction_users_user_seq, transaction_users.user_name AS transaction_users_user_name, transaction_users.country_code AS transaction_users_country_code, transaction_users.id_type AS transaction_users_id_type, transaction_users.birth_date AS transaction_users_birth_date, transaction_users.register_date AS transaction_users_register_date, transaction_users.first_transaction_date AS transaction_users_first_transaction_date, transaction_users.status AS transaction_users_status, transaction_users.ban_reason AS transaction_users_ban_reason, transaction_users.created_at AS transaction_users_created_at, transaction_users.updated_at AS transaction_users_updated_at 
FROM transaction_users]
(Background on this error at: https://sqlalche.me/e/20/f405)
2025-11-25 23:57:13,233 WARNING Falling back to random user generation
2025-11-25 23:57:13,235 INFO 🚨 FRAUD sent seq=331 type=mixed_pattern | user=8772339 tx_24h=94 amt_24h=$53426 payment=WALLET
2025-11-25 23:57:15,238 ERROR Failed to load users from database: (psycopg2.errors.UndefinedTable) relation "transaction_users" does not exist
LINE 2: FROM transaction_users
             ^

[SQL: SELECT transaction_users.id AS transaction_users_id, transaction_users.user_seq AS transaction_users_user_seq, transaction_users.user_name AS transaction_users_user_name, transaction_users.country_code AS transaction_users_country_code, transaction_users.id_type AS transaction_users_id_type, transaction_users.birth_date AS transaction_users_birth_date, transaction_users.register_date AS transaction_users_register_date, transaction_users.first_transaction_date AS transaction_users_first_transaction_date, transaction_users.status AS transaction_users_status, transaction_users.ban_reason AS transaction_users_ban_reason, transaction_users.created_at AS transaction_users_created_at, transaction_users.updated_at AS transaction_users_updated_at 
FROM transaction_users]
(Background on this error at: https://sqlalche.me/e/20/f405)
2025-11-25 23:57:15,239 WARNING Falling back to random user generation
2025-11-25 23:57:15,244 INFO ✓ RAW sent seq=332 | user=7714706 name=Amanda Mitchell amount=$208.81
2025-11-25 23:57:15,247 ERROR Failed to load users from database: (psycopg2.errors.UndefinedTable) relation "transaction_users" does not exist
LINE 2: FROM transaction_users
             ^

[SQL: SELECT transaction_users.id AS transaction_users_id, transaction_users.user_seq AS transaction_users_user_seq, transaction_users.user_name AS transaction_users_user_name, transaction_users.country_code AS transaction_users_country_code, transaction_users.id_type AS transaction_users_id_type, transaction_users.birth_date AS transaction_users_birth_date, transaction_users.register_date AS transaction_users_register_date, transaction_users.first_transaction_date AS transaction_users_first_transaction_date, transaction_users.status AS transaction_users_status, transaction_users.ban_reason AS transaction_users_ban_reason, transaction_users.created_at AS transaction_users_created_at, transaction_users.updated_at AS transaction_users_updated_at 
FROM transaction_users]
(Background on this error at: https://sqlalche.me/e/20/f405)
2025-11-25 23:57:15,247 WARNING Falling back to random user generation
2025-11-25 23:57:15,250 INFO 🚨 FRAUD sent seq=333 type=cross_border | user=5683088 tx_24h=45 amt_24h=$21441 payment=CARD
2025-11-25 23:57:15,253 ERROR Failed to load users from database: (psycopg2.errors.UndefinedTable) relation "transaction_users" does not exist
LINE 2: FROM transaction_users
             ^

[SQL: SELECT transaction_users.id AS transaction_users_id, transaction_users.user_seq AS transaction_users_user_seq, transaction_users.user_name AS transaction_users_user_name, transaction_users.country_code AS transaction_users_country_code, transaction_users.id_type AS transaction_users_id_type, transaction_users.birth_date AS transaction_users_birth_date, transaction_users.register_date AS transaction_users_register_date, transaction_users.first_transaction_date AS transaction_users_first_transaction_date, transaction_users.status AS transaction_users_status, transaction_users.ban_reason AS transaction_users_ban_reason, transaction_users.created_at AS transaction_users_created_at, transaction_users.updated_at AS transaction_users_updated_at 
FROM transaction_users]
(Background on this error at: https://sqlalche.me/e/20/f405)
2025-11-25 23:57:15,253 WARNING Falling back to random user generation
2025-11-25 23:57:15,255 INFO ✓ RAW sent seq=334 | user=6402476 name=Lisa Martin amount=$356.47
2025-11-25 23:57:17,258 ERROR Failed to load users from database: (psycopg2.errors.UndefinedTable) relation "transaction_users" does not exist
LINE 2: FROM transaction_users
             ^

[SQL: SELECT transaction_users.id AS transaction_users_id, transaction_users.user_seq AS transaction_users_user_seq, transaction_users.user_name AS transaction_users_user_name, transaction_users.country_code AS transaction_users_country_code, transaction_users.id_type AS transaction_users_id_type, transaction_users.birth_date AS transaction_users_birth_date, transaction_users.register_date AS transaction_users_register_date, transaction_users.first_transaction_date AS transaction_users_first_transaction_date, transaction_users.status AS transaction_users_status, transaction_users.ban_reason AS transaction_users_ban_reason, transaction_users.created_at AS transaction_users_created_at, transaction_users.updated_at AS transaction_users_updated_at 
FROM transaction_users]
(Background on this error at: https://sqlalche.me/e/20/f405)
2025-11-25 23:57:17,258 WARNING Falling back to random user generation
2025-11-25 23:57:17,264 INFO ✓ RAW sent seq=335 | user=6840510 name=Kelly Rodgers amount=$849.47
2025-11-25 23:57:19,267 ERROR Failed to load users from database: (psycopg2.errors.UndefinedTable) relation "transaction_users" does not exist
LINE 2: FROM transaction_users
             ^

[SQL: SELECT transaction_users.id AS transaction_users_id, transaction_users.user_seq AS transaction_users_user_seq, transaction_users.user_name AS transaction_users_user_name, transaction_users.country_code AS transaction_users_country_code, transaction_users.id_type AS transaction_users_id_type, transaction_users.birth_date AS transaction_users_birth_date, transaction_users.register_date AS transaction_users_register_date, transaction_users.first_transaction_date AS transaction_users_first_transaction_date, transaction_users.status AS transaction_users_status, transaction_users.ban_reason AS transaction_users_ban_reason, transaction_users.created_at AS transaction_users_created_at, transaction_users.updated_at AS transaction_users_updated_at 
FROM transaction_users]
(Background on this error at: https://sqlalche.me/e/20/f405)
2025-11-25 23:57:19,267 WARNING Falling back to random user generation
2025-11-25 23:57:19,274 INFO ✓ RAW sent seq=336 | user=8909607 name=Rebecca Palmer DDS amount=$39.01
2025-11-25 23:57:21,277 ERROR Failed to load users from database: (psycopg2.errors.UndefinedTable) relation "transaction_users" does not exist
LINE 2: FROM transaction_users
             ^

[SQL: SELECT transaction_users.id AS transaction_users_id, transaction_users.user_seq AS transaction_users_user_seq, transaction_users.user_name AS transaction_users_user_name, transaction_users.country_code AS transaction_users_country_code, transaction_users.id_type AS transaction_users_id_type, transaction_users.birth_date AS transaction_users_birth_date, transaction_users.register_date AS transaction_users_register_date, transaction_users.first_transaction_date AS transaction_users_first_transaction_date, transaction_users.status AS transaction_users_status, transaction_users.ban_reason AS transaction_users_ban_reason, transaction_users.created_at AS transaction_users_created_at, transaction_users.updated_at AS transaction_users_updated_at 
FROM transaction_users]
(Background on this error at: https://sqlalche.me/e/20/f405)
2025-11-25 23:57:21,277 WARNING Falling back to random user generation
2025-11-25 23:57:21,281 INFO 🚨 FRAUD sent seq=337 type=cross_border | user=3963931 tx_24h=34 amt_24h=$17358 payment=WALLET
2025-11-25 23:57:21,284 ERROR Failed to load users from database: (psycopg2.errors.UndefinedTable) relation "transaction_users" does not exist
LINE 2: FROM transaction_users
             ^

[SQL: SELECT transaction_users.id AS transaction_users_id, transaction_users.user_seq AS transaction_users_user_seq, transaction_users.user_name AS transaction_users_user_name, transaction_users.country_code AS transaction_users_country_code, transaction_users.id_type AS transaction_users_id_type, transaction_users.birth_date AS transaction_users_birth_date, transaction_users.register_date AS transaction_users_register_date, transaction_users.first_transaction_date AS transaction_users_first_transaction_date, transaction_users.status AS transaction_users_status, transaction_users.ban_reason AS transaction_users_ban_reason, transaction_users.created_at AS transaction_users_created_at, transaction_users.updated_at AS transaction_users_updated_at 
FROM transaction_users]
(Background on this error at: https://sqlalche.me/e/20/f405)
2025-11-25 23:57:21,284 WARNING Falling back to random user generation
2025-11-25 23:57:21,288 INFO ✓ RAW sent seq=338 | user=8502265 name=Gabrielle Howard amount=$672.82
2025-11-25 23:57:21,289 ERROR Failed to load users from database: (psycopg2.errors.UndefinedTable) relation "transaction_users" does not exist
LINE 2: FROM transaction_users
             ^

[SQL: SELECT transaction_users.id AS transaction_users_id, transaction_users.user_seq AS transaction_users_user_seq, transaction_users.user_name AS transaction_users_user_name, transaction_users.country_code AS transaction_users_country_code, transaction_users.id_type AS transaction_users_id_type, transaction_users.birth_date AS transaction_users_birth_date, transaction_users.register_date AS transaction_users_register_date, transaction_users.first_transaction_date AS transaction_users_first_transaction_date, transaction_users.status AS transaction_users_status, transaction_users.ban_reason AS transaction_users_ban_reason, transaction_users.created_at AS transaction_users_created_at, transaction_users.updated_at AS transaction_users_updated_at 
FROM transaction_users]
(Background on this error at: https://sqlalche.me/e/20/f405)
2025-11-25 23:57:21,289 WARNING Falling back to random user generation
2025-11-25 23:57:21,293 INFO ✓ RAW sent seq=339 | user=8563239 name=Charles Williams amount=$764.51
2025-11-25 23:57:23,296 ERROR Failed to load users from database: (psycopg2.errors.UndefinedTable) relation "transaction_users" does not exist
LINE 2: FROM transaction_users
             ^

[SQL: SELECT transaction_users.id AS transaction_users_id, transaction_users.user_seq AS transaction_users_user_seq, transaction_users.user_name AS transaction_users_user_name, transaction_users.country_code AS transaction_users_country_code, transaction_users.id_type AS transaction_users_id_type, transaction_users.birth_date AS transaction_users_birth_date, transaction_users.register_date AS transaction_users_register_date, transaction_users.first_transaction_date AS transaction_users_first_transaction_date, transaction_users.status AS transaction_users_status, transaction_users.ban_reason AS transaction_users_ban_reason, transaction_users.created_at AS transaction_users_created_at, transaction_users.updated_at AS transaction_users_updated_at 
FROM transaction_users]
(Background on this error at: https://sqlalche.me/e/20/f405)
2025-11-25 23:57:23,297 WARNING Falling back to random user generation
2025-11-25 23:57:23,302 INFO ✓ RAW sent seq=340 | user=3180677 name=Jennifer Flores amount=$584.96
2025-11-25 23:57:23,303 ERROR Failed to load users from database: (psycopg2.errors.UndefinedTable) relation "transaction_users" does not exist
LINE 2: FROM transaction_users
             ^

[SQL: SELECT transaction_users.id AS transaction_users_id, transaction_users.user_seq AS transaction_users_user_seq, transaction_users.user_name AS transaction_users_user_name, transaction_users.country_code AS transaction_users_country_code, transaction_users.id_type AS transaction_users_id_type, transaction_users.birth_date AS transaction_users_birth_date, transaction_users.register_date AS transaction_users_register_date, transaction_users.first_transaction_date AS transaction_users_first_transaction_date, transaction_users.status AS transaction_users_status, transaction_users.ban_reason AS transaction_users_ban_reason, transaction_users.created_at AS transaction_users_created_at, transaction_users.updated_at AS transaction_users_updated_at 
FROM transaction_users]
(Background on this error at: https://sqlalche.me/e/20/f405)
2025-11-25 23:57:23,304 WARNING Falling back to random user generation
2025-11-25 23:57:23,307 INFO ✓ RAW sent seq=341 | user=1353617 name=Joseph Curry amount=$944.25
2025-11-25 23:57:23,309 ERROR Failed to load users from database: (psycopg2.errors.UndefinedTable) relation "transaction_users" does not exist
LINE 2: FROM transaction_users
             ^

[SQL: SELECT transaction_users.id AS transaction_users_id, transaction_users.user_seq AS transaction_users_user_seq, transaction_users.user_name AS transaction_users_user_name, transaction_users.country_code AS transaction_users_country_code, transaction_users.id_type AS transaction_users_id_type, transaction_users.birth_date AS transaction_users_birth_date, transaction_users.register_date AS transaction_users_register_date, transaction_users.first_transaction_date AS transaction_users_first_transaction_date, transaction_users.status AS transaction_users_status, transaction_users.ban_reason AS transaction_users_ban_reason, transaction_users.created_at AS transaction_users_created_at, transaction_users.updated_at AS transaction_users_updated_at 
FROM transaction_users]
(Background on this error at: https://sqlalche.me/e/20/f405)
2025-11-25 23:57:23,309 WARNING Falling back to random user generation
2025-11-25 23:57:23,311 INFO ✓ RAW sent seq=342 | user=5789263 name=Laura Jackson amount=$56.16
2025-11-25 23:57:25,314 ERROR Failed to load users from database: (psycopg2.errors.UndefinedTable) relation "transaction_users" does not exist
LINE 2: FROM transaction_users
             ^

[SQL: SELECT transaction_users.id AS transaction_users_id, transaction_users.user_seq AS transaction_users_user_seq, transaction_users.user_name AS transaction_users_user_name, transaction_users.country_code AS transaction_users_country_code, transaction_users.id_type AS transaction_users_id_type, transaction_users.birth_date AS transaction_users_birth_date, transaction_users.register_date AS transaction_users_register_date, transaction_users.first_transaction_date AS transaction_users_first_transaction_date, transaction_users.status AS transaction_users_status, transaction_users.ban_reason AS transaction_users_ban_reason, transaction_users.created_at AS transaction_users_created_at, transaction_users.updated_at AS transaction_users_updated_at 
FROM transaction_users]
(Background on this error at: https://sqlalche.me/e/20/f405)
2025-11-25 23:57:25,315 WARNING Falling back to random user generation
2025-11-25 23:57:25,320 INFO ✓ RAW sent seq=343 | user=4521805 name=Luis Roth amount=$384.93
2025-11-25 23:57:25,322 ERROR Failed to load users from database: (psycopg2.errors.UndefinedTable) relation "transaction_users" does not exist
LINE 2: FROM transaction_users
             ^

[SQL: SELECT transaction_users.id AS transaction_users_id, transaction_users.user_seq AS transaction_users_user_seq, transaction_users.user_name AS transaction_users_user_name, transaction_users.country_code AS transaction_users_country_code, transaction_users.id_type AS transaction_users_id_type, transaction_users.birth_date AS transaction_users_birth_date, transaction_users.register_date AS transaction_users_register_date, transaction_users.first_transaction_date AS transaction_users_first_transaction_date, transaction_users.status AS transaction_users_status, transaction_users.ban_reason AS transaction_users_ban_reason, transaction_users.created_at AS transaction_users_created_at, transaction_users.updated_at AS transaction_users_updated_at 
FROM transaction_users]
(Background on this error at: https://sqlalche.me/e/20/f405)
2025-11-25 23:57:25,322 WARNING Falling back to random user generation
2025-11-25 23:57:25,326 INFO 🚨 FRAUD sent seq=344 type=high_velocity | user=2396717 tx_24h=59 amt_24h=$40141 payment=CASH
2025-11-25 23:57:27,329 ERROR Failed to load users from database: (psycopg2.errors.UndefinedTable) relation "transaction_users" does not exist
LINE 2: FROM transaction_users
             ^

[SQL: SELECT transaction_users.id AS transaction_users_id, transaction_users.user_seq AS transaction_users_user_seq, transaction_users.user_name AS transaction_users_user_name, transaction_users.country_code AS transaction_users_country_code, transaction_users.id_type AS transaction_users_id_type, transaction_users.birth_date AS transaction_users_birth_date, transaction_users.register_date AS transaction_users_register_date, transaction_users.first_transaction_date AS transaction_users_first_transaction_date, transaction_users.status AS transaction_users_status, transaction_users.ban_reason AS transaction_users_ban_reason, transaction_users.created_at AS transaction_users_created_at, transaction_users.updated_at AS transaction_users_updated_at 
FROM transaction_users]
(Background on this error at: https://sqlalche.me/e/20/f405)
2025-11-25 23:57:27,329 WARNING Falling back to random user generation
2025-11-25 23:57:27,334 INFO ✓ RAW sent seq=345 | user=3567220 name=Jeffery Garza amount=$900.47
2025-11-25 23:57:27,335 ERROR Failed to load users from database: (psycopg2.errors.UndefinedTable) relation "transaction_users" does not exist
LINE 2: FROM transaction_users
             ^

[SQL: SELECT transaction_users.id AS transaction_users_id, transaction_users.user_seq AS transaction_users_user_seq, transaction_users.user_name AS transaction_users_user_name, transaction_users.country_code AS transaction_users_country_code, transaction_users.id_type AS transaction_users_id_type, transaction_users.birth_date AS transaction_users_birth_date, transaction_users.register_date AS transaction_users_register_date, transaction_users.first_transaction_date AS transaction_users_first_transaction_date, transaction_users.status AS transaction_users_status, transaction_users.ban_reason AS transaction_users_ban_reason, transaction_users.created_at AS transaction_users_created_at, transaction_users.updated_at AS transaction_users_updated_at 
FROM transaction_users]
(Background on this error at: https://sqlalche.me/e/20/f405)
2025-11-25 23:57:27,335 WARNING Falling back to random user generation
2025-11-25 23:57:27,339 INFO ✓ RAW sent seq=346 | user=1292329 name=Leslie Farley amount=$594.89
2025-11-25 23:57:27,340 ERROR Failed to load users from database: (psycopg2.errors.UndefinedTable) relation "transaction_users" does not exist
LINE 2: FROM transaction_users
             ^

[SQL: SELECT transaction_users.id AS transaction_users_id, transaction_users.user_seq AS transaction_users_user_seq, transaction_users.user_name AS transaction_users_user_name, transaction_users.country_code AS transaction_users_country_code, transaction_users.id_type AS transaction_users_id_type, transaction_users.birth_date AS transaction_users_birth_date, transaction_users.register_date AS transaction_users_register_date, transaction_users.first_transaction_date AS transaction_users_first_transaction_date, transaction_users.status AS transaction_users_status, transaction_users.ban_reason AS transaction_users_ban_reason, transaction_users.created_at AS transaction_users_created_at, transaction_users.updated_at AS transaction_users_updated_at 
FROM transaction_users]
(Background on this error at: https://sqlalche.me/e/20/f405)
2025-11-25 23:57:27,340 WARNING Falling back to random user generation
2025-11-25 23:57:27,345 INFO ✓ RAW sent seq=347 | user=3024683 name=Mark Huynh amount=$39.44
2025-11-25 23:57:29,348 ERROR Failed to load users from database: (psycopg2.errors.UndefinedTable) relation "transaction_users" does not exist
LINE 2: FROM transaction_users
             ^

[SQL: SELECT transaction_users.id AS transaction_users_id, transaction_users.user_seq AS transaction_users_user_seq, transaction_users.user_name AS transaction_users_user_name, transaction_users.country_code AS transaction_users_country_code, transaction_users.id_type AS transaction_users_id_type, transaction_users.birth_date AS transaction_users_birth_date, transaction_users.register_date AS transaction_users_register_date, transaction_users.first_transaction_date AS transaction_users_first_transaction_date, transaction_users.status AS transaction_users_status, transaction_users.ban_reason AS transaction_users_ban_reason, transaction_users.created_at AS transaction_users_created_at, transaction_users.updated_at AS transaction_users_updated_at 
FROM transaction_users]
(Background on this error at: https://sqlalche.me/e/20/f405)
2025-11-25 23:57:29,348 WARNING Falling back to random user generation
2025-11-25 23:57:29,354 INFO ✓ RAW sent seq=348 | user=6795590 name=Jessica Wilkinson amount=$572.27
2025-11-25 23:57:29,355 ERROR Failed to load users from database: (psycopg2.errors.UndefinedTable) relation "transaction_users" does not exist
LINE 2: FROM transaction_users
             ^

[SQL: SELECT transaction_users.id AS transaction_users_id, transaction_users.user_seq AS transaction_users_user_seq, transaction_users.user_name AS transaction_users_user_name, transaction_users.country_code AS transaction_users_country_code, transaction_users.id_type AS transaction_users_id_type, transaction_users.birth_date AS transaction_users_birth_date, transaction_users.register_date AS transaction_users_register_date, transaction_users.first_transaction_date AS transaction_users_first_transaction_date, transaction_users.status AS transaction_users_status, transaction_users.ban_reason AS transaction_users_ban_reason, transaction_users.created_at AS transaction_users_created_at, transaction_users.updated_at AS transaction_users_updated_at 
FROM transaction_users]
(Background on this error at: https://sqlalche.me/e/20/f405)
2025-11-25 23:57:29,355 WARNING Falling back to random user generation
2025-11-25 23:57:29,358 INFO ✓ RAW sent seq=349 | user=5172097 name=Jose Wright amount=$885.1
2025-11-25 23:57:29,359 ERROR Failed to load users from database: (psycopg2.errors.UndefinedTable) relation "transaction_users" does not exist
LINE 2: FROM transaction_users
             ^

[SQL: SELECT transaction_users.id AS transaction_users_id, transaction_users.user_seq AS transaction_users_user_seq, transaction_users.user_name AS transaction_users_user_name, transaction_users.country_code AS transaction_users_country_code, transaction_users.id_type AS transaction_users_id_type, transaction_users.birth_date AS transaction_users_birth_date, transaction_users.register_date AS transaction_users_register_date, transaction_users.first_transaction_date AS transaction_users_first_transaction_date, transaction_users.status AS transaction_users_status, transaction_users.ban_reason AS transaction_users_ban_reason, transaction_users.created_at AS transaction_users_created_at, transaction_users.updated_at AS transaction_users_updated_at 
FROM transaction_users]
(Background on this error at: https://sqlalche.me/e/20/f405)
2025-11-25 23:57:29,360 WARNING Falling back to random user generation
2025-11-25 23:57:29,363 INFO 🚨 FRAUD sent seq=350 type=cross_border | user=5903309 tx_24h=75 amt_24h=$28026 payment=CARD
2025-11-25 23:57:31,367 ERROR Failed to load users from database: (psycopg2.errors.UndefinedTable) relation "transaction_users" does not exist
LINE 2: FROM transaction_users
             ^

[SQL: SELECT transaction_users.id AS transaction_users_id, transaction_users.user_seq AS transaction_users_user_seq, transaction_users.user_name AS transaction_users_user_name, transaction_users.country_code AS transaction_users_country_code, transaction_users.id_type AS transaction_users_id_type, transaction_users.birth_date AS transaction_users_birth_date, transaction_users.register_date AS transaction_users_register_date, transaction_users.first_transaction_date AS transaction_users_first_transaction_date, transaction_users.status AS transaction_users_status, transaction_users.ban_reason AS transaction_users_ban_reason, transaction_users.created_at AS transaction_users_created_at, transaction_users.updated_at AS transaction_users_updated_at 
FROM transaction_users]
(Background on this error at: https://sqlalche.me/e/20/f405)
2025-11-25 23:57:31,367 WARNING Falling back to random user generation
2025-11-25 23:57:31,373 INFO ✓ RAW sent seq=351 | user=1356424 name=Michelle Alexander amount=$66.83
2025-11-25 23:57:33,376 ERROR Failed to load users from database: (psycopg2.errors.UndefinedTable) relation "transaction_users" does not exist
LINE 2: FROM transaction_users
             ^

[SQL: SELECT transaction_users.id AS transaction_users_id, transaction_users.user_seq AS transaction_users_user_seq, transaction_users.user_name AS transaction_users_user_name, transaction_users.country_code AS transaction_users_country_code, transaction_users.id_type AS transaction_users_id_type, transaction_users.birth_date AS transaction_users_birth_date, transaction_users.register_date AS transaction_users_register_date, transaction_users.first_transaction_date AS transaction_users_first_transaction_date, transaction_users.status AS transaction_users_status, transaction_users.ban_reason AS transaction_users_ban_reason, transaction_users.created_at AS transaction_users_created_at, transaction_users.updated_at AS transaction_users_updated_at 
FROM transaction_users]
(Background on this error at: https://sqlalche.me/e/20/f405)
2025-11-25 23:57:33,376 WARNING Falling back to random user generation
2025-11-25 23:57:33,381 INFO ✓ RAW sent seq=352 | user=9675238 name=Susan Johnson amount=$388.0
2025-11-25 23:57:33,383 ERROR Failed to load users from database: (psycopg2.errors.UndefinedTable) relation "transaction_users" does not exist
LINE 2: FROM transaction_users
             ^

[SQL: SELECT transaction_users.id AS transaction_users_id, transaction_users.user_seq AS transaction_users_user_seq, transaction_users.user_name AS transaction_users_user_name, transaction_users.country_code AS transaction_users_country_code, transaction_users.id_type AS transaction_users_id_type, transaction_users.birth_date AS transaction_users_birth_date, transaction_users.register_date AS transaction_users_register_date, transaction_users.first_transaction_date AS transaction_users_first_transaction_date, transaction_users.status AS transaction_users_status, transaction_users.ban_reason AS transaction_users_ban_reason, transaction_users.created_at AS transaction_users_created_at, transaction_users.updated_at AS transaction_users_updated_at 
FROM transaction_users]
(Background on this error at: https://sqlalche.me/e/20/f405)
2025-11-25 23:57:33,384 WARNING Falling back to random user generation
2025-11-25 23:57:33,388 INFO ✓ RAW sent seq=353 | user=2136863 name=Monica Cameron amount=$356.63
2025-11-25 23:57:35,391 ERROR Failed to load users from database: (psycopg2.errors.UndefinedTable) relation "transaction_users" does not exist
LINE 2: FROM transaction_users
             ^

[SQL: SELECT transaction_users.id AS transaction_users_id, transaction_users.user_seq AS transaction_users_user_seq, transaction_users.user_name AS transaction_users_user_name, transaction_users.country_code AS transaction_users_country_code, transaction_users.id_type AS transaction_users_id_type, transaction_users.birth_date AS transaction_users_birth_date, transaction_users.register_date AS transaction_users_register_date, transaction_users.first_transaction_date AS transaction_users_first_transaction_date, transaction_users.status AS transaction_users_status, transaction_users.ban_reason AS transaction_users_ban_reason, transaction_users.created_at AS transaction_users_created_at, transaction_users.updated_at AS transaction_users_updated_at 
FROM transaction_users]
(Background on this error at: https://sqlalche.me/e/20/f405)
2025-11-25 23:57:35,391 WARNING Falling back to random user generation
2025-11-25 23:57:35,397 INFO ✓ RAW sent seq=354 | user=7385998 name=Elizabeth Haynes amount=$595.06
2025-11-25 23:57:35,398 ERROR Failed to load users from database: (psycopg2.errors.UndefinedTable) relation "transaction_users" does not exist
LINE 2: FROM transaction_users
             ^

[SQL: SELECT transaction_users.id AS transaction_users_id, transaction_users.user_seq AS transaction_users_user_seq, transaction_users.user_name AS transaction_users_user_name, transaction_users.country_code AS transaction_users_country_code, transaction_users.id_type AS transaction_users_id_type, transaction_users.birth_date AS transaction_users_birth_date, transaction_users.register_date AS transaction_users_register_date, transaction_users.first_transaction_date AS transaction_users_first_transaction_date, transaction_users.status AS transaction_users_status, transaction_users.ban_reason AS transaction_users_ban_reason, transaction_users.created_at AS transaction_users_created_at, transaction_users.updated_at AS transaction_users_updated_at 
FROM transaction_users]
(Background on this error at: https://sqlalche.me/e/20/f405)
2025-11-25 23:57:35,398 WARNING Falling back to random user generation
2025-11-25 23:57:35,401 INFO ✓ RAW sent seq=355 | user=3853067 name=Mark Carter amount=$277.48
2025-11-25 23:57:35,402 ERROR Failed to load users from database: (psycopg2.errors.UndefinedTable) relation "transaction_users" does not exist
LINE 2: FROM transaction_users
             ^

[SQL: SELECT transaction_users.id AS transaction_users_id, transaction_users.user_seq AS transaction_users_user_seq, transaction_users.user_name AS transaction_users_user_name, transaction_users.country_code AS transaction_users_country_code, transaction_users.id_type AS transaction_users_id_type, transaction_users.birth_date AS transaction_users_birth_date, transaction_users.register_date AS transaction_users_register_date, transaction_users.first_transaction_date AS transaction_users_first_transaction_date, transaction_users.status AS transaction_users_status, transaction_users.ban_reason AS transaction_users_ban_reason, transaction_users.created_at AS transaction_users_created_at, transaction_users.updated_at AS transaction_users_updated_at 
FROM transaction_users]
(Background on this error at: https://sqlalche.me/e/20/f405)
2025-11-25 23:57:35,402 WARNING Falling back to random user generation
2025-11-25 23:57:35,408 INFO ✓ RAW sent seq=356 | user=8333583 name=Dawn Hill amount=$811.73
2025-11-25 23:57:37,411 ERROR Failed to load users from database: (psycopg2.errors.UndefinedTable) relation "transaction_users" does not exist
LINE 2: FROM transaction_users
             ^

[SQL: SELECT transaction_users.id AS transaction_users_id, transaction_users.user_seq AS transaction_users_user_seq, transaction_users.user_name AS transaction_users_user_name, transaction_users.country_code AS transaction_users_country_code, transaction_users.id_type AS transaction_users_id_type, transaction_users.birth_date AS transaction_users_birth_date, transaction_users.register_date AS transaction_users_register_date, transaction_users.first_transaction_date AS transaction_users_first_transaction_date, transaction_users.status AS transaction_users_status, transaction_users.ban_reason AS transaction_users_ban_reason, transaction_users.created_at AS transaction_users_created_at, transaction_users.updated_at AS transaction_users_updated_at 
FROM transaction_users]
(Background on this error at: https://sqlalche.me/e/20/f405)
2025-11-25 23:57:37,411 WARNING Falling back to random user generation
2025-11-25 23:57:37,417 INFO ✓ RAW sent seq=357 | user=2661586 name=Tom Hill amount=$810.97
2025-11-25 23:57:37,419 ERROR Failed to load users from database: (psycopg2.errors.UndefinedTable) relation "transaction_users" does not exist
LINE 2: FROM transaction_users
             ^

[SQL: SELECT transaction_users.id AS transaction_users_id, transaction_users.user_seq AS transaction_users_user_seq, transaction_users.user_name AS transaction_users_user_name, transaction_users.country_code AS transaction_users_country_code, transaction_users.id_type AS transaction_users_id_type, transaction_users.birth_date AS transaction_users_birth_date, transaction_users.register_date AS transaction_users_register_date, transaction_users.first_transaction_date AS transaction_users_first_transaction_date, transaction_users.status AS transaction_users_status, transaction_users.ban_reason AS transaction_users_ban_reason, transaction_users.created_at AS transaction_users_created_at, transaction_users.updated_at AS transaction_users_updated_at 
FROM transaction_users]
(Background on this error at: https://sqlalche.me/e/20/f405)
2025-11-25 23:57:37,419 WARNING Falling back to random user generation
2025-11-25 23:57:37,422 INFO ✓ RAW sent seq=358 | user=7676478 name=Richard Silva amount=$198.54
2025-11-25 23:57:37,423 ERROR Failed to load users from database: (psycopg2.errors.UndefinedTable) relation "transaction_users" does not exist
LINE 2: FROM transaction_users
             ^

[SQL: SELECT transaction_users.id AS transaction_users_id, transaction_users.user_seq AS transaction_users_user_seq, transaction_users.user_name AS transaction_users_user_name, transaction_users.country_code AS transaction_users_country_code, transaction_users.id_type AS transaction_users_id_type, transaction_users.birth_date AS transaction_users_birth_date, transaction_users.register_date AS transaction_users_register_date, transaction_users.first_transaction_date AS transaction_users_first_transaction_date, transaction_users.status AS transaction_users_status, transaction_users.ban_reason AS transaction_users_ban_reason, transaction_users.created_at AS transaction_users_created_at, transaction_users.updated_at AS transaction_users_updated_at 
FROM transaction_users]
(Background on this error at: https://sqlalche.me/e/20/f405)
2025-11-25 23:57:37,423 WARNING Falling back to random user generation
2025-11-25 23:57:37,426 INFO ✓ RAW sent seq=359 | user=4627327 name=Christopher Hernandez amount=$386.48
2025-11-25 23:57:39,428 ERROR Failed to load users from database: (psycopg2.errors.UndefinedTable) relation "transaction_users" does not exist
LINE 2: FROM transaction_users
             ^

[SQL: SELECT transaction_users.id AS transaction_users_id, transaction_users.user_seq AS transaction_users_user_seq, transaction_users.user_name AS transaction_users_user_name, transaction_users.country_code AS transaction_users_country_code, transaction_users.id_type AS transaction_users_id_type, transaction_users.birth_date AS transaction_users_birth_date, transaction_users.register_date AS transaction_users_register_date, transaction_users.first_transaction_date AS transaction_users_first_transaction_date, transaction_users.status AS transaction_users_status, transaction_users.ban_reason AS transaction_users_ban_reason, transaction_users.created_at AS transaction_users_created_at, transaction_users.updated_at AS transaction_users_updated_at 
FROM transaction_users]
(Background on this error at: https://sqlalche.me/e/20/f405)
2025-11-25 23:57:39,428 WARNING Falling back to random user generation
2025-11-25 23:57:39,431 INFO ✓ RAW sent seq=360 | user=7148174 name=Douglas Moore amount=$808.6
2025-11-25 23:57:39,433 ERROR Failed to load users from database: (psycopg2.errors.UndefinedTable) relation "transaction_users" does not exist
LINE 2: FROM transaction_users
             ^

[SQL: SELECT transaction_users.id AS transaction_users_id, transaction_users.user_seq AS transaction_users_user_seq, transaction_users.user_name AS transaction_users_user_name, transaction_users.country_code AS transaction_users_country_code, transaction_users.id_type AS transaction_users_id_type, transaction_users.birth_date AS transaction_users_birth_date, transaction_users.register_date AS transaction_users_register_date, transaction_users.first_transaction_date AS transaction_users_first_transaction_date, transaction_users.status AS transaction_users_status, transaction_users.ban_reason AS transaction_users_ban_reason, transaction_users.created_at AS transaction_users_created_at, transaction_users.updated_at AS transaction_users_updated_at 
FROM transaction_users]
(Background on this error at: https://sqlalche.me/e/20/f405)
2025-11-25 23:57:39,433 WARNING Falling back to random user generation
2025-11-25 23:57:39,436 INFO ✓ RAW sent seq=361 | user=6208387 name=Andrew Coffey amount=$246.44
2025-11-25 23:57:41,439 ERROR Failed to load users from database: (psycopg2.errors.UndefinedTable) relation "transaction_users" does not exist
LINE 2: FROM transaction_users
             ^

[SQL: SELECT transaction_users.id AS transaction_users_id, transaction_users.user_seq AS transaction_users_user_seq, transaction_users.user_name AS transaction_users_user_name, transaction_users.country_code AS transaction_users_country_code, transaction_users.id_type AS transaction_users_id_type, transaction_users.birth_date AS transaction_users_birth_date, transaction_users.register_date AS transaction_users_register_date, transaction_users.first_transaction_date AS transaction_users_first_transaction_date, transaction_users.status AS transaction_users_status, transaction_users.ban_reason AS transaction_users_ban_reason, transaction_users.created_at AS transaction_users_created_at, transaction_users.updated_at AS transaction_users_updated_at 
FROM transaction_users]
(Background on this error at: https://sqlalche.me/e/20/f405)
2025-11-25 23:57:41,439 WARNING Falling back to random user generation
2025-11-25 23:57:41,444 INFO 🚨 FRAUD sent seq=362 type=mixed_pattern | user=1664798 tx_24h=60 amt_24h=$46150 payment=CRYPTO
2025-11-25 23:57:41,446 ERROR Failed to load users from database: (psycopg2.errors.UndefinedTable) relation "transaction_users" does not exist
LINE 2: FROM transaction_users
             ^

[SQL: SELECT transaction_users.id AS transaction_users_id, transaction_users.user_seq AS transaction_users_user_seq, transaction_users.user_name AS transaction_users_user_name, transaction_users.country_code AS transaction_users_country_code, transaction_users.id_type AS transaction_users_id_type, transaction_users.birth_date AS transaction_users_birth_date, transaction_users.register_date AS transaction_users_register_date, transaction_users.first_transaction_date AS transaction_users_first_transaction_date, transaction_users.status AS transaction_users_status, transaction_users.ban_reason AS transaction_users_ban_reason, transaction_users.created_at AS transaction_users_created_at, transaction_users.updated_at AS transaction_users_updated_at 
FROM transaction_users]
(Background on this error at: https://sqlalche.me/e/20/f405)
2025-11-25 23:57:41,446 WARNING Falling back to random user generation
2025-11-25 23:57:41,449 INFO ✓ RAW sent seq=363 | user=5523677 name=Brandon Miller amount=$944.2
2025-11-25 23:57:41,450 ERROR Failed to load users from database: (psycopg2.errors.UndefinedTable) relation "transaction_users" does not exist
LINE 2: FROM transaction_users
             ^

[SQL: SELECT transaction_users.id AS transaction_users_id, transaction_users.user_seq AS transaction_users_user_seq, transaction_users.user_name AS transaction_users_user_name, transaction_users.country_code AS transaction_users_country_code, transaction_users.id_type AS transaction_users_id_type, transaction_users.birth_date AS transaction_users_birth_date, transaction_users.register_date AS transaction_users_register_date, transaction_users.first_transaction_date AS transaction_users_first_transaction_date, transaction_users.status AS transaction_users_status, transaction_users.ban_reason AS transaction_users_ban_reason, transaction_users.created_at AS transaction_users_created_at, transaction_users.updated_at AS transaction_users_updated_at 
FROM transaction_users]
(Background on this error at: https://sqlalche.me/e/20/f405)
2025-11-25 23:57:41,451 WARNING Falling back to random user generation
2025-11-25 23:57:41,453 INFO ✓ RAW sent seq=364 | user=5560021 name=Christine Barnes amount=$139.65
2025-11-25 23:57:43,456 ERROR Failed to load users from database: (psycopg2.errors.UndefinedTable) relation "transaction_users" does not exist
LINE 2: FROM transaction_users
             ^

[SQL: SELECT transaction_users.id AS transaction_users_id, transaction_users.user_seq AS transaction_users_user_seq, transaction_users.user_name AS transaction_users_user_name, transaction_users.country_code AS transaction_users_country_code, transaction_users.id_type AS transaction_users_id_type, transaction_users.birth_date AS transaction_users_birth_date, transaction_users.register_date AS transaction_users_register_date, transaction_users.first_transaction_date AS transaction_users_first_transaction_date, transaction_users.status AS transaction_users_status, transaction_users.ban_reason AS transaction_users_ban_reason, transaction_users.created_at AS transaction_users_created_at, transaction_users.updated_at AS transaction_users_updated_at 
FROM transaction_users]
(Background on this error at: https://sqlalche.me/e/20/f405)
2025-11-25 23:57:43,457 WARNING Falling back to random user generation
2025-11-25 23:57:43,462 INFO ✓ RAW sent seq=365 | user=4552784 name=Jessica Clarke amount=$347.46
2025-11-25 23:57:45,465 ERROR Failed to load users from database: (psycopg2.errors.UndefinedTable) relation "transaction_users" does not exist
LINE 2: FROM transaction_users
             ^

[SQL: SELECT transaction_users.id AS transaction_users_id, transaction_users.user_seq AS transaction_users_user_seq, transaction_users.user_name AS transaction_users_user_name, transaction_users.country_code AS transaction_users_country_code, transaction_users.id_type AS transaction_users_id_type, transaction_users.birth_date AS transaction_users_birth_date, transaction_users.register_date AS transaction_users_register_date, transaction_users.first_transaction_date AS transaction_users_first_transaction_date, transaction_users.status AS transaction_users_status, transaction_users.ban_reason AS transaction_users_ban_reason, transaction_users.created_at AS transaction_users_created_at, transaction_users.updated_at AS transaction_users_updated_at 
FROM transaction_users]
(Background on this error at: https://sqlalche.me/e/20/f405)
2025-11-25 23:57:45,465 WARNING Falling back to random user generation
2025-11-25 23:57:45,468 INFO ✓ RAW sent seq=366 | user=9434855 name=Brian Ryan amount=$37.14
2025-11-25 23:57:47,471 ERROR Failed to load users from database: (psycopg2.errors.UndefinedTable) relation "transaction_users" does not exist
LINE 2: FROM transaction_users
             ^

[SQL: SELECT transaction_users.id AS transaction_users_id, transaction_users.user_seq AS transaction_users_user_seq, transaction_users.user_name AS transaction_users_user_name, transaction_users.country_code AS transaction_users_country_code, transaction_users.id_type AS transaction_users_id_type, transaction_users.birth_date AS transaction_users_birth_date, transaction_users.register_date AS transaction_users_register_date, transaction_users.first_transaction_date AS transaction_users_first_transaction_date, transaction_users.status AS transaction_users_status, transaction_users.ban_reason AS transaction_users_ban_reason, transaction_users.created_at AS transaction_users_created_at, transaction_users.updated_at AS transaction_users_updated_at 
FROM transaction_users]
(Background on this error at: https://sqlalche.me/e/20/f405)
2025-11-25 23:57:47,471 WARNING Falling back to random user generation
2025-11-25 23:57:47,477 INFO ✓ RAW sent seq=367 | user=9746274 name=John Hernandez amount=$238.34
2025-11-25 23:57:47,479 ERROR Failed to load users from database: (psycopg2.errors.UndefinedTable) relation "transaction_users" does not exist
LINE 2: FROM transaction_users
             ^

[SQL: SELECT transaction_users.id AS transaction_users_id, transaction_users.user_seq AS transaction_users_user_seq, transaction_users.user_name AS transaction_users_user_name, transaction_users.country_code AS transaction_users_country_code, transaction_users.id_type AS transaction_users_id_type, transaction_users.birth_date AS transaction_users_birth_date, transaction_users.register_date AS transaction_users_register_date, transaction_users.first_transaction_date AS transaction_users_first_transaction_date, transaction_users.status AS transaction_users_status, transaction_users.ban_reason AS transaction_users_ban_reason, transaction_users.created_at AS transaction_users_created_at, transaction_users.updated_at AS transaction_users_updated_at 
FROM transaction_users]
(Background on this error at: https://sqlalche.me/e/20/f405)
2025-11-25 23:57:47,479 WARNING Falling back to random user generation
2025-11-25 23:57:47,482 INFO ✓ RAW sent seq=368 | user=4264813 name=Steven Chan amount=$611.49
2025-11-25 23:57:49,485 ERROR Failed to load users from database: (psycopg2.errors.UndefinedTable) relation "transaction_users" does not exist
LINE 2: FROM transaction_users
             ^

[SQL: SELECT transaction_users.id AS transaction_users_id, transaction_users.user_seq AS transaction_users_user_seq, transaction_users.user_name AS transaction_users_user_name, transaction_users.country_code AS transaction_users_country_code, transaction_users.id_type AS transaction_users_id_type, transaction_users.birth_date AS transaction_users_birth_date, transaction_users.register_date AS transaction_users_register_date, transaction_users.first_transaction_date AS transaction_users_first_transaction_date, transaction_users.status AS transaction_users_status, transaction_users.ban_reason AS transaction_users_ban_reason, transaction_users.created_at AS transaction_users_created_at, transaction_users.updated_at AS transaction_users_updated_at 
FROM transaction_users]
(Background on this error at: https://sqlalche.me/e/20/f405)
2025-11-25 23:57:49,485 WARNING Falling back to random user generation
2025-11-25 23:57:49,491 INFO ✓ RAW sent seq=369 | user=8413393 name=Chloe Fernandez amount=$764.8
2025-11-25 23:57:51,494 ERROR Failed to load users from database: (psycopg2.errors.UndefinedTable) relation "transaction_users" does not exist
LINE 2: FROM transaction_users
             ^

[SQL: SELECT transaction_users.id AS transaction_users_id, transaction_users.user_seq AS transaction_users_user_seq, transaction_users.user_name AS transaction_users_user_name, transaction_users.country_code AS transaction_users_country_code, transaction_users.id_type AS transaction_users_id_type, transaction_users.birth_date AS transaction_users_birth_date, transaction_users.register_date AS transaction_users_register_date, transaction_users.first_transaction_date AS transaction_users_first_transaction_date, transaction_users.status AS transaction_users_status, transaction_users.ban_reason AS transaction_users_ban_reason, transaction_users.created_at AS transaction_users_created_at, transaction_users.updated_at AS transaction_users_updated_at 
FROM transaction_users]
(Background on this error at: https://sqlalche.me/e/20/f405)
2025-11-25 23:57:51,494 WARNING Falling back to random user generation
2025-11-25 23:57:51,499 INFO ✓ RAW sent seq=370 | user=4850661 name=Sheila Matthews amount=$91.23
2025-11-25 23:57:51,502 ERROR Failed to load users from database: (psycopg2.errors.UndefinedTable) relation "transaction_users" does not exist
LINE 2: FROM transaction_users
             ^

[SQL: SELECT transaction_users.id AS transaction_users_id, transaction_users.user_seq AS transaction_users_user_seq, transaction_users.user_name AS transaction_users_user_name, transaction_users.country_code AS transaction_users_country_code, transaction_users.id_type AS transaction_users_id_type, transaction_users.birth_date AS transaction_users_birth_date, transaction_users.register_date AS transaction_users_register_date, transaction_users.first_transaction_date AS transaction_users_first_transaction_date, transaction_users.status AS transaction_users_status, transaction_users.ban_reason AS transaction_users_ban_reason, transaction_users.created_at AS transaction_users_created_at, transaction_users.updated_at AS transaction_users_updated_at 
FROM transaction_users]
(Background on this error at: https://sqlalche.me/e/20/f405)
2025-11-25 23:57:51,502 WARNING Falling back to random user generation
2025-11-25 23:57:51,506 INFO ✓ RAW sent seq=371 | user=4213839 name=Timothy Edwards amount=$123.54
2025-11-25 23:57:53,509 ERROR Failed to load users from database: (psycopg2.errors.UndefinedTable) relation "transaction_users" does not exist
LINE 2: FROM transaction_users
             ^

[SQL: SELECT transaction_users.id AS transaction_users_id, transaction_users.user_seq AS transaction_users_user_seq, transaction_users.user_name AS transaction_users_user_name, transaction_users.country_code AS transaction_users_country_code, transaction_users.id_type AS transaction_users_id_type, transaction_users.birth_date AS transaction_users_birth_date, transaction_users.register_date AS transaction_users_register_date, transaction_users.first_transaction_date AS transaction_users_first_transaction_date, transaction_users.status AS transaction_users_status, transaction_users.ban_reason AS transaction_users_ban_reason, transaction_users.created_at AS transaction_users_created_at, transaction_users.updated_at AS transaction_users_updated_at 
FROM transaction_users]
(Background on this error at: https://sqlalche.me/e/20/f405)
2025-11-25 23:57:53,509 WARNING Falling back to random user generation
2025-11-25 23:57:53,514 INFO 🚨 FRAUD sent seq=372 type=mixed_pattern | user=9384580 tx_24h=90 amt_24h=$52017 payment=WALLET
2025-11-25 23:57:53,516 ERROR Failed to load users from database: (psycopg2.errors.UndefinedTable) relation "transaction_users" does not exist
LINE 2: FROM transaction_users
             ^

[SQL: SELECT transaction_users.id AS transaction_users_id, transaction_users.user_seq AS transaction_users_user_seq, transaction_users.user_name AS transaction_users_user_name, transaction_users.country_code AS transaction_users_country_code, transaction_users.id_type AS transaction_users_id_type, transaction_users.birth_date AS transaction_users_birth_date, transaction_users.register_date AS transaction_users_register_date, transaction_users.first_transaction_date AS transaction_users_first_transaction_date, transaction_users.status AS transaction_users_status, transaction_users.ban_reason AS transaction_users_ban_reason, transaction_users.created_at AS transaction_users_created_at, transaction_users.updated_at AS transaction_users_updated_at 
FROM transaction_users]
(Background on this error at: https://sqlalche.me/e/20/f405)
2025-11-25 23:57:53,516 WARNING Falling back to random user generation
2025-11-25 23:57:53,520 INFO ✓ RAW sent seq=373 | user=9992307 name=Charles Smith amount=$501.74
2025-11-25 23:57:53,521 ERROR Failed to load users from database: (psycopg2.errors.UndefinedTable) relation "transaction_users" does not exist
LINE 2: FROM transaction_users
             ^

[SQL: SELECT transaction_users.id AS transaction_users_id, transaction_users.user_seq AS transaction_users_user_seq, transaction_users.user_name AS transaction_users_user_name, transaction_users.country_code AS transaction_users_country_code, transaction_users.id_type AS transaction_users_id_type, transaction_users.birth_date AS transaction_users_birth_date, transaction_users.register_date AS transaction_users_register_date, transaction_users.first_transaction_date AS transaction_users_first_transaction_date, transaction_users.status AS transaction_users_status, transaction_users.ban_reason AS transaction_users_ban_reason, transaction_users.created_at AS transaction_users_created_at, transaction_users.updated_at AS transaction_users_updated_at 
FROM transaction_users]
(Background on this error at: https://sqlalche.me/e/20/f405)
2025-11-25 23:57:53,521 WARNING Falling back to random user generation
2025-11-25 23:57:53,524 INFO ✓ RAW sent seq=374 | user=3383590 name=Keith Turner amount=$34.98
2025-11-25 23:57:55,527 ERROR Failed to load users from database: (psycopg2.errors.UndefinedTable) relation "transaction_users" does not exist
LINE 2: FROM transaction_users
             ^

[SQL: SELECT transaction_users.id AS transaction_users_id, transaction_users.user_seq AS transaction_users_user_seq, transaction_users.user_name AS transaction_users_user_name, transaction_users.country_code AS transaction_users_country_code, transaction_users.id_type AS transaction_users_id_type, transaction_users.birth_date AS transaction_users_birth_date, transaction_users.register_date AS transaction_users_register_date, transaction_users.first_transaction_date AS transaction_users_first_transaction_date, transaction_users.status AS transaction_users_status, transaction_users.ban_reason AS transaction_users_ban_reason, transaction_users.created_at AS transaction_users_created_at, transaction_users.updated_at AS transaction_users_updated_at 
FROM transaction_users]
(Background on this error at: https://sqlalche.me/e/20/f405)
2025-11-25 23:57:55,527 WARNING Falling back to random user generation
2025-11-25 23:57:55,532 INFO ✓ RAW sent seq=375 | user=8505090 name=Abigail Carter amount=$734.84
2025-11-25 23:57:55,535 ERROR Failed to load users from database: (psycopg2.errors.UndefinedTable) relation "transaction_users" does not exist
LINE 2: FROM transaction_users
             ^

[SQL: SELECT transaction_users.id AS transaction_users_id, transaction_users.user_seq AS transaction_users_user_seq, transaction_users.user_name AS transaction_users_user_name, transaction_users.country_code AS transaction_users_country_code, transaction_users.id_type AS transaction_users_id_type, transaction_users.birth_date AS transaction_users_birth_date, transaction_users.register_date AS transaction_users_register_date, transaction_users.first_transaction_date AS transaction_users_first_transaction_date, transaction_users.status AS transaction_users_status, transaction_users.ban_reason AS transaction_users_ban_reason, transaction_users.created_at AS transaction_users_created_at, transaction_users.updated_at AS transaction_users_updated_at 
FROM transaction_users]
(Background on this error at: https://sqlalche.me/e/20/f405)
2025-11-25 23:57:55,535 WARNING Falling back to random user generation
2025-11-25 23:57:55,539 INFO ✓ RAW sent seq=376 | user=3094388 name=Rebekah Brewer amount=$884.03
2025-11-25 23:57:57,542 ERROR Failed to load users from database: (psycopg2.errors.UndefinedTable) relation "transaction_users" does not exist
LINE 2: FROM transaction_users
             ^

[SQL: SELECT transaction_users.id AS transaction_users_id, transaction_users.user_seq AS transaction_users_user_seq, transaction_users.user_name AS transaction_users_user_name, transaction_users.country_code AS transaction_users_country_code, transaction_users.id_type AS transaction_users_id_type, transaction_users.birth_date AS transaction_users_birth_date, transaction_users.register_date AS transaction_users_register_date, transaction_users.first_transaction_date AS transaction_users_first_transaction_date, transaction_users.status AS transaction_users_status, transaction_users.ban_reason AS transaction_users_ban_reason, transaction_users.created_at AS transaction_users_created_at, transaction_users.updated_at AS transaction_users_updated_at 
FROM transaction_users]
(Background on this error at: https://sqlalche.me/e/20/f405)
2025-11-25 23:57:57,542 WARNING Falling back to random user generation
2025-11-25 23:57:57,547 INFO 🚨 FRAUD sent seq=377 type=large_amount | user=7674649 tx_24h=4 amt_24h=$55288 payment=CRYPTO
2025-11-25 23:57:57,550 ERROR Failed to load users from database: (psycopg2.errors.UndefinedTable) relation "transaction_users" does not exist
LINE 2: FROM transaction_users
             ^

[SQL: SELECT transaction_users.id AS transaction_users_id, transaction_users.user_seq AS transaction_users_user_seq, transaction_users.user_name AS transaction_users_user_name, transaction_users.country_code AS transaction_users_country_code, transaction_users.id_type AS transaction_users_id_type, transaction_users.birth_date AS transaction_users_birth_date, transaction_users.register_date AS transaction_users_register_date, transaction_users.first_transaction_date AS transaction_users_first_transaction_date, transaction_users.status AS transaction_users_status, transaction_users.ban_reason AS transaction_users_ban_reason, transaction_users.created_at AS transaction_users_created_at, transaction_users.updated_at AS transaction_users_updated_at 
FROM transaction_users]
(Background on this error at: https://sqlalche.me/e/20/f405)
2025-11-25 23:57:57,550 WARNING Falling back to random user generation
2025-11-25 23:57:57,554 INFO ✓ RAW sent seq=378 | user=8915493 name=Lisa Floyd amount=$719.12
2025-11-25 23:57:57,556 ERROR Failed to load users from database: (psycopg2.errors.UndefinedTable) relation "transaction_users" does not exist
LINE 2: FROM transaction_users
             ^

[SQL: SELECT transaction_users.id AS transaction_users_id, transaction_users.user_seq AS transaction_users_user_seq, transaction_users.user_name AS transaction_users_user_name, transaction_users.country_code AS transaction_users_country_code, transaction_users.id_type AS transaction_users_id_type, transaction_users.birth_date AS transaction_users_birth_date, transaction_users.register_date AS transaction_users_register_date, transaction_users.first_transaction_date AS transaction_users_first_transaction_date, transaction_users.status AS transaction_users_status, transaction_users.ban_reason AS transaction_users_ban_reason, transaction_users.created_at AS transaction_users_created_at, transaction_users.updated_at AS transaction_users_updated_at 
FROM transaction_users]
(Background on this error at: https://sqlalche.me/e/20/f405)
2025-11-25 23:57:57,556 WARNING Falling back to random user generation
2025-11-25 23:57:57,560 INFO ✓ RAW sent seq=379 | user=6413767 name=Jose Wilkinson amount=$196.94
2025-11-25 23:57:59,563 ERROR Failed to load users from database: (psycopg2.errors.UndefinedTable) relation "transaction_users" does not exist
LINE 2: FROM transaction_users
             ^

[SQL: SELECT transaction_users.id AS transaction_users_id, transaction_users.user_seq AS transaction_users_user_seq, transaction_users.user_name AS transaction_users_user_name, transaction_users.country_code AS transaction_users_country_code, transaction_users.id_type AS transaction_users_id_type, transaction_users.birth_date AS transaction_users_birth_date, transaction_users.register_date AS transaction_users_register_date, transaction_users.first_transaction_date AS transaction_users_first_transaction_date, transaction_users.status AS transaction_users_status, transaction_users.ban_reason AS transaction_users_ban_reason, transaction_users.created_at AS transaction_users_created_at, transaction_users.updated_at AS transaction_users_updated_at 
FROM transaction_users]
(Background on this error at: https://sqlalche.me/e/20/f405)
2025-11-25 23:57:59,563 WARNING Falling back to random user generation
2025-11-25 23:57:59,568 INFO ✓ RAW sent seq=380 | user=3098989 name=John Reyes amount=$230.6
2025-11-25 23:57:59,571 ERROR Failed to load users from database: (psycopg2.errors.UndefinedTable) relation "transaction_users" does not exist
LINE 2: FROM transaction_users
             ^

[SQL: SELECT transaction_users.id AS transaction_users_id, transaction_users.user_seq AS transaction_users_user_seq, transaction_users.user_name AS transaction_users_user_name, transaction_users.country_code AS transaction_users_country_code, transaction_users.id_type AS transaction_users_id_type, transaction_users.birth_date AS transaction_users_birth_date, transaction_users.register_date AS transaction_users_register_date, transaction_users.first_transaction_date AS transaction_users_first_transaction_date, transaction_users.status AS transaction_users_status, transaction_users.ban_reason AS transaction_users_ban_reason, transaction_users.created_at AS transaction_users_created_at, transaction_users.updated_at AS transaction_users_updated_at 
FROM transaction_users]
(Background on this error at: https://sqlalche.me/e/20/f405)
2025-11-25 23:57:59,571 WARNING Falling back to random user generation
2025-11-25 23:57:59,575 INFO ✓ RAW sent seq=381 | user=2469344 name=Cathy Martin amount=$804.21
2025-11-25 23:57:59,577 ERROR Failed to load users from database: (psycopg2.errors.UndefinedTable) relation "transaction_users" does not exist
LINE 2: FROM transaction_users
             ^

[SQL: SELECT transaction_users.id AS transaction_users_id, transaction_users.user_seq AS transaction_users_user_seq, transaction_users.user_name AS transaction_users_user_name, transaction_users.country_code AS transaction_users_country_code, transaction_users.id_type AS transaction_users_id_type, transaction_users.birth_date AS transaction_users_birth_date, transaction_users.register_date AS transaction_users_register_date, transaction_users.first_transaction_date AS transaction_users_first_transaction_date, transaction_users.status AS transaction_users_status, transaction_users.ban_reason AS transaction_users_ban_reason, transaction_users.created_at AS transaction_users_created_at, transaction_users.updated_at AS transaction_users_updated_at 
FROM transaction_users]
(Background on this error at: https://sqlalche.me/e/20/f405)
2025-11-25 23:57:59,577 WARNING Falling back to random user generation
2025-11-25 23:57:59,579 INFO 🚨 FRAUD sent seq=382 type=high_velocity | user=4604555 tx_24h=95 amt_24h=$41377 payment=BANK
2025-11-25 23:58:01,582 ERROR Failed to load users from database: (psycopg2.errors.UndefinedTable) relation "transaction_users" does not exist
LINE 2: FROM transaction_users
             ^

[SQL: SELECT transaction_users.id AS transaction_users_id, transaction_users.user_seq AS transaction_users_user_seq, transaction_users.user_name AS transaction_users_user_name, transaction_users.country_code AS transaction_users_country_code, transaction_users.id_type AS transaction_users_id_type, transaction_users.birth_date AS transaction_users_birth_date, transaction_users.register_date AS transaction_users_register_date, transaction_users.first_transaction_date AS transaction_users_first_transaction_date, transaction_users.status AS transaction_users_status, transaction_users.ban_reason AS transaction_users_ban_reason, transaction_users.created_at AS transaction_users_created_at, transaction_users.updated_at AS transaction_users_updated_at 
FROM transaction_users]
(Background on this error at: https://sqlalche.me/e/20/f405)
2025-11-25 23:58:01,582 WARNING Falling back to random user generation
2025-11-25 23:58:01,587 INFO ✓ RAW sent seq=383 | user=4735043 name=Marvin Hayes amount=$562.41
2025-11-25 23:58:01,589 ERROR Failed to load users from database: (psycopg2.errors.UndefinedTable) relation "transaction_users" does not exist
LINE 2: FROM transaction_users
             ^

[SQL: SELECT transaction_users.id AS transaction_users_id, transaction_users.user_seq AS transaction_users_user_seq, transaction_users.user_name AS transaction_users_user_name, transaction_users.country_code AS transaction_users_country_code, transaction_users.id_type AS transaction_users_id_type, transaction_users.birth_date AS transaction_users_birth_date, transaction_users.register_date AS transaction_users_register_date, transaction_users.first_transaction_date AS transaction_users_first_transaction_date, transaction_users.status AS transaction_users_status, transaction_users.ban_reason AS transaction_users_ban_reason, transaction_users.created_at AS transaction_users_created_at, transaction_users.updated_at AS transaction_users_updated_at 
FROM transaction_users]
(Background on this error at: https://sqlalche.me/e/20/f405)
2025-11-25 23:58:01,589 WARNING Falling back to random user generation
2025-11-25 23:58:01,591 INFO ✓ RAW sent seq=384 | user=9058212 name=Mr. Brian Rhodes amount=$48.53
2025-11-25 23:58:03,594 ERROR Failed to load users from database: (psycopg2.errors.UndefinedTable) relation "transaction_users" does not exist
LINE 2: FROM transaction_users
             ^

[SQL: SELECT transaction_users.id AS transaction_users_id, transaction_users.user_seq AS transaction_users_user_seq, transaction_users.user_name AS transaction_users_user_name, transaction_users.country_code AS transaction_users_country_code, transaction_users.id_type AS transaction_users_id_type, transaction_users.birth_date AS transaction_users_birth_date, transaction_users.register_date AS transaction_users_register_date, transaction_users.first_transaction_date AS transaction_users_first_transaction_date, transaction_users.status AS transaction_users_status, transaction_users.ban_reason AS transaction_users_ban_reason, transaction_users.created_at AS transaction_users_created_at, transaction_users.updated_at AS transaction_users_updated_at 
FROM transaction_users]
(Background on this error at: https://sqlalche.me/e/20/f405)
2025-11-25 23:58:03,595 WARNING Falling back to random user generation
2025-11-25 23:58:03,600 INFO ✓ RAW sent seq=385 | user=4885917 name=Jeffery Moore amount=$859.54
2025-11-25 23:58:05,603 ERROR Failed to load users from database: (psycopg2.errors.UndefinedTable) relation "transaction_users" does not exist
LINE 2: FROM transaction_users
             ^

[SQL: SELECT transaction_users.id AS transaction_users_id, transaction_users.user_seq AS transaction_users_user_seq, transaction_users.user_name AS transaction_users_user_name, transaction_users.country_code AS transaction_users_country_code, transaction_users.id_type AS transaction_users_id_type, transaction_users.birth_date AS transaction_users_birth_date, transaction_users.register_date AS transaction_users_register_date, transaction_users.first_transaction_date AS transaction_users_first_transaction_date, transaction_users.status AS transaction_users_status, transaction_users.ban_reason AS transaction_users_ban_reason, transaction_users.created_at AS transaction_users_created_at, transaction_users.updated_at AS transaction_users_updated_at 
FROM transaction_users]
(Background on this error at: https://sqlalche.me/e/20/f405)
2025-11-25 23:58:05,604 WARNING Falling back to random user generation
2025-11-25 23:58:05,609 INFO 🚨 FRAUD sent seq=386 type=high_velocity | user=4192749 tx_24h=95 amt_24h=$20943 payment=BANK
2025-11-25 23:58:05,611 ERROR Failed to load users from database: (psycopg2.errors.UndefinedTable) relation "transaction_users" does not exist
LINE 2: FROM transaction_users
             ^

[SQL: SELECT transaction_users.id AS transaction_users_id, transaction_users.user_seq AS transaction_users_user_seq, transaction_users.user_name AS transaction_users_user_name, transaction_users.country_code AS transaction_users_country_code, transaction_users.id_type AS transaction_users_id_type, transaction_users.birth_date AS transaction_users_birth_date, transaction_users.register_date AS transaction_users_register_date, transaction_users.first_transaction_date AS transaction_users_first_transaction_date, transaction_users.status AS transaction_users_status, transaction_users.ban_reason AS transaction_users_ban_reason, transaction_users.created_at AS transaction_users_created_at, transaction_users.updated_at AS transaction_users_updated_at 
FROM transaction_users]
(Background on this error at: https://sqlalche.me/e/20/f405)
2025-11-25 23:58:05,611 WARNING Falling back to random user generation
2025-11-25 23:58:05,614 INFO ✓ RAW sent seq=387 | user=9464683 name=Michael Zhang amount=$131.63
2025-11-25 23:58:07,618 ERROR Failed to load users from database: (psycopg2.errors.UndefinedTable) relation "transaction_users" does not exist
LINE 2: FROM transaction_users
             ^

[SQL: SELECT transaction_users.id AS transaction_users_id, transaction_users.user_seq AS transaction_users_user_seq, transaction_users.user_name AS transaction_users_user_name, transaction_users.country_code AS transaction_users_country_code, transaction_users.id_type AS transaction_users_id_type, transaction_users.birth_date AS transaction_users_birth_date, transaction_users.register_date AS transaction_users_register_date, transaction_users.first_transaction_date AS transaction_users_first_transaction_date, transaction_users.status AS transaction_users_status, transaction_users.ban_reason AS transaction_users_ban_reason, transaction_users.created_at AS transaction_users_created_at, transaction_users.updated_at AS transaction_users_updated_at 
FROM transaction_users]
(Background on this error at: https://sqlalche.me/e/20/f405)
2025-11-25 23:58:07,618 WARNING Falling back to random user generation
2025-11-25 23:58:07,623 INFO ✓ RAW sent seq=388 | user=4905549 name=Robert Maldonado amount=$336.62
2025-11-25 23:58:09,626 ERROR Failed to load users from database: (psycopg2.errors.UndefinedTable) relation "transaction_users" does not exist
LINE 2: FROM transaction_users
             ^

[SQL: SELECT transaction_users.id AS transaction_users_id, transaction_users.user_seq AS transaction_users_user_seq, transaction_users.user_name AS transaction_users_user_name, transaction_users.country_code AS transaction_users_country_code, transaction_users.id_type AS transaction_users_id_type, transaction_users.birth_date AS transaction_users_birth_date, transaction_users.register_date AS transaction_users_register_date, transaction_users.first_transaction_date AS transaction_users_first_transaction_date, transaction_users.status AS transaction_users_status, transaction_users.ban_reason AS transaction_users_ban_reason, transaction_users.created_at AS transaction_users_created_at, transaction_users.updated_at AS transaction_users_updated_at 
FROM transaction_users]
(Background on this error at: https://sqlalche.me/e/20/f405)
2025-11-25 23:58:09,626 WARNING Falling back to random user generation
2025-11-25 23:58:09,632 INFO ✓ RAW sent seq=389 | user=3270197 name=David Bailey amount=$369.97
2025-11-25 23:58:09,634 ERROR Failed to load users from database: (psycopg2.errors.UndefinedTable) relation "transaction_users" does not exist
LINE 2: FROM transaction_users
             ^

[SQL: SELECT transaction_users.id AS transaction_users_id, transaction_users.user_seq AS transaction_users_user_seq, transaction_users.user_name AS transaction_users_user_name, transaction_users.country_code AS transaction_users_country_code, transaction_users.id_type AS transaction_users_id_type, transaction_users.birth_date AS transaction_users_birth_date, transaction_users.register_date AS transaction_users_register_date, transaction_users.first_transaction_date AS transaction_users_first_transaction_date, transaction_users.status AS transaction_users_status, transaction_users.ban_reason AS transaction_users_ban_reason, transaction_users.created_at AS transaction_users_created_at, transaction_users.updated_at AS transaction_users_updated_at 
FROM transaction_users]
(Background on this error at: https://sqlalche.me/e/20/f405)
2025-11-25 23:58:09,634 WARNING Falling back to random user generation
2025-11-25 23:58:09,636 INFO ✓ RAW sent seq=390 | user=7396440 name=Jeremy Hull amount=$193.39
2025-11-25 23:58:09,638 ERROR Failed to load users from database: (psycopg2.errors.UndefinedTable) relation "transaction_users" does not exist
LINE 2: FROM transaction_users
             ^

[SQL: SELECT transaction_users.id AS transaction_users_id, transaction_users.user_seq AS transaction_users_user_seq, transaction_users.user_name AS transaction_users_user_name, transaction_users.country_code AS transaction_users_country_code, transaction_users.id_type AS transaction_users_id_type, transaction_users.birth_date AS transaction_users_birth_date, transaction_users.register_date AS transaction_users_register_date, transaction_users.first_transaction_date AS transaction_users_first_transaction_date, transaction_users.status AS transaction_users_status, transaction_users.ban_reason AS transaction_users_ban_reason, transaction_users.created_at AS transaction_users_created_at, transaction_users.updated_at AS transaction_users_updated_at 
FROM transaction_users]
(Background on this error at: https://sqlalche.me/e/20/f405)
2025-11-25 23:58:09,638 WARNING Falling back to random user generation
2025-11-25 23:58:09,640 INFO ✓ RAW sent seq=391 | user=1319185 name=Bobby Campbell PhD amount=$458.87
2025-11-25 23:58:11,644 ERROR Failed to load users from database: (psycopg2.errors.UndefinedTable) relation "transaction_users" does not exist
LINE 2: FROM transaction_users
             ^

[SQL: SELECT transaction_users.id AS transaction_users_id, transaction_users.user_seq AS transaction_users_user_seq, transaction_users.user_name AS transaction_users_user_name, transaction_users.country_code AS transaction_users_country_code, transaction_users.id_type AS transaction_users_id_type, transaction_users.birth_date AS transaction_users_birth_date, transaction_users.register_date AS transaction_users_register_date, transaction_users.first_transaction_date AS transaction_users_first_transaction_date, transaction_users.status AS transaction_users_status, transaction_users.ban_reason AS transaction_users_ban_reason, transaction_users.created_at AS transaction_users_created_at, transaction_users.updated_at AS transaction_users_updated_at 
FROM transaction_users]
(Background on this error at: https://sqlalche.me/e/20/f405)
2025-11-25 23:58:11,644 WARNING Falling back to random user generation
2025-11-25 23:58:11,648 INFO 🚨 FRAUD sent seq=392 type=crypto_suspicious | user=9479420 tx_24h=90 amt_24h=$31233 payment=CRYPTO
2025-11-25 23:58:13,651 ERROR Failed to load users from database: (psycopg2.errors.UndefinedTable) relation "transaction_users" does not exist
LINE 2: FROM transaction_users
             ^

[SQL: SELECT transaction_users.id AS transaction_users_id, transaction_users.user_seq AS transaction_users_user_seq, transaction_users.user_name AS transaction_users_user_name, transaction_users.country_code AS transaction_users_country_code, transaction_users.id_type AS transaction_users_id_type, transaction_users.birth_date AS transaction_users_birth_date, transaction_users.register_date AS transaction_users_register_date, transaction_users.first_transaction_date AS transaction_users_first_transaction_date, transaction_users.status AS transaction_users_status, transaction_users.ban_reason AS transaction_users_ban_reason, transaction_users.created_at AS transaction_users_created_at, transaction_users.updated_at AS transaction_users_updated_at 
FROM transaction_users]
(Background on this error at: https://sqlalche.me/e/20/f405)
2025-11-25 23:58:13,651 WARNING Falling back to random user generation
2025-11-25 23:58:13,657 INFO ✓ RAW sent seq=393 | user=6043911 name=Candice Hays amount=$811.23
2025-11-25 23:58:13,659 ERROR Failed to load users from database: (psycopg2.errors.UndefinedTable) relation "transaction_users" does not exist
LINE 2: FROM transaction_users
             ^

[SQL: SELECT transaction_users.id AS transaction_users_id, transaction_users.user_seq AS transaction_users_user_seq, transaction_users.user_name AS transaction_users_user_name, transaction_users.country_code AS transaction_users_country_code, transaction_users.id_type AS transaction_users_id_type, transaction_users.birth_date AS transaction_users_birth_date, transaction_users.register_date AS transaction_users_register_date, transaction_users.first_transaction_date AS transaction_users_first_transaction_date, transaction_users.status AS transaction_users_status, transaction_users.ban_reason AS transaction_users_ban_reason, transaction_users.created_at AS transaction_users_created_at, transaction_users.updated_at AS transaction_users_updated_at 
FROM transaction_users]
(Background on this error at: https://sqlalche.me/e/20/f405)
2025-11-25 23:58:13,659 WARNING Falling back to random user generation
2025-11-25 23:58:13,663 INFO ✓ RAW sent seq=394 | user=4976570 name=Matthew Gentry amount=$399.25
2025-11-25 23:58:13,665 ERROR Failed to load users from database: (psycopg2.errors.UndefinedTable) relation "transaction_users" does not exist
LINE 2: FROM transaction_users
             ^

[SQL: SELECT transaction_users.id AS transaction_users_id, transaction_users.user_seq AS transaction_users_user_seq, transaction_users.user_name AS transaction_users_user_name, transaction_users.country_code AS transaction_users_country_code, transaction_users.id_type AS transaction_users_id_type, transaction_users.birth_date AS transaction_users_birth_date, transaction_users.register_date AS transaction_users_register_date, transaction_users.first_transaction_date AS transaction_users_first_transaction_date, transaction_users.status AS transaction_users_status, transaction_users.ban_reason AS transaction_users_ban_reason, transaction_users.created_at AS transaction_users_created_at, transaction_users.updated_at AS transaction_users_updated_at 
FROM transaction_users]
(Background on this error at: https://sqlalche.me/e/20/f405)
2025-11-25 23:58:13,665 WARNING Falling back to random user generation
2025-11-25 23:58:13,671 INFO ✓ RAW sent seq=395 | user=5117392 name=Philip Mccullough amount=$949.66
2025-11-25 23:58:15,674 ERROR Failed to load users from database: (psycopg2.errors.UndefinedTable) relation "transaction_users" does not exist
LINE 2: FROM transaction_users
             ^

[SQL: SELECT transaction_users.id AS transaction_users_id, transaction_users.user_seq AS transaction_users_user_seq, transaction_users.user_name AS transaction_users_user_name, transaction_users.country_code AS transaction_users_country_code, transaction_users.id_type AS transaction_users_id_type, transaction_users.birth_date AS transaction_users_birth_date, transaction_users.register_date AS transaction_users_register_date, transaction_users.first_transaction_date AS transaction_users_first_transaction_date, transaction_users.status AS transaction_users_status, transaction_users.ban_reason AS transaction_users_ban_reason, transaction_users.created_at AS transaction_users_created_at, transaction_users.updated_at AS transaction_users_updated_at 
FROM transaction_users]
(Background on this error at: https://sqlalche.me/e/20/f405)
2025-11-25 23:58:15,674 WARNING Falling back to random user generation
2025-11-25 23:58:15,680 INFO ✓ RAW sent seq=396 | user=8084846 name=Charles Ball amount=$880.44
2025-11-25 23:58:15,681 ERROR Failed to load users from database: (psycopg2.errors.UndefinedTable) relation "transaction_users" does not exist
LINE 2: FROM transaction_users
             ^

[SQL: SELECT transaction_users.id AS transaction_users_id, transaction_users.user_seq AS transaction_users_user_seq, transaction_users.user_name AS transaction_users_user_name, transaction_users.country_code AS transaction_users_country_code, transaction_users.id_type AS transaction_users_id_type, transaction_users.birth_date AS transaction_users_birth_date, transaction_users.register_date AS transaction_users_register_date, transaction_users.first_transaction_date AS transaction_users_first_transaction_date, transaction_users.status AS transaction_users_status, transaction_users.ban_reason AS transaction_users_ban_reason, transaction_users.created_at AS transaction_users_created_at, transaction_users.updated_at AS transaction_users_updated_at 
FROM transaction_users]
(Background on this error at: https://sqlalche.me/e/20/f405)
2025-11-25 23:58:15,681 WARNING Falling back to random user generation
2025-11-25 23:58:15,685 INFO ✓ RAW sent seq=397 | user=5325345 name=Katherine Rojas amount=$311.77
2025-11-25 23:58:17,688 ERROR Failed to load users from database: (psycopg2.errors.UndefinedTable) relation "transaction_users" does not exist
LINE 2: FROM transaction_users
             ^

[SQL: SELECT transaction_users.id AS transaction_users_id, transaction_users.user_seq AS transaction_users_user_seq, transaction_users.user_name AS transaction_users_user_name, transaction_users.country_code AS transaction_users_country_code, transaction_users.id_type AS transaction_users_id_type, transaction_users.birth_date AS transaction_users_birth_date, transaction_users.register_date AS transaction_users_register_date, transaction_users.first_transaction_date AS transaction_users_first_transaction_date, transaction_users.status AS transaction_users_status, transaction_users.ban_reason AS transaction_users_ban_reason, transaction_users.created_at AS transaction_users_created_at, transaction_users.updated_at AS transaction_users_updated_at 
FROM transaction_users]
(Background on this error at: https://sqlalche.me/e/20/f405)
2025-11-25 23:58:17,688 WARNING Falling back to random user generation
2025-11-25 23:58:17,693 INFO ✓ RAW sent seq=398 | user=1025059 name=Tina Knox amount=$341.71
2025-11-25 23:58:17,694 ERROR Failed to load users from database: (psycopg2.errors.UndefinedTable) relation "transaction_users" does not exist
LINE 2: FROM transaction_users
             ^

[SQL: SELECT transaction_users.id AS transaction_users_id, transaction_users.user_seq AS transaction_users_user_seq, transaction_users.user_name AS transaction_users_user_name, transaction_users.country_code AS transaction_users_country_code, transaction_users.id_type AS transaction_users_id_type, transaction_users.birth_date AS transaction_users_birth_date, transaction_users.register_date AS transaction_users_register_date, transaction_users.first_transaction_date AS transaction_users_first_transaction_date, transaction_users.status AS transaction_users_status, transaction_users.ban_reason AS transaction_users_ban_reason, transaction_users.created_at AS transaction_users_created_at, transaction_users.updated_at AS transaction_users_updated_at 
FROM transaction_users]
(Background on this error at: https://sqlalche.me/e/20/f405)
2025-11-25 23:58:17,694 WARNING Falling back to random user generation
2025-11-25 23:58:17,698 INFO ✓ RAW sent seq=399 | user=3332800 name=Scott Pierce amount=$134.62
2025-11-25 23:58:19,701 ERROR Failed to load users from database: (psycopg2.errors.UndefinedTable) relation "transaction_users" does not exist
LINE 2: FROM transaction_users
             ^

[SQL: SELECT transaction_users.id AS transaction_users_id, transaction_users.user_seq AS transaction_users_user_seq, transaction_users.user_name AS transaction_users_user_name, transaction_users.country_code AS transaction_users_country_code, transaction_users.id_type AS transaction_users_id_type, transaction_users.birth_date AS transaction_users_birth_date, transaction_users.register_date AS transaction_users_register_date, transaction_users.first_transaction_date AS transaction_users_first_transaction_date, transaction_users.status AS transaction_users_status, transaction_users.ban_reason AS transaction_users_ban_reason, transaction_users.created_at AS transaction_users_created_at, transaction_users.updated_at AS transaction_users_updated_at 
FROM transaction_users]
(Background on this error at: https://sqlalche.me/e/20/f405)
2025-11-25 23:58:19,701 WARNING Falling back to random user generation
2025-11-25 23:58:19,706 INFO ✓ RAW sent seq=400 | user=3907210 name=Megan Reid amount=$676.06
2025-11-25 23:58:19,708 ERROR Failed to load users from database: (psycopg2.errors.UndefinedTable) relation "transaction_users" does not exist
LINE 2: FROM transaction_users
             ^

[SQL: SELECT transaction_users.id AS transaction_users_id, transaction_users.user_seq AS transaction_users_user_seq, transaction_users.user_name AS transaction_users_user_name, transaction_users.country_code AS transaction_users_country_code, transaction_users.id_type AS transaction_users_id_type, transaction_users.birth_date AS transaction_users_birth_date, transaction_users.register_date AS transaction_users_register_date, transaction_users.first_transaction_date AS transaction_users_first_transaction_date, transaction_users.status AS transaction_users_status, transaction_users.ban_reason AS transaction_users_ban_reason, transaction_users.created_at AS transaction_users_created_at, transaction_users.updated_at AS transaction_users_updated_at 
FROM transaction_users]
(Background on this error at: https://sqlalche.me/e/20/f405)
2025-11-25 23:58:19,708 WARNING Falling back to random user generation
2025-11-25 23:58:19,711 INFO ✓ RAW sent seq=401 | user=1618511 name=David Young amount=$326.96
2025-11-25 23:58:19,712 ERROR Failed to load users from database: (psycopg2.errors.UndefinedTable) relation "transaction_users" does not exist
LINE 2: FROM transaction_users
             ^

[SQL: SELECT transaction_users.id AS transaction_users_id, transaction_users.user_seq AS transaction_users_user_seq, transaction_users.user_name AS transaction_users_user_name, transaction_users.country_code AS transaction_users_country_code, transaction_users.id_type AS transaction_users_id_type, transaction_users.birth_date AS transaction_users_birth_date, transaction_users.register_date AS transaction_users_register_date, transaction_users.first_transaction_date AS transaction_users_first_transaction_date, transaction_users.status AS transaction_users_status, transaction_users.ban_reason AS transaction_users_ban_reason, transaction_users.created_at AS transaction_users_created_at, transaction_users.updated_at AS transaction_users_updated_at 
FROM transaction_users]
(Background on this error at: https://sqlalche.me/e/20/f405)
2025-11-25 23:58:19,712 WARNING Falling back to random user generation
2025-11-25 23:58:19,715 INFO ✓ RAW sent seq=402 | user=4979874 name=Devin Wright amount=$445.07
2025-11-25 23:58:21,718 ERROR Failed to load users from database: (psycopg2.errors.UndefinedTable) relation "transaction_users" does not exist
LINE 2: FROM transaction_users
             ^

[SQL: SELECT transaction_users.id AS transaction_users_id, transaction_users.user_seq AS transaction_users_user_seq, transaction_users.user_name AS transaction_users_user_name, transaction_users.country_code AS transaction_users_country_code, transaction_users.id_type AS transaction_users_id_type, transaction_users.birth_date AS transaction_users_birth_date, transaction_users.register_date AS transaction_users_register_date, transaction_users.first_transaction_date AS transaction_users_first_transaction_date, transaction_users.status AS transaction_users_status, transaction_users.ban_reason AS transaction_users_ban_reason, transaction_users.created_at AS transaction_users_created_at, transaction_users.updated_at AS transaction_users_updated_at 
FROM transaction_users]
(Background on this error at: https://sqlalche.me/e/20/f405)
2025-11-25 23:58:21,719 WARNING Falling back to random user generation
2025-11-25 23:58:21,723 INFO ✓ RAW sent seq=403 | user=4244464 name=Justin Miller amount=$659.62
2025-11-25 23:58:21,725 ERROR Failed to load users from database: (psycopg2.errors.UndefinedTable) relation "transaction_users" does not exist
LINE 2: FROM transaction_users
             ^

[SQL: SELECT transaction_users.id AS transaction_users_id, transaction_users.user_seq AS transaction_users_user_seq, transaction_users.user_name AS transaction_users_user_name, transaction_users.country_code AS transaction_users_country_code, transaction_users.id_type AS transaction_users_id_type, transaction_users.birth_date AS transaction_users_birth_date, transaction_users.register_date AS transaction_users_register_date, transaction_users.first_transaction_date AS transaction_users_first_transaction_date, transaction_users.status AS transaction_users_status, transaction_users.ban_reason AS transaction_users_ban_reason, transaction_users.created_at AS transaction_users_created_at, transaction_users.updated_at AS transaction_users_updated_at 
FROM transaction_users]
(Background on this error at: https://sqlalche.me/e/20/f405)
2025-11-25 23:58:21,725 WARNING Falling back to random user generation
2025-11-25 23:58:21,728 INFO ✓ RAW sent seq=404 | user=6891271 name=Justin Smith amount=$301.73
2025-11-25 23:58:21,730 ERROR Failed to load users from database: (psycopg2.errors.UndefinedTable) relation "transaction_users" does not exist
LINE 2: FROM transaction_users
             ^

[SQL: SELECT transaction_users.id AS transaction_users_id, transaction_users.user_seq AS transaction_users_user_seq, transaction_users.user_name AS transaction_users_user_name, transaction_users.country_code AS transaction_users_country_code, transaction_users.id_type AS transaction_users_id_type, transaction_users.birth_date AS transaction_users_birth_date, transaction_users.register_date AS transaction_users_register_date, transaction_users.first_transaction_date AS transaction_users_first_transaction_date, transaction_users.status AS transaction_users_status, transaction_users.ban_reason AS transaction_users_ban_reason, transaction_users.created_at AS transaction_users_created_at, transaction_users.updated_at AS transaction_users_updated_at 
FROM transaction_users]
(Background on this error at: https://sqlalche.me/e/20/f405)
2025-11-25 23:58:21,730 WARNING Falling back to random user generation
2025-11-25 23:58:21,732 INFO ✓ RAW sent seq=405 | user=5362647 name=Melanie Rogers amount=$391.08
2025-11-25 23:58:23,736 ERROR Failed to load users from database: (psycopg2.errors.UndefinedTable) relation "transaction_users" does not exist
LINE 2: FROM transaction_users
             ^

[SQL: SELECT transaction_users.id AS transaction_users_id, transaction_users.user_seq AS transaction_users_user_seq, transaction_users.user_name AS transaction_users_user_name, transaction_users.country_code AS transaction_users_country_code, transaction_users.id_type AS transaction_users_id_type, transaction_users.birth_date AS transaction_users_birth_date, transaction_users.register_date AS transaction_users_register_date, transaction_users.first_transaction_date AS transaction_users_first_transaction_date, transaction_users.status AS transaction_users_status, transaction_users.ban_reason AS transaction_users_ban_reason, transaction_users.created_at AS transaction_users_created_at, transaction_users.updated_at AS transaction_users_updated_at 
FROM transaction_users]
(Background on this error at: https://sqlalche.me/e/20/f405)
2025-11-25 23:58:23,736 WARNING Falling back to random user generation
2025-11-25 23:58:23,741 INFO ✓ RAW sent seq=406 | user=2708883 name=James Baker amount=$400.55
2025-11-25 23:58:23,743 ERROR Failed to load users from database: (psycopg2.errors.UndefinedTable) relation "transaction_users" does not exist
LINE 2: FROM transaction_users
             ^

[SQL: SELECT transaction_users.id AS transaction_users_id, transaction_users.user_seq AS transaction_users_user_seq, transaction_users.user_name AS transaction_users_user_name, transaction_users.country_code AS transaction_users_country_code, transaction_users.id_type AS transaction_users_id_type, transaction_users.birth_date AS transaction_users_birth_date, transaction_users.register_date AS transaction_users_register_date, transaction_users.first_transaction_date AS transaction_users_first_transaction_date, transaction_users.status AS transaction_users_status, transaction_users.ban_reason AS transaction_users_ban_reason, transaction_users.created_at AS transaction_users_created_at, transaction_users.updated_at AS transaction_users_updated_at 
FROM transaction_users]
(Background on this error at: https://sqlalche.me/e/20/f405)
2025-11-25 23:58:23,744 WARNING Falling back to random user generation
2025-11-25 23:58:23,746 INFO ✓ RAW sent seq=407 | user=9348005 name=Scott Ross amount=$511.46
2025-11-25 23:58:23,747 ERROR Failed to load users from database: (psycopg2.errors.UndefinedTable) relation "transaction_users" does not exist
LINE 2: FROM transaction_users
             ^

[SQL: SELECT transaction_users.id AS transaction_users_id, transaction_users.user_seq AS transaction_users_user_seq, transaction_users.user_name AS transaction_users_user_name, transaction_users.country_code AS transaction_users_country_code, transaction_users.id_type AS transaction_users_id_type, transaction_users.birth_date AS transaction_users_birth_date, transaction_users.register_date AS transaction_users_register_date, transaction_users.first_transaction_date AS transaction_users_first_transaction_date, transaction_users.status AS transaction_users_status, transaction_users.ban_reason AS transaction_users_ban_reason, transaction_users.created_at AS transaction_users_created_at, transaction_users.updated_at AS transaction_users_updated_at 
FROM transaction_users]
(Background on this error at: https://sqlalche.me/e/20/f405)
2025-11-25 23:58:23,747 WARNING Falling back to random user generation
2025-11-25 23:58:23,750 INFO ✓ RAW sent seq=408 | user=3793573 name=Derek Adams amount=$942.34
2025-11-25 23:58:25,753 ERROR Failed to load users from database: (psycopg2.errors.UndefinedTable) relation "transaction_users" does not exist
LINE 2: FROM transaction_users
             ^

[SQL: SELECT transaction_users.id AS transaction_users_id, transaction_users.user_seq AS transaction_users_user_seq, transaction_users.user_name AS transaction_users_user_name, transaction_users.country_code AS transaction_users_country_code, transaction_users.id_type AS transaction_users_id_type, transaction_users.birth_date AS transaction_users_birth_date, transaction_users.register_date AS transaction_users_register_date, transaction_users.first_transaction_date AS transaction_users_first_transaction_date, transaction_users.status AS transaction_users_status, transaction_users.ban_reason AS transaction_users_ban_reason, transaction_users.created_at AS transaction_users_created_at, transaction_users.updated_at AS transaction_users_updated_at 
FROM transaction_users]
(Background on this error at: https://sqlalche.me/e/20/f405)
2025-11-25 23:58:25,753 WARNING Falling back to random user generation
2025-11-25 23:58:25,757 INFO ✓ RAW sent seq=409 | user=4189923 name=Crystal Green amount=$728.58
2025-11-25 23:58:27,761 ERROR Failed to load users from database: (psycopg2.errors.UndefinedTable) relation "transaction_users" does not exist
LINE 2: FROM transaction_users
             ^

[SQL: SELECT transaction_users.id AS transaction_users_id, transaction_users.user_seq AS transaction_users_user_seq, transaction_users.user_name AS transaction_users_user_name, transaction_users.country_code AS transaction_users_country_code, transaction_users.id_type AS transaction_users_id_type, transaction_users.birth_date AS transaction_users_birth_date, transaction_users.register_date AS transaction_users_register_date, transaction_users.first_transaction_date AS transaction_users_first_transaction_date, transaction_users.status AS transaction_users_status, transaction_users.ban_reason AS transaction_users_ban_reason, transaction_users.created_at AS transaction_users_created_at, transaction_users.updated_at AS transaction_users_updated_at 
FROM transaction_users]
(Background on this error at: https://sqlalche.me/e/20/f405)
2025-11-25 23:58:27,761 WARNING Falling back to random user generation
2025-11-25 23:58:27,766 INFO ✓ RAW sent seq=410 | user=2100456 name=Joel Wells amount=$656.52
2025-11-25 23:58:27,769 ERROR Failed to load users from database: (psycopg2.errors.UndefinedTable) relation "transaction_users" does not exist
LINE 2: FROM transaction_users
             ^

[SQL: SELECT transaction_users.id AS transaction_users_id, transaction_users.user_seq AS transaction_users_user_seq, transaction_users.user_name AS transaction_users_user_name, transaction_users.country_code AS transaction_users_country_code, transaction_users.id_type AS transaction_users_id_type, transaction_users.birth_date AS transaction_users_birth_date, transaction_users.register_date AS transaction_users_register_date, transaction_users.first_transaction_date AS transaction_users_first_transaction_date, transaction_users.status AS transaction_users_status, transaction_users.ban_reason AS transaction_users_ban_reason, transaction_users.created_at AS transaction_users_created_at, transaction_users.updated_at AS transaction_users_updated_at 
FROM transaction_users]
(Background on this error at: https://sqlalche.me/e/20/f405)
2025-11-25 23:58:27,769 WARNING Falling back to random user generation
2025-11-25 23:58:27,774 INFO ✓ RAW sent seq=411 | user=4798021 name=Jason Spears amount=$80.26
2025-11-25 23:58:29,775 ERROR Failed to load users from database: (psycopg2.errors.UndefinedTable) relation "transaction_users" does not exist
LINE 2: FROM transaction_users
             ^

[SQL: SELECT transaction_users.id AS transaction_users_id, transaction_users.user_seq AS transaction_users_user_seq, transaction_users.user_name AS transaction_users_user_name, transaction_users.country_code AS transaction_users_country_code, transaction_users.id_type AS transaction_users_id_type, transaction_users.birth_date AS transaction_users_birth_date, transaction_users.register_date AS transaction_users_register_date, transaction_users.first_transaction_date AS transaction_users_first_transaction_date, transaction_users.status AS transaction_users_status, transaction_users.ban_reason AS transaction_users_ban_reason, transaction_users.created_at AS transaction_users_created_at, transaction_users.updated_at AS transaction_users_updated_at 
FROM transaction_users]
(Background on this error at: https://sqlalche.me/e/20/f405)
2025-11-25 23:58:29,776 WARNING Falling back to random user generation
2025-11-25 23:58:29,779 INFO ✓ RAW sent seq=412 | user=6738096 name=Daniel Cross amount=$679.5
2025-11-25 23:58:29,780 ERROR Failed to load users from database: (psycopg2.errors.UndefinedTable) relation "transaction_users" does not exist
LINE 2: FROM transaction_users
             ^

[SQL: SELECT transaction_users.id AS transaction_users_id, transaction_users.user_seq AS transaction_users_user_seq, transaction_users.user_name AS transaction_users_user_name, transaction_users.country_code AS transaction_users_country_code, transaction_users.id_type AS transaction_users_id_type, transaction_users.birth_date AS transaction_users_birth_date, transaction_users.register_date AS transaction_users_register_date, transaction_users.first_transaction_date AS transaction_users_first_transaction_date, transaction_users.status AS transaction_users_status, transaction_users.ban_reason AS transaction_users_ban_reason, transaction_users.created_at AS transaction_users_created_at, transaction_users.updated_at AS transaction_users_updated_at 
FROM transaction_users]
(Background on this error at: https://sqlalche.me/e/20/f405)
2025-11-25 23:58:29,780 WARNING Falling back to random user generation
2025-11-25 23:58:29,783 INFO ✓ RAW sent seq=413 | user=2135579 name=Ashley Collins amount=$788.65
2025-11-25 23:58:29,785 ERROR Failed to load users from database: (psycopg2.errors.UndefinedTable) relation "transaction_users" does not exist
LINE 2: FROM transaction_users
             ^

[SQL: SELECT transaction_users.id AS transaction_users_id, transaction_users.user_seq AS transaction_users_user_seq, transaction_users.user_name AS transaction_users_user_name, transaction_users.country_code AS transaction_users_country_code, transaction_users.id_type AS transaction_users_id_type, transaction_users.birth_date AS transaction_users_birth_date, transaction_users.register_date AS transaction_users_register_date, transaction_users.first_transaction_date AS transaction_users_first_transaction_date, transaction_users.status AS transaction_users_status, transaction_users.ban_reason AS transaction_users_ban_reason, transaction_users.created_at AS transaction_users_created_at, transaction_users.updated_at AS transaction_users_updated_at 
FROM transaction_users]
(Background on this error at: https://sqlalche.me/e/20/f405)
2025-11-25 23:58:29,785 WARNING Falling back to random user generation
2025-11-25 23:58:29,787 INFO 🚨 FRAUD sent seq=414 type=mixed_pattern | user=5368349 tx_24h=72 amt_24h=$52972 payment=CRYPTO
2025-11-25 23:58:31,789 ERROR Failed to load users from database: (psycopg2.errors.UndefinedTable) relation "transaction_users" does not exist
LINE 2: FROM transaction_users
             ^

[SQL: SELECT transaction_users.id AS transaction_users_id, transaction_users.user_seq AS transaction_users_user_seq, transaction_users.user_name AS transaction_users_user_name, transaction_users.country_code AS transaction_users_country_code, transaction_users.id_type AS transaction_users_id_type, transaction_users.birth_date AS transaction_users_birth_date, transaction_users.register_date AS transaction_users_register_date, transaction_users.first_transaction_date AS transaction_users_first_transaction_date, transaction_users.status AS transaction_users_status, transaction_users.ban_reason AS transaction_users_ban_reason, transaction_users.created_at AS transaction_users_created_at, transaction_users.updated_at AS transaction_users_updated_at 
FROM transaction_users]
(Background on this error at: https://sqlalche.me/e/20/f405)
2025-11-25 23:58:31,789 WARNING Falling back to random user generation
2025-11-25 23:58:31,792 INFO ✓ RAW sent seq=415 | user=3969528 name=Ashley Gonzalez amount=$517.03
2025-11-25 23:58:31,794 ERROR Failed to load users from database: (psycopg2.errors.UndefinedTable) relation "transaction_users" does not exist
LINE 2: FROM transaction_users
             ^

[SQL: SELECT transaction_users.id AS transaction_users_id, transaction_users.user_seq AS transaction_users_user_seq, transaction_users.user_name AS transaction_users_user_name, transaction_users.country_code AS transaction_users_country_code, transaction_users.id_type AS transaction_users_id_type, transaction_users.birth_date AS transaction_users_birth_date, transaction_users.register_date AS transaction_users_register_date, transaction_users.first_transaction_date AS transaction_users_first_transaction_date, transaction_users.status AS transaction_users_status, transaction_users.ban_reason AS transaction_users_ban_reason, transaction_users.created_at AS transaction_users_created_at, transaction_users.updated_at AS transaction_users_updated_at 
FROM transaction_users]
(Background on this error at: https://sqlalche.me/e/20/f405)
2025-11-25 23:58:31,794 WARNING Falling back to random user generation
2025-11-25 23:58:31,797 INFO ✓ RAW sent seq=416 | user=5592586 name=Jason Garcia amount=$538.92
2025-11-25 23:58:31,799 ERROR Failed to load users from database: (psycopg2.errors.UndefinedTable) relation "transaction_users" does not exist
LINE 2: FROM transaction_users
             ^

[SQL: SELECT transaction_users.id AS transaction_users_id, transaction_users.user_seq AS transaction_users_user_seq, transaction_users.user_name AS transaction_users_user_name, transaction_users.country_code AS transaction_users_country_code, transaction_users.id_type AS transaction_users_id_type, transaction_users.birth_date AS transaction_users_birth_date, transaction_users.register_date AS transaction_users_register_date, transaction_users.first_transaction_date AS transaction_users_first_transaction_date, transaction_users.status AS transaction_users_status, transaction_users.ban_reason AS transaction_users_ban_reason, transaction_users.created_at AS transaction_users_created_at, transaction_users.updated_at AS transaction_users_updated_at 
FROM transaction_users]
(Background on this error at: https://sqlalche.me/e/20/f405)
2025-11-25 23:58:31,799 WARNING Falling back to random user generation
2025-11-25 23:58:31,802 INFO 🚨 FRAUD sent seq=417 type=cross_border | user=9037370 tx_24h=59 amt_24h=$26551 payment=WALLET
2025-11-25 23:58:33,805 ERROR Failed to load users from database: (psycopg2.errors.UndefinedTable) relation "transaction_users" does not exist
LINE 2: FROM transaction_users
             ^

[SQL: SELECT transaction_users.id AS transaction_users_id, transaction_users.user_seq AS transaction_users_user_seq, transaction_users.user_name AS transaction_users_user_name, transaction_users.country_code AS transaction_users_country_code, transaction_users.id_type AS transaction_users_id_type, transaction_users.birth_date AS transaction_users_birth_date, transaction_users.register_date AS transaction_users_register_date, transaction_users.first_transaction_date AS transaction_users_first_transaction_date, transaction_users.status AS transaction_users_status, transaction_users.ban_reason AS transaction_users_ban_reason, transaction_users.created_at AS transaction_users_created_at, transaction_users.updated_at AS transaction_users_updated_at 
FROM transaction_users]
(Background on this error at: https://sqlalche.me/e/20/f405)
2025-11-25 23:58:33,805 WARNING Falling back to random user generation
2025-11-25 23:58:33,810 INFO ✓ RAW sent seq=418 | user=6266824 name=Mr. James Rosales amount=$246.22
2025-11-25 23:58:35,813 ERROR Failed to load users from database: (psycopg2.errors.UndefinedTable) relation "transaction_users" does not exist
LINE 2: FROM transaction_users
             ^

[SQL: SELECT transaction_users.id AS transaction_users_id, transaction_users.user_seq AS transaction_users_user_seq, transaction_users.user_name AS transaction_users_user_name, transaction_users.country_code AS transaction_users_country_code, transaction_users.id_type AS transaction_users_id_type, transaction_users.birth_date AS transaction_users_birth_date, transaction_users.register_date AS transaction_users_register_date, transaction_users.first_transaction_date AS transaction_users_first_transaction_date, transaction_users.status AS transaction_users_status, transaction_users.ban_reason AS transaction_users_ban_reason, transaction_users.created_at AS transaction_users_created_at, transaction_users.updated_at AS transaction_users_updated_at 
FROM transaction_users]
(Background on this error at: https://sqlalche.me/e/20/f405)
2025-11-25 23:58:35,814 WARNING Falling back to random user generation
2025-11-25 23:58:35,818 INFO ✓ RAW sent seq=419 | user=9550130 name=Amy Alvarez amount=$638.61
2025-11-25 23:58:35,821 ERROR Failed to load users from database: (psycopg2.errors.UndefinedTable) relation "transaction_users" does not exist
LINE 2: FROM transaction_users
             ^

[SQL: SELECT transaction_users.id AS transaction_users_id, transaction_users.user_seq AS transaction_users_user_seq, transaction_users.user_name AS transaction_users_user_name, transaction_users.country_code AS transaction_users_country_code, transaction_users.id_type AS transaction_users_id_type, transaction_users.birth_date AS transaction_users_birth_date, transaction_users.register_date AS transaction_users_register_date, transaction_users.first_transaction_date AS transaction_users_first_transaction_date, transaction_users.status AS transaction_users_status, transaction_users.ban_reason AS transaction_users_ban_reason, transaction_users.created_at AS transaction_users_created_at, transaction_users.updated_at AS transaction_users_updated_at 
FROM transaction_users]
(Background on this error at: https://sqlalche.me/e/20/f405)
2025-11-25 23:58:35,821 WARNING Falling back to random user generation
2025-11-25 23:58:35,824 INFO 🚨 FRAUD sent seq=420 type=crypto_suspicious | user=5483939 tx_24h=67 amt_24h=$41428 payment=CRYPTO
2025-11-25 23:58:37,827 ERROR Failed to load users from database: (psycopg2.errors.UndefinedTable) relation "transaction_users" does not exist
LINE 2: FROM transaction_users
             ^

[SQL: SELECT transaction_users.id AS transaction_users_id, transaction_users.user_seq AS transaction_users_user_seq, transaction_users.user_name AS transaction_users_user_name, transaction_users.country_code AS transaction_users_country_code, transaction_users.id_type AS transaction_users_id_type, transaction_users.birth_date AS transaction_users_birth_date, transaction_users.register_date AS transaction_users_register_date, transaction_users.first_transaction_date AS transaction_users_first_transaction_date, transaction_users.status AS transaction_users_status, transaction_users.ban_reason AS transaction_users_ban_reason, transaction_users.created_at AS transaction_users_created_at, transaction_users.updated_at AS transaction_users_updated_at 
FROM transaction_users]
(Background on this error at: https://sqlalche.me/e/20/f405)
2025-11-25 23:58:37,828 WARNING Falling back to random user generation
2025-11-25 23:58:37,833 INFO ✓ RAW sent seq=421 | user=4007756 name=Stephen Boyle amount=$735.06
2025-11-25 23:58:37,835 ERROR Failed to load users from database: (psycopg2.errors.UndefinedTable) relation "transaction_users" does not exist
LINE 2: FROM transaction_users
             ^

[SQL: SELECT transaction_users.id AS transaction_users_id, transaction_users.user_seq AS transaction_users_user_seq, transaction_users.user_name AS transaction_users_user_name, transaction_users.country_code AS transaction_users_country_code, transaction_users.id_type AS transaction_users_id_type, transaction_users.birth_date AS transaction_users_birth_date, transaction_users.register_date AS transaction_users_register_date, transaction_users.first_transaction_date AS transaction_users_first_transaction_date, transaction_users.status AS transaction_users_status, transaction_users.ban_reason AS transaction_users_ban_reason, transaction_users.created_at AS transaction_users_created_at, transaction_users.updated_at AS transaction_users_updated_at 
FROM transaction_users]
(Background on this error at: https://sqlalche.me/e/20/f405)
2025-11-25 23:58:37,836 WARNING Falling back to random user generation
2025-11-25 23:58:37,839 INFO ✓ RAW sent seq=422 | user=4558087 name=Brendan Schroeder amount=$741.18
2025-11-25 23:58:37,840 ERROR Failed to load users from database: (psycopg2.errors.UndefinedTable) relation "transaction_users" does not exist
LINE 2: FROM transaction_users
             ^

[SQL: SELECT transaction_users.id AS transaction_users_id, transaction_users.user_seq AS transaction_users_user_seq, transaction_users.user_name AS transaction_users_user_name, transaction_users.country_code AS transaction_users_country_code, transaction_users.id_type AS transaction_users_id_type, transaction_users.birth_date AS transaction_users_birth_date, transaction_users.register_date AS transaction_users_register_date, transaction_users.first_transaction_date AS transaction_users_first_transaction_date, transaction_users.status AS transaction_users_status, transaction_users.ban_reason AS transaction_users_ban_reason, transaction_users.created_at AS transaction_users_created_at, transaction_users.updated_at AS transaction_users_updated_at 
FROM transaction_users]
(Background on this error at: https://sqlalche.me/e/20/f405)
2025-11-25 23:58:37,840 WARNING Falling back to random user generation
2025-11-25 23:58:37,844 INFO ✓ RAW sent seq=423 | user=2046913 name=Kelly Tate amount=$896.56
2025-11-25 23:58:39,846 ERROR Failed to load users from database: (psycopg2.errors.UndefinedTable) relation "transaction_users" does not exist
LINE 2: FROM transaction_users
             ^

[SQL: SELECT transaction_users.id AS transaction_users_id, transaction_users.user_seq AS transaction_users_user_seq, transaction_users.user_name AS transaction_users_user_name, transaction_users.country_code AS transaction_users_country_code, transaction_users.id_type AS transaction_users_id_type, transaction_users.birth_date AS transaction_users_birth_date, transaction_users.register_date AS transaction_users_register_date, transaction_users.first_transaction_date AS transaction_users_first_transaction_date, transaction_users.status AS transaction_users_status, transaction_users.ban_reason AS transaction_users_ban_reason, transaction_users.created_at AS transaction_users_created_at, transaction_users.updated_at AS transaction_users_updated_at 
FROM transaction_users]
(Background on this error at: https://sqlalche.me/e/20/f405)
2025-11-25 23:58:39,847 WARNING Falling back to random user generation
2025-11-25 23:58:39,851 INFO ✓ RAW sent seq=424 | user=9835433 name=Mr. Joshua Miller amount=$360.37
2025-11-25 23:58:39,854 ERROR Failed to load users from database: (psycopg2.errors.UndefinedTable) relation "transaction_users" does not exist
LINE 2: FROM transaction_users
             ^

[SQL: SELECT transaction_users.id AS transaction_users_id, transaction_users.user_seq AS transaction_users_user_seq, transaction_users.user_name AS transaction_users_user_name, transaction_users.country_code AS transaction_users_country_code, transaction_users.id_type AS transaction_users_id_type, transaction_users.birth_date AS transaction_users_birth_date, transaction_users.register_date AS transaction_users_register_date, transaction_users.first_transaction_date AS transaction_users_first_transaction_date, transaction_users.status AS transaction_users_status, transaction_users.ban_reason AS transaction_users_ban_reason, transaction_users.created_at AS transaction_users_created_at, transaction_users.updated_at AS transaction_users_updated_at 
FROM transaction_users]
(Background on this error at: https://sqlalche.me/e/20/f405)
2025-11-25 23:58:39,854 WARNING Falling back to random user generation
2025-11-25 23:58:39,858 INFO ✓ RAW sent seq=425 | user=4986832 name=Todd Arnold amount=$127.16
2025-11-25 23:58:41,861 ERROR Failed to load users from database: (psycopg2.errors.UndefinedTable) relation "transaction_users" does not exist
LINE 2: FROM transaction_users
             ^

[SQL: SELECT transaction_users.id AS transaction_users_id, transaction_users.user_seq AS transaction_users_user_seq, transaction_users.user_name AS transaction_users_user_name, transaction_users.country_code AS transaction_users_country_code, transaction_users.id_type AS transaction_users_id_type, transaction_users.birth_date AS transaction_users_birth_date, transaction_users.register_date AS transaction_users_register_date, transaction_users.first_transaction_date AS transaction_users_first_transaction_date, transaction_users.status AS transaction_users_status, transaction_users.ban_reason AS transaction_users_ban_reason, transaction_users.created_at AS transaction_users_created_at, transaction_users.updated_at AS transaction_users_updated_at 
FROM transaction_users]
(Background on this error at: https://sqlalche.me/e/20/f405)
2025-11-25 23:58:41,861 WARNING Falling back to random user generation
2025-11-25 23:58:41,867 INFO ✓ RAW sent seq=426 | user=6426480 name=Edgar Schmidt MD amount=$669.01
2025-11-25 23:58:41,869 ERROR Failed to load users from database: (psycopg2.errors.UndefinedTable) relation "transaction_users" does not exist
LINE 2: FROM transaction_users
             ^

[SQL: SELECT transaction_users.id AS transaction_users_id, transaction_users.user_seq AS transaction_users_user_seq, transaction_users.user_name AS transaction_users_user_name, transaction_users.country_code AS transaction_users_country_code, transaction_users.id_type AS transaction_users_id_type, transaction_users.birth_date AS transaction_users_birth_date, transaction_users.register_date AS transaction_users_register_date, transaction_users.first_transaction_date AS transaction_users_first_transaction_date, transaction_users.status AS transaction_users_status, transaction_users.ban_reason AS transaction_users_ban_reason, transaction_users.created_at AS transaction_users_created_at, transaction_users.updated_at AS transaction_users_updated_at 
FROM transaction_users]
(Background on this error at: https://sqlalche.me/e/20/f405)
2025-11-25 23:58:41,869 WARNING Falling back to random user generation
2025-11-25 23:58:41,872 INFO ✓ RAW sent seq=427 | user=5288049 name=Jared Carr amount=$914.19
2025-11-25 23:58:41,873 ERROR Failed to load users from database: (psycopg2.errors.UndefinedTable) relation "transaction_users" does not exist
LINE 2: FROM transaction_users
             ^

[SQL: SELECT transaction_users.id AS transaction_users_id, transaction_users.user_seq AS transaction_users_user_seq, transaction_users.user_name AS transaction_users_user_name, transaction_users.country_code AS transaction_users_country_code, transaction_users.id_type AS transaction_users_id_type, transaction_users.birth_date AS transaction_users_birth_date, transaction_users.register_date AS transaction_users_register_date, transaction_users.first_transaction_date AS transaction_users_first_transaction_date, transaction_users.status AS transaction_users_status, transaction_users.ban_reason AS transaction_users_ban_reason, transaction_users.created_at AS transaction_users_created_at, transaction_users.updated_at AS transaction_users_updated_at 
FROM transaction_users]
(Background on this error at: https://sqlalche.me/e/20/f405)
2025-11-25 23:58:41,873 WARNING Falling back to random user generation
2025-11-25 23:58:41,875 INFO ✓ RAW sent seq=428 | user=9008919 name=Kathryn Tucker amount=$179.19
2025-11-25 23:58:43,878 ERROR Failed to load users from database: (psycopg2.errors.UndefinedTable) relation "transaction_users" does not exist
LINE 2: FROM transaction_users
             ^

[SQL: SELECT transaction_users.id AS transaction_users_id, transaction_users.user_seq AS transaction_users_user_seq, transaction_users.user_name AS transaction_users_user_name, transaction_users.country_code AS transaction_users_country_code, transaction_users.id_type AS transaction_users_id_type, transaction_users.birth_date AS transaction_users_birth_date, transaction_users.register_date AS transaction_users_register_date, transaction_users.first_transaction_date AS transaction_users_first_transaction_date, transaction_users.status AS transaction_users_status, transaction_users.ban_reason AS transaction_users_ban_reason, transaction_users.created_at AS transaction_users_created_at, transaction_users.updated_at AS transaction_users_updated_at 
FROM transaction_users]
(Background on this error at: https://sqlalche.me/e/20/f405)
2025-11-25 23:58:43,878 WARNING Falling back to random user generation
2025-11-25 23:58:43,883 INFO ✓ RAW sent seq=429 | user=9520237 name=Brittany Lee amount=$176.87
2025-11-25 23:58:43,885 ERROR Failed to load users from database: (psycopg2.errors.UndefinedTable) relation "transaction_users" does not exist
LINE 2: FROM transaction_users
             ^

[SQL: SELECT transaction_users.id AS transaction_users_id, transaction_users.user_seq AS transaction_users_user_seq, transaction_users.user_name AS transaction_users_user_name, transaction_users.country_code AS transaction_users_country_code, transaction_users.id_type AS transaction_users_id_type, transaction_users.birth_date AS transaction_users_birth_date, transaction_users.register_date AS transaction_users_register_date, transaction_users.first_transaction_date AS transaction_users_first_transaction_date, transaction_users.status AS transaction_users_status, transaction_users.ban_reason AS transaction_users_ban_reason, transaction_users.created_at AS transaction_users_created_at, transaction_users.updated_at AS transaction_users_updated_at 
FROM transaction_users]
(Background on this error at: https://sqlalche.me/e/20/f405)
2025-11-25 23:58:43,885 WARNING Falling back to random user generation
2025-11-25 23:58:43,889 INFO ✓ RAW sent seq=430 | user=1637337 name=Katherine Anderson amount=$424.89
2025-11-25 23:58:43,891 ERROR Failed to load users from database: (psycopg2.errors.UndefinedTable) relation "transaction_users" does not exist
LINE 2: FROM transaction_users
             ^

[SQL: SELECT transaction_users.id AS transaction_users_id, transaction_users.user_seq AS transaction_users_user_seq, transaction_users.user_name AS transaction_users_user_name, transaction_users.country_code AS transaction_users_country_code, transaction_users.id_type AS transaction_users_id_type, transaction_users.birth_date AS transaction_users_birth_date, transaction_users.register_date AS transaction_users_register_date, transaction_users.first_transaction_date AS transaction_users_first_transaction_date, transaction_users.status AS transaction_users_status, transaction_users.ban_reason AS transaction_users_ban_reason, transaction_users.created_at AS transaction_users_created_at, transaction_users.updated_at AS transaction_users_updated_at 
FROM transaction_users]
(Background on this error at: https://sqlalche.me/e/20/f405)
2025-11-25 23:58:43,891 WARNING Falling back to random user generation
2025-11-25 23:58:43,893 INFO ✓ RAW sent seq=431 | user=2937385 name=Krista Morris amount=$847.23
2025-11-25 23:58:45,898 ERROR Failed to load users from database: (psycopg2.errors.UndefinedTable) relation "transaction_users" does not exist
LINE 2: FROM transaction_users
             ^

[SQL: SELECT transaction_users.id AS transaction_users_id, transaction_users.user_seq AS transaction_users_user_seq, transaction_users.user_name AS transaction_users_user_name, transaction_users.country_code AS transaction_users_country_code, transaction_users.id_type AS transaction_users_id_type, transaction_users.birth_date AS transaction_users_birth_date, transaction_users.register_date AS transaction_users_register_date, transaction_users.first_transaction_date AS transaction_users_first_transaction_date, transaction_users.status AS transaction_users_status, transaction_users.ban_reason AS transaction_users_ban_reason, transaction_users.created_at AS transaction_users_created_at, transaction_users.updated_at AS transaction_users_updated_at 
FROM transaction_users]
(Background on this error at: https://sqlalche.me/e/20/f405)
2025-11-25 23:58:45,898 WARNING Falling back to random user generation
2025-11-25 23:58:45,903 INFO 🚨 FRAUD sent seq=432 type=large_amount | user=5534209 tx_24h=2 amt_24h=$40018 payment=CASH
2025-11-25 23:58:45,905 ERROR Failed to load users from database: (psycopg2.errors.UndefinedTable) relation "transaction_users" does not exist
LINE 2: FROM transaction_users
             ^

[SQL: SELECT transaction_users.id AS transaction_users_id, transaction_users.user_seq AS transaction_users_user_seq, transaction_users.user_name AS transaction_users_user_name, transaction_users.country_code AS transaction_users_country_code, transaction_users.id_type AS transaction_users_id_type, transaction_users.birth_date AS transaction_users_birth_date, transaction_users.register_date AS transaction_users_register_date, transaction_users.first_transaction_date AS transaction_users_first_transaction_date, transaction_users.status AS transaction_users_status, transaction_users.ban_reason AS transaction_users_ban_reason, transaction_users.created_at AS transaction_users_created_at, transaction_users.updated_at AS transaction_users_updated_at 
FROM transaction_users]
(Background on this error at: https://sqlalche.me/e/20/f405)
2025-11-25 23:58:45,905 WARNING Falling back to random user generation
2025-11-25 23:58:45,910 INFO ✓ RAW sent seq=433 | user=2351755 name=James Turner amount=$750.52
2025-11-25 23:58:47,913 ERROR Failed to load users from database: (psycopg2.errors.UndefinedTable) relation "transaction_users" does not exist
LINE 2: FROM transaction_users
             ^

[SQL: SELECT transaction_users.id AS transaction_users_id, transaction_users.user_seq AS transaction_users_user_seq, transaction_users.user_name AS transaction_users_user_name, transaction_users.country_code AS transaction_users_country_code, transaction_users.id_type AS transaction_users_id_type, transaction_users.birth_date AS transaction_users_birth_date, transaction_users.register_date AS transaction_users_register_date, transaction_users.first_transaction_date AS transaction_users_first_transaction_date, transaction_users.status AS transaction_users_status, transaction_users.ban_reason AS transaction_users_ban_reason, transaction_users.created_at AS transaction_users_created_at, transaction_users.updated_at AS transaction_users_updated_at 
FROM transaction_users]
(Background on this error at: https://sqlalche.me/e/20/f405)
2025-11-25 23:58:47,913 WARNING Falling back to random user generation
2025-11-25 23:58:47,918 INFO ✓ RAW sent seq=434 | user=6224443 name=Bryan Vasquez amount=$728.11
2025-11-25 23:58:47,919 ERROR Failed to load users from database: (psycopg2.errors.UndefinedTable) relation "transaction_users" does not exist
LINE 2: FROM transaction_users
             ^

[SQL: SELECT transaction_users.id AS transaction_users_id, transaction_users.user_seq AS transaction_users_user_seq, transaction_users.user_name AS transaction_users_user_name, transaction_users.country_code AS transaction_users_country_code, transaction_users.id_type AS transaction_users_id_type, transaction_users.birth_date AS transaction_users_birth_date, transaction_users.register_date AS transaction_users_register_date, transaction_users.first_transaction_date AS transaction_users_first_transaction_date, transaction_users.status AS transaction_users_status, transaction_users.ban_reason AS transaction_users_ban_reason, transaction_users.created_at AS transaction_users_created_at, transaction_users.updated_at AS transaction_users_updated_at 
FROM transaction_users]
(Background on this error at: https://sqlalche.me/e/20/f405)
2025-11-25 23:58:47,919 WARNING Falling back to random user generation
2025-11-25 23:58:47,923 INFO ✓ RAW sent seq=435 | user=1340652 name=Jennifer Gardner amount=$922.98
2025-11-25 23:58:49,925 ERROR Failed to load users from database: (psycopg2.errors.UndefinedTable) relation "transaction_users" does not exist
LINE 2: FROM transaction_users
             ^

[SQL: SELECT transaction_users.id AS transaction_users_id, transaction_users.user_seq AS transaction_users_user_seq, transaction_users.user_name AS transaction_users_user_name, transaction_users.country_code AS transaction_users_country_code, transaction_users.id_type AS transaction_users_id_type, transaction_users.birth_date AS transaction_users_birth_date, transaction_users.register_date AS transaction_users_register_date, transaction_users.first_transaction_date AS transaction_users_first_transaction_date, transaction_users.status AS transaction_users_status, transaction_users.ban_reason AS transaction_users_ban_reason, transaction_users.created_at AS transaction_users_created_at, transaction_users.updated_at AS transaction_users_updated_at 
FROM transaction_users]
(Background on this error at: https://sqlalche.me/e/20/f405)
2025-11-25 23:58:49,926 WARNING Falling back to random user generation
2025-11-25 23:58:49,930 INFO ✓ RAW sent seq=436 | user=4046315 name=Thomas Palmer amount=$350.41
2025-11-25 23:58:49,932 ERROR Failed to load users from database: (psycopg2.errors.UndefinedTable) relation "transaction_users" does not exist
LINE 2: FROM transaction_users
             ^

[SQL: SELECT transaction_users.id AS transaction_users_id, transaction_users.user_seq AS transaction_users_user_seq, transaction_users.user_name AS transaction_users_user_name, transaction_users.country_code AS transaction_users_country_code, transaction_users.id_type AS transaction_users_id_type, transaction_users.birth_date AS transaction_users_birth_date, transaction_users.register_date AS transaction_users_register_date, transaction_users.first_transaction_date AS transaction_users_first_transaction_date, transaction_users.status AS transaction_users_status, transaction_users.ban_reason AS transaction_users_ban_reason, transaction_users.created_at AS transaction_users_created_at, transaction_users.updated_at AS transaction_users_updated_at 
FROM transaction_users]
(Background on this error at: https://sqlalche.me/e/20/f405)
2025-11-25 23:58:49,932 WARNING Falling back to random user generation
2025-11-25 23:58:49,936 INFO ✓ RAW sent seq=437 | user=2542990 name=Jeremy Flynn amount=$907.9
2025-11-25 23:58:51,939 ERROR Failed to load users from database: (psycopg2.errors.UndefinedTable) relation "transaction_users" does not exist
LINE 2: FROM transaction_users
             ^

[SQL: SELECT transaction_users.id AS transaction_users_id, transaction_users.user_seq AS transaction_users_user_seq, transaction_users.user_name AS transaction_users_user_name, transaction_users.country_code AS transaction_users_country_code, transaction_users.id_type AS transaction_users_id_type, transaction_users.birth_date AS transaction_users_birth_date, transaction_users.register_date AS transaction_users_register_date, transaction_users.first_transaction_date AS transaction_users_first_transaction_date, transaction_users.status AS transaction_users_status, transaction_users.ban_reason AS transaction_users_ban_reason, transaction_users.created_at AS transaction_users_created_at, transaction_users.updated_at AS transaction_users_updated_at 
FROM transaction_users]
(Background on this error at: https://sqlalche.me/e/20/f405)
2025-11-25 23:58:51,939 WARNING Falling back to random user generation
2025-11-25 23:58:51,944 INFO ✓ RAW sent seq=438 | user=6564686 name=Misty Johnson amount=$90.46
2025-11-25 23:58:53,948 ERROR Failed to load users from database: (psycopg2.errors.UndefinedTable) relation "transaction_users" does not exist
LINE 2: FROM transaction_users
             ^

[SQL: SELECT transaction_users.id AS transaction_users_id, transaction_users.user_seq AS transaction_users_user_seq, transaction_users.user_name AS transaction_users_user_name, transaction_users.country_code AS transaction_users_country_code, transaction_users.id_type AS transaction_users_id_type, transaction_users.birth_date AS transaction_users_birth_date, transaction_users.register_date AS transaction_users_register_date, transaction_users.first_transaction_date AS transaction_users_first_transaction_date, transaction_users.status AS transaction_users_status, transaction_users.ban_reason AS transaction_users_ban_reason, transaction_users.created_at AS transaction_users_created_at, transaction_users.updated_at AS transaction_users_updated_at 
FROM transaction_users]
(Background on this error at: https://sqlalche.me/e/20/f405)
2025-11-25 23:58:53,948 WARNING Falling back to random user generation
2025-11-25 23:58:53,951 INFO 🚨 FRAUD sent seq=439 type=mixed_pattern | user=4686071 tx_24h=74 amt_24h=$44987 payment=WALLET
2025-11-25 23:58:53,953 ERROR Failed to load users from database: (psycopg2.errors.UndefinedTable) relation "transaction_users" does not exist
LINE 2: FROM transaction_users
             ^

[SQL: SELECT transaction_users.id AS transaction_users_id, transaction_users.user_seq AS transaction_users_user_seq, transaction_users.user_name AS transaction_users_user_name, transaction_users.country_code AS transaction_users_country_code, transaction_users.id_type AS transaction_users_id_type, transaction_users.birth_date AS transaction_users_birth_date, transaction_users.register_date AS transaction_users_register_date, transaction_users.first_transaction_date AS transaction_users_first_transaction_date, transaction_users.status AS transaction_users_status, transaction_users.ban_reason AS transaction_users_ban_reason, transaction_users.created_at AS transaction_users_created_at, transaction_users.updated_at AS transaction_users_updated_at 
FROM transaction_users]
(Background on this error at: https://sqlalche.me/e/20/f405)
2025-11-25 23:58:53,954 WARNING Falling back to random user generation
2025-11-25 23:58:53,956 INFO ✓ RAW sent seq=440 | user=9004882 name=Molly Johnson amount=$744.53
2025-11-25 23:58:55,959 ERROR Failed to load users from database: (psycopg2.errors.UndefinedTable) relation "transaction_users" does not exist
LINE 2: FROM transaction_users
             ^

[SQL: SELECT transaction_users.id AS transaction_users_id, transaction_users.user_seq AS transaction_users_user_seq, transaction_users.user_name AS transaction_users_user_name, transaction_users.country_code AS transaction_users_country_code, transaction_users.id_type AS transaction_users_id_type, transaction_users.birth_date AS transaction_users_birth_date, transaction_users.register_date AS transaction_users_register_date, transaction_users.first_transaction_date AS transaction_users_first_transaction_date, transaction_users.status AS transaction_users_status, transaction_users.ban_reason AS transaction_users_ban_reason, transaction_users.created_at AS transaction_users_created_at, transaction_users.updated_at AS transaction_users_updated_at 
FROM transaction_users]
(Background on this error at: https://sqlalche.me/e/20/f405)
2025-11-25 23:58:55,960 WARNING Falling back to random user generation
2025-11-25 23:58:55,964 INFO ✓ RAW sent seq=441 | user=2626029 name=Julia Martinez amount=$533.23
2025-11-25 23:58:57,967 ERROR Failed to load users from database: (psycopg2.errors.UndefinedTable) relation "transaction_users" does not exist
LINE 2: FROM transaction_users
             ^

[SQL: SELECT transaction_users.id AS transaction_users_id, transaction_users.user_seq AS transaction_users_user_seq, transaction_users.user_name AS transaction_users_user_name, transaction_users.country_code AS transaction_users_country_code, transaction_users.id_type AS transaction_users_id_type, transaction_users.birth_date AS transaction_users_birth_date, transaction_users.register_date AS transaction_users_register_date, transaction_users.first_transaction_date AS transaction_users_first_transaction_date, transaction_users.status AS transaction_users_status, transaction_users.ban_reason AS transaction_users_ban_reason, transaction_users.created_at AS transaction_users_created_at, transaction_users.updated_at AS transaction_users_updated_at 
FROM transaction_users]
(Background on this error at: https://sqlalche.me/e/20/f405)
2025-11-25 23:58:57,967 WARNING Falling back to random user generation
2025-11-25 23:58:57,972 INFO ✓ RAW sent seq=442 | user=2551660 name=Randall Calhoun amount=$556.98
2025-11-25 23:58:59,976 ERROR Failed to load users from database: (psycopg2.errors.UndefinedTable) relation "transaction_users" does not exist
LINE 2: FROM transaction_users
             ^

[SQL: SELECT transaction_users.id AS transaction_users_id, transaction_users.user_seq AS transaction_users_user_seq, transaction_users.user_name AS transaction_users_user_name, transaction_users.country_code AS transaction_users_country_code, transaction_users.id_type AS transaction_users_id_type, transaction_users.birth_date AS transaction_users_birth_date, transaction_users.register_date AS transaction_users_register_date, transaction_users.first_transaction_date AS transaction_users_first_transaction_date, transaction_users.status AS transaction_users_status, transaction_users.ban_reason AS transaction_users_ban_reason, transaction_users.created_at AS transaction_users_created_at, transaction_users.updated_at AS transaction_users_updated_at 
FROM transaction_users]
(Background on this error at: https://sqlalche.me/e/20/f405)
2025-11-25 23:58:59,976 WARNING Falling back to random user generation
2025-11-25 23:58:59,982 INFO ✓ RAW sent seq=443 | user=2293655 name=Sarah Moses amount=$677.79
2025-11-25 23:58:59,984 ERROR Failed to load users from database: (psycopg2.errors.UndefinedTable) relation "transaction_users" does not exist
LINE 2: FROM transaction_users
             ^

[SQL: SELECT transaction_users.id AS transaction_users_id, transaction_users.user_seq AS transaction_users_user_seq, transaction_users.user_name AS transaction_users_user_name, transaction_users.country_code AS transaction_users_country_code, transaction_users.id_type AS transaction_users_id_type, transaction_users.birth_date AS transaction_users_birth_date, transaction_users.register_date AS transaction_users_register_date, transaction_users.first_transaction_date AS transaction_users_first_transaction_date, transaction_users.status AS transaction_users_status, transaction_users.ban_reason AS transaction_users_ban_reason, transaction_users.created_at AS transaction_users_created_at, transaction_users.updated_at AS transaction_users_updated_at 
FROM transaction_users]
(Background on this error at: https://sqlalche.me/e/20/f405)
2025-11-25 23:58:59,984 WARNING Falling back to random user generation
2025-11-25 23:58:59,988 INFO ✓ RAW sent seq=444 | user=7429262 name=Jessica Potter amount=$997.0
2025-11-25 23:59:01,991 ERROR Failed to load users from database: (psycopg2.errors.UndefinedTable) relation "transaction_users" does not exist
LINE 2: FROM transaction_users
             ^

[SQL: SELECT transaction_users.id AS transaction_users_id, transaction_users.user_seq AS transaction_users_user_seq, transaction_users.user_name AS transaction_users_user_name, transaction_users.country_code AS transaction_users_country_code, transaction_users.id_type AS transaction_users_id_type, transaction_users.birth_date AS transaction_users_birth_date, transaction_users.register_date AS transaction_users_register_date, transaction_users.first_transaction_date AS transaction_users_first_transaction_date, transaction_users.status AS transaction_users_status, transaction_users.ban_reason AS transaction_users_ban_reason, transaction_users.created_at AS transaction_users_created_at, transaction_users.updated_at AS transaction_users_updated_at 
FROM transaction_users]
(Background on this error at: https://sqlalche.me/e/20/f405)
2025-11-25 23:59:01,991 WARNING Falling back to random user generation
2025-11-25 23:59:01,996 INFO ✓ RAW sent seq=445 | user=4304061 name=Christopher Reyes amount=$37.56
2025-11-25 23:59:01,997 ERROR Failed to load users from database: (psycopg2.errors.UndefinedTable) relation "transaction_users" does not exist
LINE 2: FROM transaction_users
             ^

[SQL: SELECT transaction_users.id AS transaction_users_id, transaction_users.user_seq AS transaction_users_user_seq, transaction_users.user_name AS transaction_users_user_name, transaction_users.country_code AS transaction_users_country_code, transaction_users.id_type AS transaction_users_id_type, transaction_users.birth_date AS transaction_users_birth_date, transaction_users.register_date AS transaction_users_register_date, transaction_users.first_transaction_date AS transaction_users_first_transaction_date, transaction_users.status AS transaction_users_status, transaction_users.ban_reason AS transaction_users_ban_reason, transaction_users.created_at AS transaction_users_created_at, transaction_users.updated_at AS transaction_users_updated_at 
FROM transaction_users]
(Background on this error at: https://sqlalche.me/e/20/f405)
2025-11-25 23:59:01,997 WARNING Falling back to random user generation
2025-11-25 23:59:02,000 INFO ✓ RAW sent seq=446 | user=3111233 name=Andrea Robinson amount=$897.47
2025-11-25 23:59:02,001 ERROR Failed to load users from database: (psycopg2.errors.UndefinedTable) relation "transaction_users" does not exist
LINE 2: FROM transaction_users
             ^

[SQL: SELECT transaction_users.id AS transaction_users_id, transaction_users.user_seq AS transaction_users_user_seq, transaction_users.user_name AS transaction_users_user_name, transaction_users.country_code AS transaction_users_country_code, transaction_users.id_type AS transaction_users_id_type, transaction_users.birth_date AS transaction_users_birth_date, transaction_users.register_date AS transaction_users_register_date, transaction_users.first_transaction_date AS transaction_users_first_transaction_date, transaction_users.status AS transaction_users_status, transaction_users.ban_reason AS transaction_users_ban_reason, transaction_users.created_at AS transaction_users_created_at, transaction_users.updated_at AS transaction_users_updated_at 
FROM transaction_users]
(Background on this error at: https://sqlalche.me/e/20/f405)
2025-11-25 23:59:02,002 WARNING Falling back to random user generation
2025-11-25 23:59:02,004 INFO ✓ RAW sent seq=447 | user=9248712 name=Jessica Jacobson amount=$170.35
2025-11-25 23:59:04,007 ERROR Failed to load users from database: (psycopg2.errors.UndefinedTable) relation "transaction_users" does not exist
LINE 2: FROM transaction_users
             ^

[SQL: SELECT transaction_users.id AS transaction_users_id, transaction_users.user_seq AS transaction_users_user_seq, transaction_users.user_name AS transaction_users_user_name, transaction_users.country_code AS transaction_users_country_code, transaction_users.id_type AS transaction_users_id_type, transaction_users.birth_date AS transaction_users_birth_date, transaction_users.register_date AS transaction_users_register_date, transaction_users.first_transaction_date AS transaction_users_first_transaction_date, transaction_users.status AS transaction_users_status, transaction_users.ban_reason AS transaction_users_ban_reason, transaction_users.created_at AS transaction_users_created_at, transaction_users.updated_at AS transaction_users_updated_at 
FROM transaction_users]
(Background on this error at: https://sqlalche.me/e/20/f405)
2025-11-25 23:59:04,007 WARNING Falling back to random user generation
2025-11-25 23:59:04,012 INFO ✓ RAW sent seq=448 | user=7459571 name=Maria Archer amount=$753.33
2025-11-25 23:59:04,013 ERROR Failed to load users from database: (psycopg2.errors.UndefinedTable) relation "transaction_users" does not exist
LINE 2: FROM transaction_users
             ^

[SQL: SELECT transaction_users.id AS transaction_users_id, transaction_users.user_seq AS transaction_users_user_seq, transaction_users.user_name AS transaction_users_user_name, transaction_users.country_code AS transaction_users_country_code, transaction_users.id_type AS transaction_users_id_type, transaction_users.birth_date AS transaction_users_birth_date, transaction_users.register_date AS transaction_users_register_date, transaction_users.first_transaction_date AS transaction_users_first_transaction_date, transaction_users.status AS transaction_users_status, transaction_users.ban_reason AS transaction_users_ban_reason, transaction_users.created_at AS transaction_users_created_at, transaction_users.updated_at AS transaction_users_updated_at 
FROM transaction_users]
(Background on this error at: https://sqlalche.me/e/20/f405)
2025-11-25 23:59:04,013 WARNING Falling back to random user generation
2025-11-25 23:59:04,018 INFO 🚨 FRAUD sent seq=449 type=mixed_pattern | user=7079451 tx_24h=71 amt_24h=$36760 payment=CRYPTO
2025-11-25 23:59:06,021 ERROR Failed to load users from database: (psycopg2.errors.UndefinedTable) relation "transaction_users" does not exist
LINE 2: FROM transaction_users
             ^

[SQL: SELECT transaction_users.id AS transaction_users_id, transaction_users.user_seq AS transaction_users_user_seq, transaction_users.user_name AS transaction_users_user_name, transaction_users.country_code AS transaction_users_country_code, transaction_users.id_type AS transaction_users_id_type, transaction_users.birth_date AS transaction_users_birth_date, transaction_users.register_date AS transaction_users_register_date, transaction_users.first_transaction_date AS transaction_users_first_transaction_date, transaction_users.status AS transaction_users_status, transaction_users.ban_reason AS transaction_users_ban_reason, transaction_users.created_at AS transaction_users_created_at, transaction_users.updated_at AS transaction_users_updated_at 
FROM transaction_users]
(Background on this error at: https://sqlalche.me/e/20/f405)
2025-11-25 23:59:06,021 WARNING Falling back to random user generation
2025-11-25 23:59:06,027 INFO ✓ RAW sent seq=450 | user=7578506 name=Tammy Foster amount=$356.03
2025-11-25 23:59:06,029 ERROR Failed to load users from database: (psycopg2.errors.UndefinedTable) relation "transaction_users" does not exist
LINE 2: FROM transaction_users
             ^

[SQL: SELECT transaction_users.id AS transaction_users_id, transaction_users.user_seq AS transaction_users_user_seq, transaction_users.user_name AS transaction_users_user_name, transaction_users.country_code AS transaction_users_country_code, transaction_users.id_type AS transaction_users_id_type, transaction_users.birth_date AS transaction_users_birth_date, transaction_users.register_date AS transaction_users_register_date, transaction_users.first_transaction_date AS transaction_users_first_transaction_date, transaction_users.status AS transaction_users_status, transaction_users.ban_reason AS transaction_users_ban_reason, transaction_users.created_at AS transaction_users_created_at, transaction_users.updated_at AS transaction_users_updated_at 
FROM transaction_users]
(Background on this error at: https://sqlalche.me/e/20/f405)
2025-11-25 23:59:06,029 WARNING Falling back to random user generation
2025-11-25 23:59:06,032 INFO ✓ RAW sent seq=451 | user=5266484 name=Elizabeth Jones amount=$417.69
2025-11-25 23:59:06,033 ERROR Failed to load users from database: (psycopg2.errors.UndefinedTable) relation "transaction_users" does not exist
LINE 2: FROM transaction_users
             ^

[SQL: SELECT transaction_users.id AS transaction_users_id, transaction_users.user_seq AS transaction_users_user_seq, transaction_users.user_name AS transaction_users_user_name, transaction_users.country_code AS transaction_users_country_code, transaction_users.id_type AS transaction_users_id_type, transaction_users.birth_date AS transaction_users_birth_date, transaction_users.register_date AS transaction_users_register_date, transaction_users.first_transaction_date AS transaction_users_first_transaction_date, transaction_users.status AS transaction_users_status, transaction_users.ban_reason AS transaction_users_ban_reason, transaction_users.created_at AS transaction_users_created_at, transaction_users.updated_at AS transaction_users_updated_at 
FROM transaction_users]
(Background on this error at: https://sqlalche.me/e/20/f405)
2025-11-25 23:59:06,033 WARNING Falling back to random user generation
2025-11-25 23:59:06,036 INFO ✓ RAW sent seq=452 | user=4904555 name=Kathleen Glenn amount=$837.42
2025-11-25 23:59:08,039 ERROR Failed to load users from database: (psycopg2.errors.UndefinedTable) relation "transaction_users" does not exist
LINE 2: FROM transaction_users
             ^

[SQL: SELECT transaction_users.id AS transaction_users_id, transaction_users.user_seq AS transaction_users_user_seq, transaction_users.user_name AS transaction_users_user_name, transaction_users.country_code AS transaction_users_country_code, transaction_users.id_type AS transaction_users_id_type, transaction_users.birth_date AS transaction_users_birth_date, transaction_users.register_date AS transaction_users_register_date, transaction_users.first_transaction_date AS transaction_users_first_transaction_date, transaction_users.status AS transaction_users_status, transaction_users.ban_reason AS transaction_users_ban_reason, transaction_users.created_at AS transaction_users_created_at, transaction_users.updated_at AS transaction_users_updated_at 
FROM transaction_users]
(Background on this error at: https://sqlalche.me/e/20/f405)
2025-11-25 23:59:08,039 WARNING Falling back to random user generation
2025-11-25 23:59:08,043 INFO ✓ RAW sent seq=453 | user=5614825 name=Emily Rodriguez amount=$638.49
2025-11-25 23:59:08,046 ERROR Failed to load users from database: (psycopg2.errors.UndefinedTable) relation "transaction_users" does not exist
LINE 2: FROM transaction_users
             ^

[SQL: SELECT transaction_users.id AS transaction_users_id, transaction_users.user_seq AS transaction_users_user_seq, transaction_users.user_name AS transaction_users_user_name, transaction_users.country_code AS transaction_users_country_code, transaction_users.id_type AS transaction_users_id_type, transaction_users.birth_date AS transaction_users_birth_date, transaction_users.register_date AS transaction_users_register_date, transaction_users.first_transaction_date AS transaction_users_first_transaction_date, transaction_users.status AS transaction_users_status, transaction_users.ban_reason AS transaction_users_ban_reason, transaction_users.created_at AS transaction_users_created_at, transaction_users.updated_at AS transaction_users_updated_at 
FROM transaction_users]
(Background on this error at: https://sqlalche.me/e/20/f405)
2025-11-25 23:59:08,046 WARNING Falling back to random user generation
2025-11-25 23:59:08,050 INFO ✓ RAW sent seq=454 | user=7276086 name=Angela Ramos amount=$7.84
2025-11-25 23:59:08,051 ERROR Failed to load users from database: (psycopg2.errors.UndefinedTable) relation "transaction_users" does not exist
LINE 2: FROM transaction_users
             ^

[SQL: SELECT transaction_users.id AS transaction_users_id, transaction_users.user_seq AS transaction_users_user_seq, transaction_users.user_name AS transaction_users_user_name, transaction_users.country_code AS transaction_users_country_code, transaction_users.id_type AS transaction_users_id_type, transaction_users.birth_date AS transaction_users_birth_date, transaction_users.register_date AS transaction_users_register_date, transaction_users.first_transaction_date AS transaction_users_first_transaction_date, transaction_users.status AS transaction_users_status, transaction_users.ban_reason AS transaction_users_ban_reason, transaction_users.created_at AS transaction_users_created_at, transaction_users.updated_at AS transaction_users_updated_at 
FROM transaction_users]
(Background on this error at: https://sqlalche.me/e/20/f405)
2025-11-25 23:59:08,052 WARNING Falling back to random user generation
2025-11-25 23:59:08,054 INFO ✓ RAW sent seq=455 | user=9135275 name=Shawn Schneider amount=$56.85
2025-11-25 23:59:10,057 ERROR Failed to load users from database: (psycopg2.errors.UndefinedTable) relation "transaction_users" does not exist
LINE 2: FROM transaction_users
             ^

[SQL: SELECT transaction_users.id AS transaction_users_id, transaction_users.user_seq AS transaction_users_user_seq, transaction_users.user_name AS transaction_users_user_name, transaction_users.country_code AS transaction_users_country_code, transaction_users.id_type AS transaction_users_id_type, transaction_users.birth_date AS transaction_users_birth_date, transaction_users.register_date AS transaction_users_register_date, transaction_users.first_transaction_date AS transaction_users_first_transaction_date, transaction_users.status AS transaction_users_status, transaction_users.ban_reason AS transaction_users_ban_reason, transaction_users.created_at AS transaction_users_created_at, transaction_users.updated_at AS transaction_users_updated_at 
FROM transaction_users]
(Background on this error at: https://sqlalche.me/e/20/f405)
2025-11-25 23:59:10,057 WARNING Falling back to random user generation
2025-11-25 23:59:10,063 INFO ✓ RAW sent seq=456 | user=5084236 name=Leon Phelps amount=$68.77
2025-11-25 23:59:10,064 ERROR Failed to load users from database: (psycopg2.errors.UndefinedTable) relation "transaction_users" does not exist
LINE 2: FROM transaction_users
             ^

[SQL: SELECT transaction_users.id AS transaction_users_id, transaction_users.user_seq AS transaction_users_user_seq, transaction_users.user_name AS transaction_users_user_name, transaction_users.country_code AS transaction_users_country_code, transaction_users.id_type AS transaction_users_id_type, transaction_users.birth_date AS transaction_users_birth_date, transaction_users.register_date AS transaction_users_register_date, transaction_users.first_transaction_date AS transaction_users_first_transaction_date, transaction_users.status AS transaction_users_status, transaction_users.ban_reason AS transaction_users_ban_reason, transaction_users.created_at AS transaction_users_created_at, transaction_users.updated_at AS transaction_users_updated_at 
FROM transaction_users]
(Background on this error at: https://sqlalche.me/e/20/f405)
2025-11-25 23:59:10,064 WARNING Falling back to random user generation
2025-11-25 23:59:10,067 INFO ✓ RAW sent seq=457 | user=6824954 name=Tina Williams MD amount=$459.32
2025-11-25 23:59:10,068 ERROR Failed to load users from database: (psycopg2.errors.UndefinedTable) relation "transaction_users" does not exist
LINE 2: FROM transaction_users
             ^

[SQL: SELECT transaction_users.id AS transaction_users_id, transaction_users.user_seq AS transaction_users_user_seq, transaction_users.user_name AS transaction_users_user_name, transaction_users.country_code AS transaction_users_country_code, transaction_users.id_type AS transaction_users_id_type, transaction_users.birth_date AS transaction_users_birth_date, transaction_users.register_date AS transaction_users_register_date, transaction_users.first_transaction_date AS transaction_users_first_transaction_date, transaction_users.status AS transaction_users_status, transaction_users.ban_reason AS transaction_users_ban_reason, transaction_users.created_at AS transaction_users_created_at, transaction_users.updated_at AS transaction_users_updated_at 
FROM transaction_users]
(Background on this error at: https://sqlalche.me/e/20/f405)
2025-11-25 23:59:10,068 WARNING Falling back to random user generation
2025-11-25 23:59:10,072 INFO ✓ RAW sent seq=458 | user=8579008 name=Edward Parker amount=$38.85
2025-11-25 23:59:12,075 ERROR Failed to load users from database: (psycopg2.errors.UndefinedTable) relation "transaction_users" does not exist
LINE 2: FROM transaction_users
             ^

[SQL: SELECT transaction_users.id AS transaction_users_id, transaction_users.user_seq AS transaction_users_user_seq, transaction_users.user_name AS transaction_users_user_name, transaction_users.country_code AS transaction_users_country_code, transaction_users.id_type AS transaction_users_id_type, transaction_users.birth_date AS transaction_users_birth_date, transaction_users.register_date AS transaction_users_register_date, transaction_users.first_transaction_date AS transaction_users_first_transaction_date, transaction_users.status AS transaction_users_status, transaction_users.ban_reason AS transaction_users_ban_reason, transaction_users.created_at AS transaction_users_created_at, transaction_users.updated_at AS transaction_users_updated_at 
FROM transaction_users]
(Background on this error at: https://sqlalche.me/e/20/f405)
2025-11-25 23:59:12,075 WARNING Falling back to random user generation
2025-11-25 23:59:12,079 INFO ✓ RAW sent seq=459 | user=3966234 name=Melissa Collins amount=$272.62
2025-11-25 23:59:14,082 ERROR Failed to load users from database: (psycopg2.errors.UndefinedTable) relation "transaction_users" does not exist
LINE 2: FROM transaction_users
             ^

[SQL: SELECT transaction_users.id AS transaction_users_id, transaction_users.user_seq AS transaction_users_user_seq, transaction_users.user_name AS transaction_users_user_name, transaction_users.country_code AS transaction_users_country_code, transaction_users.id_type AS transaction_users_id_type, transaction_users.birth_date AS transaction_users_birth_date, transaction_users.register_date AS transaction_users_register_date, transaction_users.first_transaction_date AS transaction_users_first_transaction_date, transaction_users.status AS transaction_users_status, transaction_users.ban_reason AS transaction_users_ban_reason, transaction_users.created_at AS transaction_users_created_at, transaction_users.updated_at AS transaction_users_updated_at 
FROM transaction_users]
(Background on this error at: https://sqlalche.me/e/20/f405)
2025-11-25 23:59:14,082 WARNING Falling back to random user generation
2025-11-25 23:59:14,087 INFO ✓ RAW sent seq=460 | user=4024882 name=Reginald Haynes amount=$166.66
2025-11-25 23:59:14,089 ERROR Failed to load users from database: (psycopg2.errors.UndefinedTable) relation "transaction_users" does not exist
LINE 2: FROM transaction_users
             ^

[SQL: SELECT transaction_users.id AS transaction_users_id, transaction_users.user_seq AS transaction_users_user_seq, transaction_users.user_name AS transaction_users_user_name, transaction_users.country_code AS transaction_users_country_code, transaction_users.id_type AS transaction_users_id_type, transaction_users.birth_date AS transaction_users_birth_date, transaction_users.register_date AS transaction_users_register_date, transaction_users.first_transaction_date AS transaction_users_first_transaction_date, transaction_users.status AS transaction_users_status, transaction_users.ban_reason AS transaction_users_ban_reason, transaction_users.created_at AS transaction_users_created_at, transaction_users.updated_at AS transaction_users_updated_at 
FROM transaction_users]
(Background on this error at: https://sqlalche.me/e/20/f405)
2025-11-25 23:59:14,089 WARNING Falling back to random user generation
2025-11-25 23:59:14,094 INFO 🚨 FRAUD sent seq=461 type=large_amount | user=4769091 tx_24h=3 amt_24h=$45813 payment=CARD
2025-11-25 23:59:16,097 ERROR Failed to load users from database: (psycopg2.errors.UndefinedTable) relation "transaction_users" does not exist
LINE 2: FROM transaction_users
             ^

[SQL: SELECT transaction_users.id AS transaction_users_id, transaction_users.user_seq AS transaction_users_user_seq, transaction_users.user_name AS transaction_users_user_name, transaction_users.country_code AS transaction_users_country_code, transaction_users.id_type AS transaction_users_id_type, transaction_users.birth_date AS transaction_users_birth_date, transaction_users.register_date AS transaction_users_register_date, transaction_users.first_transaction_date AS transaction_users_first_transaction_date, transaction_users.status AS transaction_users_status, transaction_users.ban_reason AS transaction_users_ban_reason, transaction_users.created_at AS transaction_users_created_at, transaction_users.updated_at AS transaction_users_updated_at 
FROM transaction_users]
(Background on this error at: https://sqlalche.me/e/20/f405)
2025-11-25 23:59:16,098 WARNING Falling back to random user generation
2025-11-25 23:59:16,102 INFO ✓ RAW sent seq=462 | user=4461001 name=David Bryant amount=$851.65
2025-11-25 23:59:16,105 ERROR Failed to load users from database: (psycopg2.errors.UndefinedTable) relation "transaction_users" does not exist
LINE 2: FROM transaction_users
             ^

[SQL: SELECT transaction_users.id AS transaction_users_id, transaction_users.user_seq AS transaction_users_user_seq, transaction_users.user_name AS transaction_users_user_name, transaction_users.country_code AS transaction_users_country_code, transaction_users.id_type AS transaction_users_id_type, transaction_users.birth_date AS transaction_users_birth_date, transaction_users.register_date AS transaction_users_register_date, transaction_users.first_transaction_date AS transaction_users_first_transaction_date, transaction_users.status AS transaction_users_status, transaction_users.ban_reason AS transaction_users_ban_reason, transaction_users.created_at AS transaction_users_created_at, transaction_users.updated_at AS transaction_users_updated_at 
FROM transaction_users]
(Background on this error at: https://sqlalche.me/e/20/f405)
2025-11-25 23:59:16,105 WARNING Falling back to random user generation
2025-11-25 23:59:16,109 INFO ✓ RAW sent seq=463 | user=9663667 name=Brett Myers amount=$781.29
2025-11-25 23:59:16,110 ERROR Failed to load users from database: (psycopg2.errors.UndefinedTable) relation "transaction_users" does not exist
LINE 2: FROM transaction_users
             ^

[SQL: SELECT transaction_users.id AS transaction_users_id, transaction_users.user_seq AS transaction_users_user_seq, transaction_users.user_name AS transaction_users_user_name, transaction_users.country_code AS transaction_users_country_code, transaction_users.id_type AS transaction_users_id_type, transaction_users.birth_date AS transaction_users_birth_date, transaction_users.register_date AS transaction_users_register_date, transaction_users.first_transaction_date AS transaction_users_first_transaction_date, transaction_users.status AS transaction_users_status, transaction_users.ban_reason AS transaction_users_ban_reason, transaction_users.created_at AS transaction_users_created_at, transaction_users.updated_at AS transaction_users_updated_at 
FROM transaction_users]
(Background on this error at: https://sqlalche.me/e/20/f405)
2025-11-25 23:59:16,110 WARNING Falling back to random user generation
2025-11-25 23:59:16,112 INFO ✓ RAW sent seq=464 | user=3153593 name=Christopher Diaz amount=$459.29
2025-11-25 23:59:18,115 ERROR Failed to load users from database: (psycopg2.errors.UndefinedTable) relation "transaction_users" does not exist
LINE 2: FROM transaction_users
             ^

[SQL: SELECT transaction_users.id AS transaction_users_id, transaction_users.user_seq AS transaction_users_user_seq, transaction_users.user_name AS transaction_users_user_name, transaction_users.country_code AS transaction_users_country_code, transaction_users.id_type AS transaction_users_id_type, transaction_users.birth_date AS transaction_users_birth_date, transaction_users.register_date AS transaction_users_register_date, transaction_users.first_transaction_date AS transaction_users_first_transaction_date, transaction_users.status AS transaction_users_status, transaction_users.ban_reason AS transaction_users_ban_reason, transaction_users.created_at AS transaction_users_created_at, transaction_users.updated_at AS transaction_users_updated_at 
FROM transaction_users]
(Background on this error at: https://sqlalche.me/e/20/f405)
2025-11-25 23:59:18,116 WARNING Falling back to random user generation
2025-11-25 23:59:18,120 INFO ✓ RAW sent seq=465 | user=6951191 name=Richard Weeks amount=$926.85
2025-11-25 23:59:18,122 ERROR Failed to load users from database: (psycopg2.errors.UndefinedTable) relation "transaction_users" does not exist
LINE 2: FROM transaction_users
             ^

[SQL: SELECT transaction_users.id AS transaction_users_id, transaction_users.user_seq AS transaction_users_user_seq, transaction_users.user_name AS transaction_users_user_name, transaction_users.country_code AS transaction_users_country_code, transaction_users.id_type AS transaction_users_id_type, transaction_users.birth_date AS transaction_users_birth_date, transaction_users.register_date AS transaction_users_register_date, transaction_users.first_transaction_date AS transaction_users_first_transaction_date, transaction_users.status AS transaction_users_status, transaction_users.ban_reason AS transaction_users_ban_reason, transaction_users.created_at AS transaction_users_created_at, transaction_users.updated_at AS transaction_users_updated_at 
FROM transaction_users]
(Background on this error at: https://sqlalche.me/e/20/f405)
2025-11-25 23:59:18,122 WARNING Falling back to random user generation
2025-11-25 23:59:18,125 INFO ✓ RAW sent seq=466 | user=5144195 name=Brandon Hernandez amount=$985.04
2025-11-25 23:59:20,128 ERROR Failed to load users from database: (psycopg2.errors.UndefinedTable) relation "transaction_users" does not exist
LINE 2: FROM transaction_users
             ^

[SQL: SELECT transaction_users.id AS transaction_users_id, transaction_users.user_seq AS transaction_users_user_seq, transaction_users.user_name AS transaction_users_user_name, transaction_users.country_code AS transaction_users_country_code, transaction_users.id_type AS transaction_users_id_type, transaction_users.birth_date AS transaction_users_birth_date, transaction_users.register_date AS transaction_users_register_date, transaction_users.first_transaction_date AS transaction_users_first_transaction_date, transaction_users.status AS transaction_users_status, transaction_users.ban_reason AS transaction_users_ban_reason, transaction_users.created_at AS transaction_users_created_at, transaction_users.updated_at AS transaction_users_updated_at 
FROM transaction_users]
(Background on this error at: https://sqlalche.me/e/20/f405)
2025-11-25 23:59:20,128 WARNING Falling back to random user generation
2025-11-25 23:59:20,132 INFO ✓ RAW sent seq=467 | user=5742318 name=Desiree Adams amount=$592.26
2025-11-25 23:59:22,136 ERROR Failed to load users from database: (psycopg2.errors.UndefinedTable) relation "transaction_users" does not exist
LINE 2: FROM transaction_users
             ^

[SQL: SELECT transaction_users.id AS transaction_users_id, transaction_users.user_seq AS transaction_users_user_seq, transaction_users.user_name AS transaction_users_user_name, transaction_users.country_code AS transaction_users_country_code, transaction_users.id_type AS transaction_users_id_type, transaction_users.birth_date AS transaction_users_birth_date, transaction_users.register_date AS transaction_users_register_date, transaction_users.first_transaction_date AS transaction_users_first_transaction_date, transaction_users.status AS transaction_users_status, transaction_users.ban_reason AS transaction_users_ban_reason, transaction_users.created_at AS transaction_users_created_at, transaction_users.updated_at AS transaction_users_updated_at 
FROM transaction_users]
(Background on this error at: https://sqlalche.me/e/20/f405)
2025-11-25 23:59:22,136 WARNING Falling back to random user generation
2025-11-25 23:59:22,141 INFO ✓ RAW sent seq=468 | user=3719414 name=Matthew Sellers amount=$85.72
2025-11-25 23:59:24,145 ERROR Failed to load users from database: (psycopg2.errors.UndefinedTable) relation "transaction_users" does not exist
LINE 2: FROM transaction_users
             ^

[SQL: SELECT transaction_users.id AS transaction_users_id, transaction_users.user_seq AS transaction_users_user_seq, transaction_users.user_name AS transaction_users_user_name, transaction_users.country_code AS transaction_users_country_code, transaction_users.id_type AS transaction_users_id_type, transaction_users.birth_date AS transaction_users_birth_date, transaction_users.register_date AS transaction_users_register_date, transaction_users.first_transaction_date AS transaction_users_first_transaction_date, transaction_users.status AS transaction_users_status, transaction_users.ban_reason AS transaction_users_ban_reason, transaction_users.created_at AS transaction_users_created_at, transaction_users.updated_at AS transaction_users_updated_at 
FROM transaction_users]
(Background on this error at: https://sqlalche.me/e/20/f405)
2025-11-25 23:59:24,146 WARNING Falling back to random user generation
2025-11-25 23:59:24,151 INFO ✓ RAW sent seq=469 | user=8671528 name=Jennifer Thompson amount=$299.8
2025-11-25 23:59:26,154 ERROR Failed to load users from database: (psycopg2.errors.UndefinedTable) relation "transaction_users" does not exist
LINE 2: FROM transaction_users
             ^

[SQL: SELECT transaction_users.id AS transaction_users_id, transaction_users.user_seq AS transaction_users_user_seq, transaction_users.user_name AS transaction_users_user_name, transaction_users.country_code AS transaction_users_country_code, transaction_users.id_type AS transaction_users_id_type, transaction_users.birth_date AS transaction_users_birth_date, transaction_users.register_date AS transaction_users_register_date, transaction_users.first_transaction_date AS transaction_users_first_transaction_date, transaction_users.status AS transaction_users_status, transaction_users.ban_reason AS transaction_users_ban_reason, transaction_users.created_at AS transaction_users_created_at, transaction_users.updated_at AS transaction_users_updated_at 
FROM transaction_users]
(Background on this error at: https://sqlalche.me/e/20/f405)
2025-11-25 23:59:26,155 WARNING Falling back to random user generation
2025-11-25 23:59:26,159 INFO ✓ RAW sent seq=470 | user=9869469 name=Erin Leach amount=$712.12
2025-11-25 23:59:28,161 ERROR Failed to load users from database: (psycopg2.errors.UndefinedTable) relation "transaction_users" does not exist
LINE 2: FROM transaction_users
             ^

[SQL: SELECT transaction_users.id AS transaction_users_id, transaction_users.user_seq AS transaction_users_user_seq, transaction_users.user_name AS transaction_users_user_name, transaction_users.country_code AS transaction_users_country_code, transaction_users.id_type AS transaction_users_id_type, transaction_users.birth_date AS transaction_users_birth_date, transaction_users.register_date AS transaction_users_register_date, transaction_users.first_transaction_date AS transaction_users_first_transaction_date, transaction_users.status AS transaction_users_status, transaction_users.ban_reason AS transaction_users_ban_reason, transaction_users.created_at AS transaction_users_created_at, transaction_users.updated_at AS transaction_users_updated_at 
FROM transaction_users]
(Background on this error at: https://sqlalche.me/e/20/f405)
2025-11-25 23:59:28,161 WARNING Falling back to random user generation
2025-11-25 23:59:28,164 INFO ✓ RAW sent seq=471 | user=4019654 name=Michael Key amount=$487.78
2025-11-25 23:59:28,165 ERROR Failed to load users from database: (psycopg2.errors.UndefinedTable) relation "transaction_users" does not exist
LINE 2: FROM transaction_users
             ^

[SQL: SELECT transaction_users.id AS transaction_users_id, transaction_users.user_seq AS transaction_users_user_seq, transaction_users.user_name AS transaction_users_user_name, transaction_users.country_code AS transaction_users_country_code, transaction_users.id_type AS transaction_users_id_type, transaction_users.birth_date AS transaction_users_birth_date, transaction_users.register_date AS transaction_users_register_date, transaction_users.first_transaction_date AS transaction_users_first_transaction_date, transaction_users.status AS transaction_users_status, transaction_users.ban_reason AS transaction_users_ban_reason, transaction_users.created_at AS transaction_users_created_at, transaction_users.updated_at AS transaction_users_updated_at 
FROM transaction_users]
(Background on this error at: https://sqlalche.me/e/20/f405)
2025-11-25 23:59:28,165 WARNING Falling back to random user generation
2025-11-25 23:59:28,168 INFO ✓ RAW sent seq=472 | user=7394815 name=Nicole Gonzalez amount=$452.02
2025-11-25 23:59:30,171 ERROR Failed to load users from database: (psycopg2.errors.UndefinedTable) relation "transaction_users" does not exist
LINE 2: FROM transaction_users
             ^

[SQL: SELECT transaction_users.id AS transaction_users_id, transaction_users.user_seq AS transaction_users_user_seq, transaction_users.user_name AS transaction_users_user_name, transaction_users.country_code AS transaction_users_country_code, transaction_users.id_type AS transaction_users_id_type, transaction_users.birth_date AS transaction_users_birth_date, transaction_users.register_date AS transaction_users_register_date, transaction_users.first_transaction_date AS transaction_users_first_transaction_date, transaction_users.status AS transaction_users_status, transaction_users.ban_reason AS transaction_users_ban_reason, transaction_users.created_at AS transaction_users_created_at, transaction_users.updated_at AS transaction_users_updated_at 
FROM transaction_users]
(Background on this error at: https://sqlalche.me/e/20/f405)
2025-11-25 23:59:30,171 WARNING Falling back to random user generation
2025-11-25 23:59:30,177 INFO 🚨 FRAUD sent seq=473 type=large_amount | user=4971391 tx_24h=9 amt_24h=$32769 payment=WALLET
2025-11-25 23:59:30,179 ERROR Failed to load users from database: (psycopg2.errors.UndefinedTable) relation "transaction_users" does not exist
LINE 2: FROM transaction_users
             ^

[SQL: SELECT transaction_users.id AS transaction_users_id, transaction_users.user_seq AS transaction_users_user_seq, transaction_users.user_name AS transaction_users_user_name, transaction_users.country_code AS transaction_users_country_code, transaction_users.id_type AS transaction_users_id_type, transaction_users.birth_date AS transaction_users_birth_date, transaction_users.register_date AS transaction_users_register_date, transaction_users.first_transaction_date AS transaction_users_first_transaction_date, transaction_users.status AS transaction_users_status, transaction_users.ban_reason AS transaction_users_ban_reason, transaction_users.created_at AS transaction_users_created_at, transaction_users.updated_at AS transaction_users_updated_at 
FROM transaction_users]
(Background on this error at: https://sqlalche.me/e/20/f405)
2025-11-25 23:59:30,180 WARNING Falling back to random user generation
2025-11-25 23:59:30,183 INFO ✓ RAW sent seq=474 | user=7689338 name=Jason Dalton amount=$943.31
2025-11-25 23:59:32,186 ERROR Failed to load users from database: (psycopg2.errors.UndefinedTable) relation "transaction_users" does not exist
LINE 2: FROM transaction_users
             ^

[SQL: SELECT transaction_users.id AS transaction_users_id, transaction_users.user_seq AS transaction_users_user_seq, transaction_users.user_name AS transaction_users_user_name, transaction_users.country_code AS transaction_users_country_code, transaction_users.id_type AS transaction_users_id_type, transaction_users.birth_date AS transaction_users_birth_date, transaction_users.register_date AS transaction_users_register_date, transaction_users.first_transaction_date AS transaction_users_first_transaction_date, transaction_users.status AS transaction_users_status, transaction_users.ban_reason AS transaction_users_ban_reason, transaction_users.created_at AS transaction_users_created_at, transaction_users.updated_at AS transaction_users_updated_at 
FROM transaction_users]
(Background on this error at: https://sqlalche.me/e/20/f405)
2025-11-25 23:59:32,186 WARNING Falling back to random user generation
2025-11-25 23:59:32,191 INFO 🚨 FRAUD sent seq=475 type=large_amount | user=8453624 tx_24h=8 amt_24h=$40678 payment=WALLET
2025-11-25 23:59:34,194 ERROR Failed to load users from database: (psycopg2.errors.UndefinedTable) relation "transaction_users" does not exist
LINE 2: FROM transaction_users
             ^

[SQL: SELECT transaction_users.id AS transaction_users_id, transaction_users.user_seq AS transaction_users_user_seq, transaction_users.user_name AS transaction_users_user_name, transaction_users.country_code AS transaction_users_country_code, transaction_users.id_type AS transaction_users_id_type, transaction_users.birth_date AS transaction_users_birth_date, transaction_users.register_date AS transaction_users_register_date, transaction_users.first_transaction_date AS transaction_users_first_transaction_date, transaction_users.status AS transaction_users_status, transaction_users.ban_reason AS transaction_users_ban_reason, transaction_users.created_at AS transaction_users_created_at, transaction_users.updated_at AS transaction_users_updated_at 
FROM transaction_users]
(Background on this error at: https://sqlalche.me/e/20/f405)
2025-11-25 23:59:34,194 WARNING Falling back to random user generation
2025-11-25 23:59:34,200 INFO ✓ RAW sent seq=476 | user=1680804 name=Joseph Moran amount=$507.73
2025-11-25 23:59:34,202 ERROR Failed to load users from database: (psycopg2.errors.UndefinedTable) relation "transaction_users" does not exist
LINE 2: FROM transaction_users
             ^

[SQL: SELECT transaction_users.id AS transaction_users_id, transaction_users.user_seq AS transaction_users_user_seq, transaction_users.user_name AS transaction_users_user_name, transaction_users.country_code AS transaction_users_country_code, transaction_users.id_type AS transaction_users_id_type, transaction_users.birth_date AS transaction_users_birth_date, transaction_users.register_date AS transaction_users_register_date, transaction_users.first_transaction_date AS transaction_users_first_transaction_date, transaction_users.status AS transaction_users_status, transaction_users.ban_reason AS transaction_users_ban_reason, transaction_users.created_at AS transaction_users_created_at, transaction_users.updated_at AS transaction_users_updated_at 
FROM transaction_users]
(Background on this error at: https://sqlalche.me/e/20/f405)
2025-11-25 23:59:34,202 WARNING Falling back to random user generation
2025-11-25 23:59:34,205 INFO 🚨 FRAUD sent seq=477 type=high_velocity | user=1396132 tx_24h=68 amt_24h=$24955 payment=WALLET
2025-11-25 23:59:34,206 ERROR Failed to load users from database: (psycopg2.errors.UndefinedTable) relation "transaction_users" does not exist
LINE 2: FROM transaction_users
             ^

[SQL: SELECT transaction_users.id AS transaction_users_id, transaction_users.user_seq AS transaction_users_user_seq, transaction_users.user_name AS transaction_users_user_name, transaction_users.country_code AS transaction_users_country_code, transaction_users.id_type AS transaction_users_id_type, transaction_users.birth_date AS transaction_users_birth_date, transaction_users.register_date AS transaction_users_register_date, transaction_users.first_transaction_date AS transaction_users_first_transaction_date, transaction_users.status AS transaction_users_status, transaction_users.ban_reason AS transaction_users_ban_reason, transaction_users.created_at AS transaction_users_created_at, transaction_users.updated_at AS transaction_users_updated_at 
FROM transaction_users]
(Background on this error at: https://sqlalche.me/e/20/f405)
2025-11-25 23:59:34,206 WARNING Falling back to random user generation
2025-11-25 23:59:34,208 INFO ✓ RAW sent seq=478 | user=6277932 name=Erik Choi amount=$412.25
2025-11-25 23:59:36,211 ERROR Failed to load users from database: (psycopg2.errors.UndefinedTable) relation "transaction_users" does not exist
LINE 2: FROM transaction_users
             ^

[SQL: SELECT transaction_users.id AS transaction_users_id, transaction_users.user_seq AS transaction_users_user_seq, transaction_users.user_name AS transaction_users_user_name, transaction_users.country_code AS transaction_users_country_code, transaction_users.id_type AS transaction_users_id_type, transaction_users.birth_date AS transaction_users_birth_date, transaction_users.register_date AS transaction_users_register_date, transaction_users.first_transaction_date AS transaction_users_first_transaction_date, transaction_users.status AS transaction_users_status, transaction_users.ban_reason AS transaction_users_ban_reason, transaction_users.created_at AS transaction_users_created_at, transaction_users.updated_at AS transaction_users_updated_at 
FROM transaction_users]
(Background on this error at: https://sqlalche.me/e/20/f405)
2025-11-25 23:59:36,212 WARNING Falling back to random user generation
2025-11-25 23:59:36,215 INFO 🚨 FRAUD sent seq=479 type=large_amount | user=9702379 tx_24h=3 amt_24h=$30135 payment=BANK
2025-11-25 23:59:36,217 ERROR Failed to load users from database: (psycopg2.errors.UndefinedTable) relation "transaction_users" does not exist
LINE 2: FROM transaction_users
             ^

[SQL: SELECT transaction_users.id AS transaction_users_id, transaction_users.user_seq AS transaction_users_user_seq, transaction_users.user_name AS transaction_users_user_name, transaction_users.country_code AS transaction_users_country_code, transaction_users.id_type AS transaction_users_id_type, transaction_users.birth_date AS transaction_users_birth_date, transaction_users.register_date AS transaction_users_register_date, transaction_users.first_transaction_date AS transaction_users_first_transaction_date, transaction_users.status AS transaction_users_status, transaction_users.ban_reason AS transaction_users_ban_reason, transaction_users.created_at AS transaction_users_created_at, transaction_users.updated_at AS transaction_users_updated_at 
FROM transaction_users]
(Background on this error at: https://sqlalche.me/e/20/f405)
2025-11-25 23:59:36,217 WARNING Falling back to random user generation
2025-11-25 23:59:36,220 INFO ✓ RAW sent seq=480 | user=8314564 name=Cheryl Malone amount=$66.95
2025-11-25 23:59:36,221 ERROR Failed to load users from database: (psycopg2.errors.UndefinedTable) relation "transaction_users" does not exist
LINE 2: FROM transaction_users
             ^

[SQL: SELECT transaction_users.id AS transaction_users_id, transaction_users.user_seq AS transaction_users_user_seq, transaction_users.user_name AS transaction_users_user_name, transaction_users.country_code AS transaction_users_country_code, transaction_users.id_type AS transaction_users_id_type, transaction_users.birth_date AS transaction_users_birth_date, transaction_users.register_date AS transaction_users_register_date, transaction_users.first_transaction_date AS transaction_users_first_transaction_date, transaction_users.status AS transaction_users_status, transaction_users.ban_reason AS transaction_users_ban_reason, transaction_users.created_at AS transaction_users_created_at, transaction_users.updated_at AS transaction_users_updated_at 
FROM transaction_users]
(Background on this error at: https://sqlalche.me/e/20/f405)
2025-11-25 23:59:36,221 WARNING Falling back to random user generation
2025-11-25 23:59:36,224 INFO ✓ RAW sent seq=481 | user=8867951 name=Steven Kennedy amount=$508.27
2025-11-25 23:59:38,227 ERROR Failed to load users from database: (psycopg2.errors.UndefinedTable) relation "transaction_users" does not exist
LINE 2: FROM transaction_users
             ^

[SQL: SELECT transaction_users.id AS transaction_users_id, transaction_users.user_seq AS transaction_users_user_seq, transaction_users.user_name AS transaction_users_user_name, transaction_users.country_code AS transaction_users_country_code, transaction_users.id_type AS transaction_users_id_type, transaction_users.birth_date AS transaction_users_birth_date, transaction_users.register_date AS transaction_users_register_date, transaction_users.first_transaction_date AS transaction_users_first_transaction_date, transaction_users.status AS transaction_users_status, transaction_users.ban_reason AS transaction_users_ban_reason, transaction_users.created_at AS transaction_users_created_at, transaction_users.updated_at AS transaction_users_updated_at 
FROM transaction_users]
(Background on this error at: https://sqlalche.me/e/20/f405)
2025-11-25 23:59:38,227 WARNING Falling back to random user generation
2025-11-25 23:59:38,232 INFO 🚨 FRAUD sent seq=482 type=mixed_pattern | user=1530807 tx_24h=63 amt_24h=$49533 payment=WALLET
2025-11-25 23:59:40,236 ERROR Failed to load users from database: (psycopg2.errors.UndefinedTable) relation "transaction_users" does not exist
LINE 2: FROM transaction_users
             ^

[SQL: SELECT transaction_users.id AS transaction_users_id, transaction_users.user_seq AS transaction_users_user_seq, transaction_users.user_name AS transaction_users_user_name, transaction_users.country_code AS transaction_users_country_code, transaction_users.id_type AS transaction_users_id_type, transaction_users.birth_date AS transaction_users_birth_date, transaction_users.register_date AS transaction_users_register_date, transaction_users.first_transaction_date AS transaction_users_first_transaction_date, transaction_users.status AS transaction_users_status, transaction_users.ban_reason AS transaction_users_ban_reason, transaction_users.created_at AS transaction_users_created_at, transaction_users.updated_at AS transaction_users_updated_at 
FROM transaction_users]
(Background on this error at: https://sqlalche.me/e/20/f405)
2025-11-25 23:59:40,236 WARNING Falling back to random user generation
2025-11-25 23:59:40,240 INFO ✓ RAW sent seq=483 | user=4112452 name=Hannah Mason amount=$967.9
2025-11-25 23:59:42,244 ERROR Failed to load users from database: (psycopg2.errors.UndefinedTable) relation "transaction_users" does not exist
LINE 2: FROM transaction_users
             ^

[SQL: SELECT transaction_users.id AS transaction_users_id, transaction_users.user_seq AS transaction_users_user_seq, transaction_users.user_name AS transaction_users_user_name, transaction_users.country_code AS transaction_users_country_code, transaction_users.id_type AS transaction_users_id_type, transaction_users.birth_date AS transaction_users_birth_date, transaction_users.register_date AS transaction_users_register_date, transaction_users.first_transaction_date AS transaction_users_first_transaction_date, transaction_users.status AS transaction_users_status, transaction_users.ban_reason AS transaction_users_ban_reason, transaction_users.created_at AS transaction_users_created_at, transaction_users.updated_at AS transaction_users_updated_at 
FROM transaction_users]
(Background on this error at: https://sqlalche.me/e/20/f405)
2025-11-25 23:59:42,244 WARNING Falling back to random user generation
2025-11-25 23:59:42,250 INFO ✓ RAW sent seq=484 | user=1597312 name=Rachel Lopez amount=$464.99
2025-11-25 23:59:42,252 ERROR Failed to load users from database: (psycopg2.errors.UndefinedTable) relation "transaction_users" does not exist
LINE 2: FROM transaction_users
             ^

[SQL: SELECT transaction_users.id AS transaction_users_id, transaction_users.user_seq AS transaction_users_user_seq, transaction_users.user_name AS transaction_users_user_name, transaction_users.country_code AS transaction_users_country_code, transaction_users.id_type AS transaction_users_id_type, transaction_users.birth_date AS transaction_users_birth_date, transaction_users.register_date AS transaction_users_register_date, transaction_users.first_transaction_date AS transaction_users_first_transaction_date, transaction_users.status AS transaction_users_status, transaction_users.ban_reason AS transaction_users_ban_reason, transaction_users.created_at AS transaction_users_created_at, transaction_users.updated_at AS transaction_users_updated_at 
FROM transaction_users]
(Background on this error at: https://sqlalche.me/e/20/f405)
2025-11-25 23:59:42,252 WARNING Falling back to random user generation
2025-11-25 23:59:42,256 INFO ✓ RAW sent seq=485 | user=4761583 name=Dale Frederick amount=$592.01
2025-11-25 23:59:44,259 ERROR Failed to load users from database: (psycopg2.errors.UndefinedTable) relation "transaction_users" does not exist
LINE 2: FROM transaction_users
             ^

[SQL: SELECT transaction_users.id AS transaction_users_id, transaction_users.user_seq AS transaction_users_user_seq, transaction_users.user_name AS transaction_users_user_name, transaction_users.country_code AS transaction_users_country_code, transaction_users.id_type AS transaction_users_id_type, transaction_users.birth_date AS transaction_users_birth_date, transaction_users.register_date AS transaction_users_register_date, transaction_users.first_transaction_date AS transaction_users_first_transaction_date, transaction_users.status AS transaction_users_status, transaction_users.ban_reason AS transaction_users_ban_reason, transaction_users.created_at AS transaction_users_created_at, transaction_users.updated_at AS transaction_users_updated_at 
FROM transaction_users]
(Background on this error at: https://sqlalche.me/e/20/f405)
2025-11-25 23:59:44,259 WARNING Falling back to random user generation
2025-11-25 23:59:44,262 INFO ✓ RAW sent seq=486 | user=7462613 name=William Gomez amount=$453.96
2025-11-25 23:59:46,265 ERROR Failed to load users from database: (psycopg2.errors.UndefinedTable) relation "transaction_users" does not exist
LINE 2: FROM transaction_users
             ^

[SQL: SELECT transaction_users.id AS transaction_users_id, transaction_users.user_seq AS transaction_users_user_seq, transaction_users.user_name AS transaction_users_user_name, transaction_users.country_code AS transaction_users_country_code, transaction_users.id_type AS transaction_users_id_type, transaction_users.birth_date AS transaction_users_birth_date, transaction_users.register_date AS transaction_users_register_date, transaction_users.first_transaction_date AS transaction_users_first_transaction_date, transaction_users.status AS transaction_users_status, transaction_users.ban_reason AS transaction_users_ban_reason, transaction_users.created_at AS transaction_users_created_at, transaction_users.updated_at AS transaction_users_updated_at 
FROM transaction_users]
(Background on this error at: https://sqlalche.me/e/20/f405)
2025-11-25 23:59:46,265 WARNING Falling back to random user generation
2025-11-25 23:59:46,271 INFO ✓ RAW sent seq=487 | user=2804760 name=Catherine Lewis amount=$639.14
2025-11-25 23:59:46,273 ERROR Failed to load users from database: (psycopg2.errors.UndefinedTable) relation "transaction_users" does not exist
LINE 2: FROM transaction_users
             ^

[SQL: SELECT transaction_users.id AS transaction_users_id, transaction_users.user_seq AS transaction_users_user_seq, transaction_users.user_name AS transaction_users_user_name, transaction_users.country_code AS transaction_users_country_code, transaction_users.id_type AS transaction_users_id_type, transaction_users.birth_date AS transaction_users_birth_date, transaction_users.register_date AS transaction_users_register_date, transaction_users.first_transaction_date AS transaction_users_first_transaction_date, transaction_users.status AS transaction_users_status, transaction_users.ban_reason AS transaction_users_ban_reason, transaction_users.created_at AS transaction_users_created_at, transaction_users.updated_at AS transaction_users_updated_at 
FROM transaction_users]
(Background on this error at: https://sqlalche.me/e/20/f405)
2025-11-25 23:59:46,273 WARNING Falling back to random user generation
2025-11-25 23:59:46,275 INFO ✓ RAW sent seq=488 | user=8958919 name=Christine Ramirez amount=$257.11
2025-11-25 23:59:46,277 ERROR Failed to load users from database: (psycopg2.errors.UndefinedTable) relation "transaction_users" does not exist
LINE 2: FROM transaction_users
             ^

[SQL: SELECT transaction_users.id AS transaction_users_id, transaction_users.user_seq AS transaction_users_user_seq, transaction_users.user_name AS transaction_users_user_name, transaction_users.country_code AS transaction_users_country_code, transaction_users.id_type AS transaction_users_id_type, transaction_users.birth_date AS transaction_users_birth_date, transaction_users.register_date AS transaction_users_register_date, transaction_users.first_transaction_date AS transaction_users_first_transaction_date, transaction_users.status AS transaction_users_status, transaction_users.ban_reason AS transaction_users_ban_reason, transaction_users.created_at AS transaction_users_created_at, transaction_users.updated_at AS transaction_users_updated_at 
FROM transaction_users]
(Background on this error at: https://sqlalche.me/e/20/f405)
2025-11-25 23:59:46,277 WARNING Falling back to random user generation
2025-11-25 23:59:46,281 INFO ✓ RAW sent seq=489 | user=5200793 name=Jason Mercer amount=$507.42
2025-11-25 23:59:48,283 ERROR Failed to load users from database: (psycopg2.errors.UndefinedTable) relation "transaction_users" does not exist
LINE 2: FROM transaction_users
             ^

[SQL: SELECT transaction_users.id AS transaction_users_id, transaction_users.user_seq AS transaction_users_user_seq, transaction_users.user_name AS transaction_users_user_name, transaction_users.country_code AS transaction_users_country_code, transaction_users.id_type AS transaction_users_id_type, transaction_users.birth_date AS transaction_users_birth_date, transaction_users.register_date AS transaction_users_register_date, transaction_users.first_transaction_date AS transaction_users_first_transaction_date, transaction_users.status AS transaction_users_status, transaction_users.ban_reason AS transaction_users_ban_reason, transaction_users.created_at AS transaction_users_created_at, transaction_users.updated_at AS transaction_users_updated_at 
FROM transaction_users]
(Background on this error at: https://sqlalche.me/e/20/f405)
2025-11-25 23:59:48,284 WARNING Falling back to random user generation
2025-11-25 23:59:48,288 INFO ✓ RAW sent seq=490 | user=7181977 name=Laura Anderson amount=$223.19
2025-11-25 23:59:50,293 ERROR Failed to load users from database: (psycopg2.errors.UndefinedTable) relation "transaction_users" does not exist
LINE 2: FROM transaction_users
             ^

[SQL: SELECT transaction_users.id AS transaction_users_id, transaction_users.user_seq AS transaction_users_user_seq, transaction_users.user_name AS transaction_users_user_name, transaction_users.country_code AS transaction_users_country_code, transaction_users.id_type AS transaction_users_id_type, transaction_users.birth_date AS transaction_users_birth_date, transaction_users.register_date AS transaction_users_register_date, transaction_users.first_transaction_date AS transaction_users_first_transaction_date, transaction_users.status AS transaction_users_status, transaction_users.ban_reason AS transaction_users_ban_reason, transaction_users.created_at AS transaction_users_created_at, transaction_users.updated_at AS transaction_users_updated_at 
FROM transaction_users]
(Background on this error at: https://sqlalche.me/e/20/f405)
2025-11-25 23:59:50,293 WARNING Falling back to random user generation
2025-11-25 23:59:50,297 INFO ✓ RAW sent seq=491 | user=6705399 name=John Kane amount=$847.23
2025-11-25 23:59:50,298 ERROR Failed to load users from database: (psycopg2.errors.UndefinedTable) relation "transaction_users" does not exist
LINE 2: FROM transaction_users
             ^

[SQL: SELECT transaction_users.id AS transaction_users_id, transaction_users.user_seq AS transaction_users_user_seq, transaction_users.user_name AS transaction_users_user_name, transaction_users.country_code AS transaction_users_country_code, transaction_users.id_type AS transaction_users_id_type, transaction_users.birth_date AS transaction_users_birth_date, transaction_users.register_date AS transaction_users_register_date, transaction_users.first_transaction_date AS transaction_users_first_transaction_date, transaction_users.status AS transaction_users_status, transaction_users.ban_reason AS transaction_users_ban_reason, transaction_users.created_at AS transaction_users_created_at, transaction_users.updated_at AS transaction_users_updated_at 
FROM transaction_users]
(Background on this error at: https://sqlalche.me/e/20/f405)
2025-11-25 23:59:50,298 WARNING Falling back to random user generation
2025-11-25 23:59:50,301 INFO ✓ RAW sent seq=492 | user=6735148 name=Tina Pittman amount=$842.94
2025-11-25 23:59:50,302 ERROR Failed to load users from database: (psycopg2.errors.UndefinedTable) relation "transaction_users" does not exist
LINE 2: FROM transaction_users
             ^

[SQL: SELECT transaction_users.id AS transaction_users_id, transaction_users.user_seq AS transaction_users_user_seq, transaction_users.user_name AS transaction_users_user_name, transaction_users.country_code AS transaction_users_country_code, transaction_users.id_type AS transaction_users_id_type, transaction_users.birth_date AS transaction_users_birth_date, transaction_users.register_date AS transaction_users_register_date, transaction_users.first_transaction_date AS transaction_users_first_transaction_date, transaction_users.status AS transaction_users_status, transaction_users.ban_reason AS transaction_users_ban_reason, transaction_users.created_at AS transaction_users_created_at, transaction_users.updated_at AS transaction_users_updated_at 
FROM transaction_users]
(Background on this error at: https://sqlalche.me/e/20/f405)
2025-11-25 23:59:50,302 WARNING Falling back to random user generation
2025-11-25 23:59:50,304 INFO ✓ RAW sent seq=493 | user=6176559 name=Janet Mitchell amount=$723.65
2025-11-25 23:59:52,307 ERROR Failed to load users from database: (psycopg2.errors.UndefinedTable) relation "transaction_users" does not exist
LINE 2: FROM transaction_users
             ^

[SQL: SELECT transaction_users.id AS transaction_users_id, transaction_users.user_seq AS transaction_users_user_seq, transaction_users.user_name AS transaction_users_user_name, transaction_users.country_code AS transaction_users_country_code, transaction_users.id_type AS transaction_users_id_type, transaction_users.birth_date AS transaction_users_birth_date, transaction_users.register_date AS transaction_users_register_date, transaction_users.first_transaction_date AS transaction_users_first_transaction_date, transaction_users.status AS transaction_users_status, transaction_users.ban_reason AS transaction_users_ban_reason, transaction_users.created_at AS transaction_users_created_at, transaction_users.updated_at AS transaction_users_updated_at 
FROM transaction_users]
(Background on this error at: https://sqlalche.me/e/20/f405)
2025-11-25 23:59:52,308 WARNING Falling back to random user generation
2025-11-25 23:59:52,314 INFO ✓ RAW sent seq=494 | user=5279760 name=Jacqueline Vasquez amount=$285.65
2025-11-25 23:59:54,317 ERROR Failed to load users from database: (psycopg2.errors.UndefinedTable) relation "transaction_users" does not exist
LINE 2: FROM transaction_users
             ^

[SQL: SELECT transaction_users.id AS transaction_users_id, transaction_users.user_seq AS transaction_users_user_seq, transaction_users.user_name AS transaction_users_user_name, transaction_users.country_code AS transaction_users_country_code, transaction_users.id_type AS transaction_users_id_type, transaction_users.birth_date AS transaction_users_birth_date, transaction_users.register_date AS transaction_users_register_date, transaction_users.first_transaction_date AS transaction_users_first_transaction_date, transaction_users.status AS transaction_users_status, transaction_users.ban_reason AS transaction_users_ban_reason, transaction_users.created_at AS transaction_users_created_at, transaction_users.updated_at AS transaction_users_updated_at 
FROM transaction_users]
(Background on this error at: https://sqlalche.me/e/20/f405)
2025-11-25 23:59:54,317 WARNING Falling back to random user generation
2025-11-25 23:59:54,320 INFO ✓ RAW sent seq=495 | user=6504274 name=Susan Clark amount=$918.85
2025-11-25 23:59:56,323 ERROR Failed to load users from database: (psycopg2.errors.UndefinedTable) relation "transaction_users" does not exist
LINE 2: FROM transaction_users
             ^

[SQL: SELECT transaction_users.id AS transaction_users_id, transaction_users.user_seq AS transaction_users_user_seq, transaction_users.user_name AS transaction_users_user_name, transaction_users.country_code AS transaction_users_country_code, transaction_users.id_type AS transaction_users_id_type, transaction_users.birth_date AS transaction_users_birth_date, transaction_users.register_date AS transaction_users_register_date, transaction_users.first_transaction_date AS transaction_users_first_transaction_date, transaction_users.status AS transaction_users_status, transaction_users.ban_reason AS transaction_users_ban_reason, transaction_users.created_at AS transaction_users_created_at, transaction_users.updated_at AS transaction_users_updated_at 
FROM transaction_users]
(Background on this error at: https://sqlalche.me/e/20/f405)
2025-11-25 23:59:56,323 WARNING Falling back to random user generation
2025-11-25 23:59:56,328 INFO ✓ RAW sent seq=496 | user=8349875 name=Barbara Nguyen amount=$142.46
2025-11-25 23:59:58,331 ERROR Failed to load users from database: (psycopg2.errors.UndefinedTable) relation "transaction_users" does not exist
LINE 2: FROM transaction_users
             ^

[SQL: SELECT transaction_users.id AS transaction_users_id, transaction_users.user_seq AS transaction_users_user_seq, transaction_users.user_name AS transaction_users_user_name, transaction_users.country_code AS transaction_users_country_code, transaction_users.id_type AS transaction_users_id_type, transaction_users.birth_date AS transaction_users_birth_date, transaction_users.register_date AS transaction_users_register_date, transaction_users.first_transaction_date AS transaction_users_first_transaction_date, transaction_users.status AS transaction_users_status, transaction_users.ban_reason AS transaction_users_ban_reason, transaction_users.created_at AS transaction_users_created_at, transaction_users.updated_at AS transaction_users_updated_at 
FROM transaction_users]
(Background on this error at: https://sqlalche.me/e/20/f405)
2025-11-25 23:59:58,331 WARNING Falling back to random user generation
2025-11-25 23:59:58,335 INFO ✓ RAW sent seq=497 | user=5997043 name=Steven Wood amount=$124.79
2025-11-25 23:59:58,337 ERROR Failed to load users from database: (psycopg2.errors.UndefinedTable) relation "transaction_users" does not exist
LINE 2: FROM transaction_users
             ^

[SQL: SELECT transaction_users.id AS transaction_users_id, transaction_users.user_seq AS transaction_users_user_seq, transaction_users.user_name AS transaction_users_user_name, transaction_users.country_code AS transaction_users_country_code, transaction_users.id_type AS transaction_users_id_type, transaction_users.birth_date AS transaction_users_birth_date, transaction_users.register_date AS transaction_users_register_date, transaction_users.first_transaction_date AS transaction_users_first_transaction_date, transaction_users.status AS transaction_users_status, transaction_users.ban_reason AS transaction_users_ban_reason, transaction_users.created_at AS transaction_users_created_at, transaction_users.updated_at AS transaction_users_updated_at 
FROM transaction_users]
(Background on this error at: https://sqlalche.me/e/20/f405)
2025-11-25 23:59:58,337 WARNING Falling back to random user generation
2025-11-25 23:59:58,341 INFO ✓ RAW sent seq=498 | user=7865464 name=Matthew Howe amount=$772.1
2025-11-26 00:00:00,341 INFO ⏰ Hour changed to 00:00 - Transaction rate: 1-2 tx/batch, 2.5s sleep
2025-11-26 00:00:00,344 ERROR Failed to load users from database: (psycopg2.errors.UndefinedTable) relation "transaction_users" does not exist
LINE 2: FROM transaction_users
             ^

[SQL: SELECT transaction_users.id AS transaction_users_id, transaction_users.user_seq AS transaction_users_user_seq, transaction_users.user_name AS transaction_users_user_name, transaction_users.country_code AS transaction_users_country_code, transaction_users.id_type AS transaction_users_id_type, transaction_users.birth_date AS transaction_users_birth_date, transaction_users.register_date AS transaction_users_register_date, transaction_users.first_transaction_date AS transaction_users_first_transaction_date, transaction_users.status AS transaction_users_status, transaction_users.ban_reason AS transaction_users_ban_reason, transaction_users.created_at AS transaction_users_created_at, transaction_users.updated_at AS transaction_users_updated_at 
FROM transaction_users]
(Background on this error at: https://sqlalche.me/e/20/f405)
2025-11-26 00:00:00,344 WARNING Falling back to random user generation
2025-11-26 00:00:00,349 INFO ✓ RAW sent seq=499 | user=7392701 name=Danny Hall amount=$512.47
2025-11-26 00:00:02,852 ERROR Failed to load users from database: (psycopg2.errors.UndefinedTable) relation "transaction_users" does not exist
LINE 2: FROM transaction_users
             ^

[SQL: SELECT transaction_users.id AS transaction_users_id, transaction_users.user_seq AS transaction_users_user_seq, transaction_users.user_name AS transaction_users_user_name, transaction_users.country_code AS transaction_users_country_code, transaction_users.id_type AS transaction_users_id_type, transaction_users.birth_date AS transaction_users_birth_date, transaction_users.register_date AS transaction_users_register_date, transaction_users.first_transaction_date AS transaction_users_first_transaction_date, transaction_users.status AS transaction_users_status, transaction_users.ban_reason AS transaction_users_ban_reason, transaction_users.created_at AS transaction_users_created_at, transaction_users.updated_at AS transaction_users_updated_at 
FROM transaction_users]
(Background on this error at: https://sqlalche.me/e/20/f405)
2025-11-26 00:00:02,852 WARNING Falling back to random user generation
2025-11-26 00:00:02,857 INFO ✓ RAW sent seq=500 | user=4775540 name=Rachel Murillo amount=$252.97
2025-11-26 00:00:02,858 INFO 📊 Stats: 500 total, 75 fraud (15.0%)
2025-11-26 00:00:05,361 ERROR Failed to load users from database: (psycopg2.errors.UndefinedTable) relation "transaction_users" does not exist
LINE 2: FROM transaction_users
             ^

[SQL: SELECT transaction_users.id AS transaction_users_id, transaction_users.user_seq AS transaction_users_user_seq, transaction_users.user_name AS transaction_users_user_name, transaction_users.country_code AS transaction_users_country_code, transaction_users.id_type AS transaction_users_id_type, transaction_users.birth_date AS transaction_users_birth_date, transaction_users.register_date AS transaction_users_register_date, transaction_users.first_transaction_date AS transaction_users_first_transaction_date, transaction_users.status AS transaction_users_status, transaction_users.ban_reason AS transaction_users_ban_reason, transaction_users.created_at AS transaction_users_created_at, transaction_users.updated_at AS transaction_users_updated_at 
FROM transaction_users]
(Background on this error at: https://sqlalche.me/e/20/f405)
2025-11-26 00:00:05,361 WARNING Falling back to random user generation
2025-11-26 00:00:05,366 INFO ✓ RAW sent seq=501 | user=7031632 name=John Cantrell amount=$79.92
2025-11-26 00:00:05,368 ERROR Failed to load users from database: (psycopg2.errors.UndefinedTable) relation "transaction_users" does not exist
LINE 2: FROM transaction_users
             ^

[SQL: SELECT transaction_users.id AS transaction_users_id, transaction_users.user_seq AS transaction_users_user_seq, transaction_users.user_name AS transaction_users_user_name, transaction_users.country_code AS transaction_users_country_code, transaction_users.id_type AS transaction_users_id_type, transaction_users.birth_date AS transaction_users_birth_date, transaction_users.register_date AS transaction_users_register_date, transaction_users.first_transaction_date AS transaction_users_first_transaction_date, transaction_users.status AS transaction_users_status, transaction_users.ban_reason AS transaction_users_ban_reason, transaction_users.created_at AS transaction_users_created_at, transaction_users.updated_at AS transaction_users_updated_at 
FROM transaction_users]
(Background on this error at: https://sqlalche.me/e/20/f405)
2025-11-26 00:00:05,368 WARNING Falling back to random user generation
2025-11-26 00:00:05,372 INFO 🚨 FRAUD sent seq=502 type=mixed_pattern | user=8065684 tx_24h=88 amt_24h=$53533 payment=WALLET
2025-11-26 00:00:07,875 ERROR Failed to load users from database: (psycopg2.errors.UndefinedTable) relation "transaction_users" does not exist
LINE 2: FROM transaction_users
             ^

[SQL: SELECT transaction_users.id AS transaction_users_id, transaction_users.user_seq AS transaction_users_user_seq, transaction_users.user_name AS transaction_users_user_name, transaction_users.country_code AS transaction_users_country_code, transaction_users.id_type AS transaction_users_id_type, transaction_users.birth_date AS transaction_users_birth_date, transaction_users.register_date AS transaction_users_register_date, transaction_users.first_transaction_date AS transaction_users_first_transaction_date, transaction_users.status AS transaction_users_status, transaction_users.ban_reason AS transaction_users_ban_reason, transaction_users.created_at AS transaction_users_created_at, transaction_users.updated_at AS transaction_users_updated_at 
FROM transaction_users]
(Background on this error at: https://sqlalche.me/e/20/f405)
2025-11-26 00:00:07,875 WARNING Falling back to random user generation
2025-11-26 00:00:07,880 INFO ✓ RAW sent seq=503 | user=1515068 name=Jennifer King amount=$823.79
2025-11-26 00:00:10,383 ERROR Failed to load users from database: (psycopg2.errors.UndefinedTable) relation "transaction_users" does not exist
LINE 2: FROM transaction_users
             ^

[SQL: SELECT transaction_users.id AS transaction_users_id, transaction_users.user_seq AS transaction_users_user_seq, transaction_users.user_name AS transaction_users_user_name, transaction_users.country_code AS transaction_users_country_code, transaction_users.id_type AS transaction_users_id_type, transaction_users.birth_date AS transaction_users_birth_date, transaction_users.register_date AS transaction_users_register_date, transaction_users.first_transaction_date AS transaction_users_first_transaction_date, transaction_users.status AS transaction_users_status, transaction_users.ban_reason AS transaction_users_ban_reason, transaction_users.created_at AS transaction_users_created_at, transaction_users.updated_at AS transaction_users_updated_at 
FROM transaction_users]
(Background on this error at: https://sqlalche.me/e/20/f405)
2025-11-26 00:00:10,383 WARNING Falling back to random user generation
2025-11-26 00:00:10,389 INFO ✓ RAW sent seq=504 | user=7493677 name=Catherine Jones amount=$813.68
2025-11-26 00:00:10,391 ERROR Failed to load users from database: (psycopg2.errors.UndefinedTable) relation "transaction_users" does not exist
LINE 2: FROM transaction_users
             ^

[SQL: SELECT transaction_users.id AS transaction_users_id, transaction_users.user_seq AS transaction_users_user_seq, transaction_users.user_name AS transaction_users_user_name, transaction_users.country_code AS transaction_users_country_code, transaction_users.id_type AS transaction_users_id_type, transaction_users.birth_date AS transaction_users_birth_date, transaction_users.register_date AS transaction_users_register_date, transaction_users.first_transaction_date AS transaction_users_first_transaction_date, transaction_users.status AS transaction_users_status, transaction_users.ban_reason AS transaction_users_ban_reason, transaction_users.created_at AS transaction_users_created_at, transaction_users.updated_at AS transaction_users_updated_at 
FROM transaction_users]
(Background on this error at: https://sqlalche.me/e/20/f405)
2025-11-26 00:00:10,392 WARNING Falling back to random user generation
2025-11-26 00:00:10,394 INFO ✓ RAW sent seq=505 | user=3727928 name=Emily Lawrence amount=$604.12
2025-11-26 00:00:12,897 ERROR Failed to load users from database: (psycopg2.errors.UndefinedTable) relation "transaction_users" does not exist
LINE 2: FROM transaction_users
             ^

[SQL: SELECT transaction_users.id AS transaction_users_id, transaction_users.user_seq AS transaction_users_user_seq, transaction_users.user_name AS transaction_users_user_name, transaction_users.country_code AS transaction_users_country_code, transaction_users.id_type AS transaction_users_id_type, transaction_users.birth_date AS transaction_users_birth_date, transaction_users.register_date AS transaction_users_register_date, transaction_users.first_transaction_date AS transaction_users_first_transaction_date, transaction_users.status AS transaction_users_status, transaction_users.ban_reason AS transaction_users_ban_reason, transaction_users.created_at AS transaction_users_created_at, transaction_users.updated_at AS transaction_users_updated_at 
FROM transaction_users]
(Background on this error at: https://sqlalche.me/e/20/f405)
2025-11-26 00:00:12,898 WARNING Falling back to random user generation
2025-11-26 00:00:12,902 INFO 🚨 FRAUD sent seq=506 type=crypto_suspicious | user=2806731 tx_24h=49 amt_24h=$28382 payment=CRYPTO
2025-11-26 00:00:15,405 ERROR Failed to load users from database: (psycopg2.errors.UndefinedTable) relation "transaction_users" does not exist
LINE 2: FROM transaction_users
             ^

[SQL: SELECT transaction_users.id AS transaction_users_id, transaction_users.user_seq AS transaction_users_user_seq, transaction_users.user_name AS transaction_users_user_name, transaction_users.country_code AS transaction_users_country_code, transaction_users.id_type AS transaction_users_id_type, transaction_users.birth_date AS transaction_users_birth_date, transaction_users.register_date AS transaction_users_register_date, transaction_users.first_transaction_date AS transaction_users_first_transaction_date, transaction_users.status AS transaction_users_status, transaction_users.ban_reason AS transaction_users_ban_reason, transaction_users.created_at AS transaction_users_created_at, transaction_users.updated_at AS transaction_users_updated_at 
FROM transaction_users]
(Background on this error at: https://sqlalche.me/e/20/f405)
2025-11-26 00:00:15,405 WARNING Falling back to random user generation
2025-11-26 00:00:15,410 INFO ✓ RAW sent seq=507 | user=7458363 name=Jacqueline Barron amount=$586.18
2025-11-26 00:00:17,913 ERROR Failed to load users from database: (psycopg2.errors.UndefinedTable) relation "transaction_users" does not exist
LINE 2: FROM transaction_users
             ^

[SQL: SELECT transaction_users.id AS transaction_users_id, transaction_users.user_seq AS transaction_users_user_seq, transaction_users.user_name AS transaction_users_user_name, transaction_users.country_code AS transaction_users_country_code, transaction_users.id_type AS transaction_users_id_type, transaction_users.birth_date AS transaction_users_birth_date, transaction_users.register_date AS transaction_users_register_date, transaction_users.first_transaction_date AS transaction_users_first_transaction_date, transaction_users.status AS transaction_users_status, transaction_users.ban_reason AS transaction_users_ban_reason, transaction_users.created_at AS transaction_users_created_at, transaction_users.updated_at AS transaction_users_updated_at 
FROM transaction_users]
(Background on this error at: https://sqlalche.me/e/20/f405)
2025-11-26 00:00:17,913 WARNING Falling back to random user generation
2025-11-26 00:00:17,917 INFO 🚨 FRAUD sent seq=508 type=large_amount | user=1399438 tx_24h=8 amt_24h=$33901 payment=CASH
2025-11-26 00:00:20,419 ERROR Failed to load users from database: (psycopg2.errors.UndefinedTable) relation "transaction_users" does not exist
LINE 2: FROM transaction_users
             ^

[SQL: SELECT transaction_users.id AS transaction_users_id, transaction_users.user_seq AS transaction_users_user_seq, transaction_users.user_name AS transaction_users_user_name, transaction_users.country_code AS transaction_users_country_code, transaction_users.id_type AS transaction_users_id_type, transaction_users.birth_date AS transaction_users_birth_date, transaction_users.register_date AS transaction_users_register_date, transaction_users.first_transaction_date AS transaction_users_first_transaction_date, transaction_users.status AS transaction_users_status, transaction_users.ban_reason AS transaction_users_ban_reason, transaction_users.created_at AS transaction_users_created_at, transaction_users.updated_at AS transaction_users_updated_at 
FROM transaction_users]
(Background on this error at: https://sqlalche.me/e/20/f405)
2025-11-26 00:00:20,419 WARNING Falling back to random user generation
2025-11-26 00:00:20,424 INFO 🚨 FRAUD sent seq=509 type=high_velocity | user=2907700 tx_24h=90 amt_24h=$40893 payment=CASH
2025-11-26 00:00:22,927 ERROR Failed to load users from database: (psycopg2.errors.UndefinedTable) relation "transaction_users" does not exist
LINE 2: FROM transaction_users
             ^

[SQL: SELECT transaction_users.id AS transaction_users_id, transaction_users.user_seq AS transaction_users_user_seq, transaction_users.user_name AS transaction_users_user_name, transaction_users.country_code AS transaction_users_country_code, transaction_users.id_type AS transaction_users_id_type, transaction_users.birth_date AS transaction_users_birth_date, transaction_users.register_date AS transaction_users_register_date, transaction_users.first_transaction_date AS transaction_users_first_transaction_date, transaction_users.status AS transaction_users_status, transaction_users.ban_reason AS transaction_users_ban_reason, transaction_users.created_at AS transaction_users_created_at, transaction_users.updated_at AS transaction_users_updated_at 
FROM transaction_users]
(Background on this error at: https://sqlalche.me/e/20/f405)
2025-11-26 00:00:22,927 WARNING Falling back to random user generation
2025-11-26 00:00:22,933 INFO ✓ RAW sent seq=510 | user=5771408 name=Sarah Montgomery amount=$523.1
2025-11-26 00:00:22,935 ERROR Failed to load users from database: (psycopg2.errors.UndefinedTable) relation "transaction_users" does not exist
LINE 2: FROM transaction_users
             ^

[SQL: SELECT transaction_users.id AS transaction_users_id, transaction_users.user_seq AS transaction_users_user_seq, transaction_users.user_name AS transaction_users_user_name, transaction_users.country_code AS transaction_users_country_code, transaction_users.id_type AS transaction_users_id_type, transaction_users.birth_date AS transaction_users_birth_date, transaction_users.register_date AS transaction_users_register_date, transaction_users.first_transaction_date AS transaction_users_first_transaction_date, transaction_users.status AS transaction_users_status, transaction_users.ban_reason AS transaction_users_ban_reason, transaction_users.created_at AS transaction_users_created_at, transaction_users.updated_at AS transaction_users_updated_at 
FROM transaction_users]
(Background on this error at: https://sqlalche.me/e/20/f405)
2025-11-26 00:00:22,935 WARNING Falling back to random user generation
2025-11-26 00:00:22,937 INFO ✓ RAW sent seq=511 | user=5990346 name=Theresa Austin amount=$338.3
2025-11-26 00:00:25,440 ERROR Failed to load users from database: (psycopg2.errors.UndefinedTable) relation "transaction_users" does not exist
LINE 2: FROM transaction_users
             ^

[SQL: SELECT transaction_users.id AS transaction_users_id, transaction_users.user_seq AS transaction_users_user_seq, transaction_users.user_name AS transaction_users_user_name, transaction_users.country_code AS transaction_users_country_code, transaction_users.id_type AS transaction_users_id_type, transaction_users.birth_date AS transaction_users_birth_date, transaction_users.register_date AS transaction_users_register_date, transaction_users.first_transaction_date AS transaction_users_first_transaction_date, transaction_users.status AS transaction_users_status, transaction_users.ban_reason AS transaction_users_ban_reason, transaction_users.created_at AS transaction_users_created_at, transaction_users.updated_at AS transaction_users_updated_at 
FROM transaction_users]
(Background on this error at: https://sqlalche.me/e/20/f405)
2025-11-26 00:00:25,440 WARNING Falling back to random user generation
2025-11-26 00:00:25,446 INFO 🚨 FRAUD sent seq=512 type=high_velocity | user=2079834 tx_24h=104 amt_24h=$36009 payment=BANK
2025-11-26 00:00:27,949 ERROR Failed to load users from database: (psycopg2.errors.UndefinedTable) relation "transaction_users" does not exist
LINE 2: FROM transaction_users
             ^

[SQL: SELECT transaction_users.id AS transaction_users_id, transaction_users.user_seq AS transaction_users_user_seq, transaction_users.user_name AS transaction_users_user_name, transaction_users.country_code AS transaction_users_country_code, transaction_users.id_type AS transaction_users_id_type, transaction_users.birth_date AS transaction_users_birth_date, transaction_users.register_date AS transaction_users_register_date, transaction_users.first_transaction_date AS transaction_users_first_transaction_date, transaction_users.status AS transaction_users_status, transaction_users.ban_reason AS transaction_users_ban_reason, transaction_users.created_at AS transaction_users_created_at, transaction_users.updated_at AS transaction_users_updated_at 
FROM transaction_users]
(Background on this error at: https://sqlalche.me/e/20/f405)
2025-11-26 00:00:27,949 WARNING Falling back to random user generation
2025-11-26 00:00:27,954 INFO ✓ RAW sent seq=513 | user=3981415 name=Scott Davis amount=$458.69
2025-11-26 00:00:30,456 ERROR Failed to load users from database: (psycopg2.errors.UndefinedTable) relation "transaction_users" does not exist
LINE 2: FROM transaction_users
             ^

[SQL: SELECT transaction_users.id AS transaction_users_id, transaction_users.user_seq AS transaction_users_user_seq, transaction_users.user_name AS transaction_users_user_name, transaction_users.country_code AS transaction_users_country_code, transaction_users.id_type AS transaction_users_id_type, transaction_users.birth_date AS transaction_users_birth_date, transaction_users.register_date AS transaction_users_register_date, transaction_users.first_transaction_date AS transaction_users_first_transaction_date, transaction_users.status AS transaction_users_status, transaction_users.ban_reason AS transaction_users_ban_reason, transaction_users.created_at AS transaction_users_created_at, transaction_users.updated_at AS transaction_users_updated_at 
FROM transaction_users]
(Background on this error at: https://sqlalche.me/e/20/f405)
2025-11-26 00:00:30,456 WARNING Falling back to random user generation
2025-11-26 00:00:30,459 INFO ✓ RAW sent seq=514 | user=6477299 name=Megan Matthews amount=$831.85
2025-11-26 00:00:32,962 ERROR Failed to load users from database: (psycopg2.errors.UndefinedTable) relation "transaction_users" does not exist
LINE 2: FROM transaction_users
             ^

[SQL: SELECT transaction_users.id AS transaction_users_id, transaction_users.user_seq AS transaction_users_user_seq, transaction_users.user_name AS transaction_users_user_name, transaction_users.country_code AS transaction_users_country_code, transaction_users.id_type AS transaction_users_id_type, transaction_users.birth_date AS transaction_users_birth_date, transaction_users.register_date AS transaction_users_register_date, transaction_users.first_transaction_date AS transaction_users_first_transaction_date, transaction_users.status AS transaction_users_status, transaction_users.ban_reason AS transaction_users_ban_reason, transaction_users.created_at AS transaction_users_created_at, transaction_users.updated_at AS transaction_users_updated_at 
FROM transaction_users]
(Background on this error at: https://sqlalche.me/e/20/f405)
2025-11-26 00:00:32,962 WARNING Falling back to random user generation
2025-11-26 00:00:32,967 INFO ✓ RAW sent seq=515 | user=3610660 name=Aaron Graham amount=$699.63
2025-11-26 00:00:35,470 ERROR Failed to load users from database: (psycopg2.errors.UndefinedTable) relation "transaction_users" does not exist
LINE 2: FROM transaction_users
             ^

[SQL: SELECT transaction_users.id AS transaction_users_id, transaction_users.user_seq AS transaction_users_user_seq, transaction_users.user_name AS transaction_users_user_name, transaction_users.country_code AS transaction_users_country_code, transaction_users.id_type AS transaction_users_id_type, transaction_users.birth_date AS transaction_users_birth_date, transaction_users.register_date AS transaction_users_register_date, transaction_users.first_transaction_date AS transaction_users_first_transaction_date, transaction_users.status AS transaction_users_status, transaction_users.ban_reason AS transaction_users_ban_reason, transaction_users.created_at AS transaction_users_created_at, transaction_users.updated_at AS transaction_users_updated_at 
FROM transaction_users]
(Background on this error at: https://sqlalche.me/e/20/f405)
2025-11-26 00:00:35,470 WARNING Falling back to random user generation
2025-11-26 00:00:35,475 INFO ✓ RAW sent seq=516 | user=7415764 name=Isaiah Russo amount=$448.68
2025-11-26 00:00:35,477 ERROR Failed to load users from database: (psycopg2.errors.UndefinedTable) relation "transaction_users" does not exist
LINE 2: FROM transaction_users
             ^

[SQL: SELECT transaction_users.id AS transaction_users_id, transaction_users.user_seq AS transaction_users_user_seq, transaction_users.user_name AS transaction_users_user_name, transaction_users.country_code AS transaction_users_country_code, transaction_users.id_type AS transaction_users_id_type, transaction_users.birth_date AS transaction_users_birth_date, transaction_users.register_date AS transaction_users_register_date, transaction_users.first_transaction_date AS transaction_users_first_transaction_date, transaction_users.status AS transaction_users_status, transaction_users.ban_reason AS transaction_users_ban_reason, transaction_users.created_at AS transaction_users_created_at, transaction_users.updated_at AS transaction_users_updated_at 
FROM transaction_users]
(Background on this error at: https://sqlalche.me/e/20/f405)
2025-11-26 00:00:35,477 WARNING Falling back to random user generation
2025-11-26 00:00:35,479 INFO ✓ RAW sent seq=517 | user=9451919 name=Thomas Mckee amount=$311.32
2025-11-26 00:00:37,983 ERROR Failed to load users from database: (psycopg2.errors.UndefinedTable) relation "transaction_users" does not exist
LINE 2: FROM transaction_users
             ^

[SQL: SELECT transaction_users.id AS transaction_users_id, transaction_users.user_seq AS transaction_users_user_seq, transaction_users.user_name AS transaction_users_user_name, transaction_users.country_code AS transaction_users_country_code, transaction_users.id_type AS transaction_users_id_type, transaction_users.birth_date AS transaction_users_birth_date, transaction_users.register_date AS transaction_users_register_date, transaction_users.first_transaction_date AS transaction_users_first_transaction_date, transaction_users.status AS transaction_users_status, transaction_users.ban_reason AS transaction_users_ban_reason, transaction_users.created_at AS transaction_users_created_at, transaction_users.updated_at AS transaction_users_updated_at 
FROM transaction_users]
(Background on this error at: https://sqlalche.me/e/20/f405)
2025-11-26 00:00:37,983 WARNING Falling back to random user generation
2025-11-26 00:00:37,988 INFO ✓ RAW sent seq=518 | user=1280176 name=David Herman amount=$945.36
2025-11-26 00:00:40,491 ERROR Failed to load users from database: (psycopg2.errors.UndefinedTable) relation "transaction_users" does not exist
LINE 2: FROM transaction_users
             ^

[SQL: SELECT transaction_users.id AS transaction_users_id, transaction_users.user_seq AS transaction_users_user_seq, transaction_users.user_name AS transaction_users_user_name, transaction_users.country_code AS transaction_users_country_code, transaction_users.id_type AS transaction_users_id_type, transaction_users.birth_date AS transaction_users_birth_date, transaction_users.register_date AS transaction_users_register_date, transaction_users.first_transaction_date AS transaction_users_first_transaction_date, transaction_users.status AS transaction_users_status, transaction_users.ban_reason AS transaction_users_ban_reason, transaction_users.created_at AS transaction_users_created_at, transaction_users.updated_at AS transaction_users_updated_at 
FROM transaction_users]
(Background on this error at: https://sqlalche.me/e/20/f405)
2025-11-26 00:00:40,492 WARNING Falling back to random user generation
2025-11-26 00:00:40,496 INFO 🚨 FRAUD sent seq=519 type=cross_border | user=1986408 tx_24h=59 amt_24h=$24411 payment=CASH
2025-11-26 00:00:40,498 ERROR Failed to load users from database: (psycopg2.errors.UndefinedTable) relation "transaction_users" does not exist
LINE 2: FROM transaction_users
             ^

[SQL: SELECT transaction_users.id AS transaction_users_id, transaction_users.user_seq AS transaction_users_user_seq, transaction_users.user_name AS transaction_users_user_name, transaction_users.country_code AS transaction_users_country_code, transaction_users.id_type AS transaction_users_id_type, transaction_users.birth_date AS transaction_users_birth_date, transaction_users.register_date AS transaction_users_register_date, transaction_users.first_transaction_date AS transaction_users_first_transaction_date, transaction_users.status AS transaction_users_status, transaction_users.ban_reason AS transaction_users_ban_reason, transaction_users.created_at AS transaction_users_created_at, transaction_users.updated_at AS transaction_users_updated_at 
FROM transaction_users]
(Background on this error at: https://sqlalche.me/e/20/f405)
2025-11-26 00:00:40,498 WARNING Falling back to random user generation
2025-11-26 00:00:40,502 INFO 🚨 FRAUD sent seq=520 type=crypto_suspicious | user=9017621 tx_24h=87 amt_24h=$30759 payment=CRYPTO
2025-11-26 00:00:43,006 ERROR Failed to load users from database: (psycopg2.errors.UndefinedTable) relation "transaction_users" does not exist
LINE 2: FROM transaction_users
             ^

[SQL: SELECT transaction_users.id AS transaction_users_id, transaction_users.user_seq AS transaction_users_user_seq, transaction_users.user_name AS transaction_users_user_name, transaction_users.country_code AS transaction_users_country_code, transaction_users.id_type AS transaction_users_id_type, transaction_users.birth_date AS transaction_users_birth_date, transaction_users.register_date AS transaction_users_register_date, transaction_users.first_transaction_date AS transaction_users_first_transaction_date, transaction_users.status AS transaction_users_status, transaction_users.ban_reason AS transaction_users_ban_reason, transaction_users.created_at AS transaction_users_created_at, transaction_users.updated_at AS transaction_users_updated_at 
FROM transaction_users]
(Background on this error at: https://sqlalche.me/e/20/f405)
2025-11-26 00:00:43,006 WARNING Falling back to random user generation
2025-11-26 00:00:43,011 INFO ✓ RAW sent seq=521 | user=3922153 name=Ryan Nguyen amount=$758.7
2025-11-26 00:00:45,514 ERROR Failed to load users from database: (psycopg2.errors.UndefinedTable) relation "transaction_users" does not exist
LINE 2: FROM transaction_users
             ^

[SQL: SELECT transaction_users.id AS transaction_users_id, transaction_users.user_seq AS transaction_users_user_seq, transaction_users.user_name AS transaction_users_user_name, transaction_users.country_code AS transaction_users_country_code, transaction_users.id_type AS transaction_users_id_type, transaction_users.birth_date AS transaction_users_birth_date, transaction_users.register_date AS transaction_users_register_date, transaction_users.first_transaction_date AS transaction_users_first_transaction_date, transaction_users.status AS transaction_users_status, transaction_users.ban_reason AS transaction_users_ban_reason, transaction_users.created_at AS transaction_users_created_at, transaction_users.updated_at AS transaction_users_updated_at 
FROM transaction_users]
(Background on this error at: https://sqlalche.me/e/20/f405)
2025-11-26 00:00:45,514 WARNING Falling back to random user generation
2025-11-26 00:00:45,520 INFO ✓ RAW sent seq=522 | user=3591599 name=Tracey Savage amount=$779.62
2025-11-26 00:00:48,023 ERROR Failed to load users from database: (psycopg2.errors.UndefinedTable) relation "transaction_users" does not exist
LINE 2: FROM transaction_users
             ^

[SQL: SELECT transaction_users.id AS transaction_users_id, transaction_users.user_seq AS transaction_users_user_seq, transaction_users.user_name AS transaction_users_user_name, transaction_users.country_code AS transaction_users_country_code, transaction_users.id_type AS transaction_users_id_type, transaction_users.birth_date AS transaction_users_birth_date, transaction_users.register_date AS transaction_users_register_date, transaction_users.first_transaction_date AS transaction_users_first_transaction_date, transaction_users.status AS transaction_users_status, transaction_users.ban_reason AS transaction_users_ban_reason, transaction_users.created_at AS transaction_users_created_at, transaction_users.updated_at AS transaction_users_updated_at 
FROM transaction_users]
(Background on this error at: https://sqlalche.me/e/20/f405)
2025-11-26 00:00:48,023 WARNING Falling back to random user generation
2025-11-26 00:00:48,028 INFO ✓ RAW sent seq=523 | user=1145908 name=Paul Wilson amount=$648.22
2025-11-26 00:00:48,030 ERROR Failed to load users from database: (psycopg2.errors.UndefinedTable) relation "transaction_users" does not exist
LINE 2: FROM transaction_users
             ^

[SQL: SELECT transaction_users.id AS transaction_users_id, transaction_users.user_seq AS transaction_users_user_seq, transaction_users.user_name AS transaction_users_user_name, transaction_users.country_code AS transaction_users_country_code, transaction_users.id_type AS transaction_users_id_type, transaction_users.birth_date AS transaction_users_birth_date, transaction_users.register_date AS transaction_users_register_date, transaction_users.first_transaction_date AS transaction_users_first_transaction_date, transaction_users.status AS transaction_users_status, transaction_users.ban_reason AS transaction_users_ban_reason, transaction_users.created_at AS transaction_users_created_at, transaction_users.updated_at AS transaction_users_updated_at 
FROM transaction_users]
(Background on this error at: https://sqlalche.me/e/20/f405)
2025-11-26 00:00:48,031 WARNING Falling back to random user generation
2025-11-26 00:00:48,034 INFO ✓ RAW sent seq=524 | user=5692371 name=James Armstrong amount=$494.43
2025-11-26 00:00:50,537 ERROR Failed to load users from database: (psycopg2.errors.UndefinedTable) relation "transaction_users" does not exist
LINE 2: FROM transaction_users
             ^

[SQL: SELECT transaction_users.id AS transaction_users_id, transaction_users.user_seq AS transaction_users_user_seq, transaction_users.user_name AS transaction_users_user_name, transaction_users.country_code AS transaction_users_country_code, transaction_users.id_type AS transaction_users_id_type, transaction_users.birth_date AS transaction_users_birth_date, transaction_users.register_date AS transaction_users_register_date, transaction_users.first_transaction_date AS transaction_users_first_transaction_date, transaction_users.status AS transaction_users_status, transaction_users.ban_reason AS transaction_users_ban_reason, transaction_users.created_at AS transaction_users_created_at, transaction_users.updated_at AS transaction_users_updated_at 
FROM transaction_users]
(Background on this error at: https://sqlalche.me/e/20/f405)
2025-11-26 00:00:50,537 WARNING Falling back to random user generation
2025-11-26 00:00:50,543 INFO ✓ RAW sent seq=525 | user=8533094 name=Christopher Long amount=$893.57
2025-11-26 00:00:50,544 ERROR Failed to load users from database: (psycopg2.errors.UndefinedTable) relation "transaction_users" does not exist
LINE 2: FROM transaction_users
             ^

[SQL: SELECT transaction_users.id AS transaction_users_id, transaction_users.user_seq AS transaction_users_user_seq, transaction_users.user_name AS transaction_users_user_name, transaction_users.country_code AS transaction_users_country_code, transaction_users.id_type AS transaction_users_id_type, transaction_users.birth_date AS transaction_users_birth_date, transaction_users.register_date AS transaction_users_register_date, transaction_users.first_transaction_date AS transaction_users_first_transaction_date, transaction_users.status AS transaction_users_status, transaction_users.ban_reason AS transaction_users_ban_reason, transaction_users.created_at AS transaction_users_created_at, transaction_users.updated_at AS transaction_users_updated_at 
FROM transaction_users]
(Background on this error at: https://sqlalche.me/e/20/f405)
2025-11-26 00:00:50,545 WARNING Falling back to random user generation
2025-11-26 00:00:50,548 INFO ✓ RAW sent seq=526 | user=7595953 name=Michael Long amount=$890.6
2025-11-26 00:00:53,051 ERROR Failed to load users from database: (psycopg2.errors.UndefinedTable) relation "transaction_users" does not exist
LINE 2: FROM transaction_users
             ^

[SQL: SELECT transaction_users.id AS transaction_users_id, transaction_users.user_seq AS transaction_users_user_seq, transaction_users.user_name AS transaction_users_user_name, transaction_users.country_code AS transaction_users_country_code, transaction_users.id_type AS transaction_users_id_type, transaction_users.birth_date AS transaction_users_birth_date, transaction_users.register_date AS transaction_users_register_date, transaction_users.first_transaction_date AS transaction_users_first_transaction_date, transaction_users.status AS transaction_users_status, transaction_users.ban_reason AS transaction_users_ban_reason, transaction_users.created_at AS transaction_users_created_at, transaction_users.updated_at AS transaction_users_updated_at 
FROM transaction_users]
(Background on this error at: https://sqlalche.me/e/20/f405)
2025-11-26 00:00:53,051 WARNING Falling back to random user generation
2025-11-26 00:00:53,057 INFO ✓ RAW sent seq=527 | user=1607137 name=Timothy Hernandez amount=$53.37
2025-11-26 00:00:55,561 ERROR Failed to load users from database: (psycopg2.errors.UndefinedTable) relation "transaction_users" does not exist
LINE 2: FROM transaction_users
             ^

[SQL: SELECT transaction_users.id AS transaction_users_id, transaction_users.user_seq AS transaction_users_user_seq, transaction_users.user_name AS transaction_users_user_name, transaction_users.country_code AS transaction_users_country_code, transaction_users.id_type AS transaction_users_id_type, transaction_users.birth_date AS transaction_users_birth_date, transaction_users.register_date AS transaction_users_register_date, transaction_users.first_transaction_date AS transaction_users_first_transaction_date, transaction_users.status AS transaction_users_status, transaction_users.ban_reason AS transaction_users_ban_reason, transaction_users.created_at AS transaction_users_created_at, transaction_users.updated_at AS transaction_users_updated_at 
FROM transaction_users]
(Background on this error at: https://sqlalche.me/e/20/f405)
2025-11-26 00:00:55,561 WARNING Falling back to random user generation
2025-11-26 00:00:55,565 INFO ✓ RAW sent seq=528 | user=4415416 name=Colton Conley amount=$925.75
2025-11-26 00:00:55,567 ERROR Failed to load users from database: (psycopg2.errors.UndefinedTable) relation "transaction_users" does not exist
LINE 2: FROM transaction_users
             ^

[SQL: SELECT transaction_users.id AS transaction_users_id, transaction_users.user_seq AS transaction_users_user_seq, transaction_users.user_name AS transaction_users_user_name, transaction_users.country_code AS transaction_users_country_code, transaction_users.id_type AS transaction_users_id_type, transaction_users.birth_date AS transaction_users_birth_date, transaction_users.register_date AS transaction_users_register_date, transaction_users.first_transaction_date AS transaction_users_first_transaction_date, transaction_users.status AS transaction_users_status, transaction_users.ban_reason AS transaction_users_ban_reason, transaction_users.created_at AS transaction_users_created_at, transaction_users.updated_at AS transaction_users_updated_at 
FROM transaction_users]
(Background on this error at: https://sqlalche.me/e/20/f405)
2025-11-26 00:00:55,567 WARNING Falling back to random user generation
2025-11-26 00:00:55,570 INFO ✓ RAW sent seq=529 | user=1755766 name=Angela Bell amount=$284.51
2025-11-26 00:00:58,074 ERROR Failed to load users from database: (psycopg2.errors.UndefinedTable) relation "transaction_users" does not exist
LINE 2: FROM transaction_users
             ^

[SQL: SELECT transaction_users.id AS transaction_users_id, transaction_users.user_seq AS transaction_users_user_seq, transaction_users.user_name AS transaction_users_user_name, transaction_users.country_code AS transaction_users_country_code, transaction_users.id_type AS transaction_users_id_type, transaction_users.birth_date AS transaction_users_birth_date, transaction_users.register_date AS transaction_users_register_date, transaction_users.first_transaction_date AS transaction_users_first_transaction_date, transaction_users.status AS transaction_users_status, transaction_users.ban_reason AS transaction_users_ban_reason, transaction_users.created_at AS transaction_users_created_at, transaction_users.updated_at AS transaction_users_updated_at 
FROM transaction_users]
(Background on this error at: https://sqlalche.me/e/20/f405)
2025-11-26 00:00:58,074 WARNING Falling back to random user generation
2025-11-26 00:00:58,078 INFO ✓ RAW sent seq=530 | user=6125318 name=Anthony Fleming amount=$212.14
2025-11-26 00:00:58,080 ERROR Failed to load users from database: (psycopg2.errors.UndefinedTable) relation "transaction_users" does not exist
LINE 2: FROM transaction_users
             ^

[SQL: SELECT transaction_users.id AS transaction_users_id, transaction_users.user_seq AS transaction_users_user_seq, transaction_users.user_name AS transaction_users_user_name, transaction_users.country_code AS transaction_users_country_code, transaction_users.id_type AS transaction_users_id_type, transaction_users.birth_date AS transaction_users_birth_date, transaction_users.register_date AS transaction_users_register_date, transaction_users.first_transaction_date AS transaction_users_first_transaction_date, transaction_users.status AS transaction_users_status, transaction_users.ban_reason AS transaction_users_ban_reason, transaction_users.created_at AS transaction_users_created_at, transaction_users.updated_at AS transaction_users_updated_at 
FROM transaction_users]
(Background on this error at: https://sqlalche.me/e/20/f405)
2025-11-26 00:00:58,080 WARNING Falling back to random user generation
2025-11-26 00:00:58,084 INFO ✓ RAW sent seq=531 | user=3968794 name=Miguel Walters amount=$738.54
2025-11-26 00:01:00,587 ERROR Failed to load users from database: (psycopg2.errors.UndefinedTable) relation "transaction_users" does not exist
LINE 2: FROM transaction_users
             ^

[SQL: SELECT transaction_users.id AS transaction_users_id, transaction_users.user_seq AS transaction_users_user_seq, transaction_users.user_name AS transaction_users_user_name, transaction_users.country_code AS transaction_users_country_code, transaction_users.id_type AS transaction_users_id_type, transaction_users.birth_date AS transaction_users_birth_date, transaction_users.register_date AS transaction_users_register_date, transaction_users.first_transaction_date AS transaction_users_first_transaction_date, transaction_users.status AS transaction_users_status, transaction_users.ban_reason AS transaction_users_ban_reason, transaction_users.created_at AS transaction_users_created_at, transaction_users.updated_at AS transaction_users_updated_at 
FROM transaction_users]
(Background on this error at: https://sqlalche.me/e/20/f405)
2025-11-26 00:01:00,588 WARNING Falling back to random user generation
2025-11-26 00:01:00,592 INFO ✓ RAW sent seq=532 | user=7074319 name=Ann Andrews amount=$49.29
2025-11-26 00:01:03,095 ERROR Failed to load users from database: (psycopg2.errors.UndefinedTable) relation "transaction_users" does not exist
LINE 2: FROM transaction_users
             ^

[SQL: SELECT transaction_users.id AS transaction_users_id, transaction_users.user_seq AS transaction_users_user_seq, transaction_users.user_name AS transaction_users_user_name, transaction_users.country_code AS transaction_users_country_code, transaction_users.id_type AS transaction_users_id_type, transaction_users.birth_date AS transaction_users_birth_date, transaction_users.register_date AS transaction_users_register_date, transaction_users.first_transaction_date AS transaction_users_first_transaction_date, transaction_users.status AS transaction_users_status, transaction_users.ban_reason AS transaction_users_ban_reason, transaction_users.created_at AS transaction_users_created_at, transaction_users.updated_at AS transaction_users_updated_at 
FROM transaction_users]
(Background on this error at: https://sqlalche.me/e/20/f405)
2025-11-26 00:01:03,095 WARNING Falling back to random user generation
2025-11-26 00:01:03,100 INFO ✓ RAW sent seq=533 | user=9564636 name=Michael Chaney amount=$508.5
2025-11-26 00:01:03,102 ERROR Failed to load users from database: (psycopg2.errors.UndefinedTable) relation "transaction_users" does not exist
LINE 2: FROM transaction_users
             ^

[SQL: SELECT transaction_users.id AS transaction_users_id, transaction_users.user_seq AS transaction_users_user_seq, transaction_users.user_name AS transaction_users_user_name, transaction_users.country_code AS transaction_users_country_code, transaction_users.id_type AS transaction_users_id_type, transaction_users.birth_date AS transaction_users_birth_date, transaction_users.register_date AS transaction_users_register_date, transaction_users.first_transaction_date AS transaction_users_first_transaction_date, transaction_users.status AS transaction_users_status, transaction_users.ban_reason AS transaction_users_ban_reason, transaction_users.created_at AS transaction_users_created_at, transaction_users.updated_at AS transaction_users_updated_at 
FROM transaction_users]
(Background on this error at: https://sqlalche.me/e/20/f405)
2025-11-26 00:01:03,103 WARNING Falling back to random user generation
2025-11-26 00:01:03,105 INFO ✓ RAW sent seq=534 | user=2767218 name=Ian Woodward amount=$474.99
2025-11-26 00:01:05,608 ERROR Failed to load users from database: (psycopg2.errors.UndefinedTable) relation "transaction_users" does not exist
LINE 2: FROM transaction_users
             ^

[SQL: SELECT transaction_users.id AS transaction_users_id, transaction_users.user_seq AS transaction_users_user_seq, transaction_users.user_name AS transaction_users_user_name, transaction_users.country_code AS transaction_users_country_code, transaction_users.id_type AS transaction_users_id_type, transaction_users.birth_date AS transaction_users_birth_date, transaction_users.register_date AS transaction_users_register_date, transaction_users.first_transaction_date AS transaction_users_first_transaction_date, transaction_users.status AS transaction_users_status, transaction_users.ban_reason AS transaction_users_ban_reason, transaction_users.created_at AS transaction_users_created_at, transaction_users.updated_at AS transaction_users_updated_at 
FROM transaction_users]
(Background on this error at: https://sqlalche.me/e/20/f405)
2025-11-26 00:01:05,608 WARNING Falling back to random user generation
2025-11-26 00:01:05,652 INFO ✓ RAW sent seq=535 | user=1970910 name=Adam Robertson amount=$789.35
2025-11-26 00:01:08,155 ERROR Failed to load users from database: (psycopg2.errors.UndefinedTable) relation "transaction_users" does not exist
LINE 2: FROM transaction_users
             ^

[SQL: SELECT transaction_users.id AS transaction_users_id, transaction_users.user_seq AS transaction_users_user_seq, transaction_users.user_name AS transaction_users_user_name, transaction_users.country_code AS transaction_users_country_code, transaction_users.id_type AS transaction_users_id_type, transaction_users.birth_date AS transaction_users_birth_date, transaction_users.register_date AS transaction_users_register_date, transaction_users.first_transaction_date AS transaction_users_first_transaction_date, transaction_users.status AS transaction_users_status, transaction_users.ban_reason AS transaction_users_ban_reason, transaction_users.created_at AS transaction_users_created_at, transaction_users.updated_at AS transaction_users_updated_at 
FROM transaction_users]
(Background on this error at: https://sqlalche.me/e/20/f405)
2025-11-26 00:01:08,155 WARNING Falling back to random user generation
2025-11-26 00:01:08,161 INFO ✓ RAW sent seq=536 | user=5481300 name=Joseph Martinez amount=$118.14
2025-11-26 00:01:08,163 ERROR Failed to load users from database: (psycopg2.errors.UndefinedTable) relation "transaction_users" does not exist
LINE 2: FROM transaction_users
             ^

[SQL: SELECT transaction_users.id AS transaction_users_id, transaction_users.user_seq AS transaction_users_user_seq, transaction_users.user_name AS transaction_users_user_name, transaction_users.country_code AS transaction_users_country_code, transaction_users.id_type AS transaction_users_id_type, transaction_users.birth_date AS transaction_users_birth_date, transaction_users.register_date AS transaction_users_register_date, transaction_users.first_transaction_date AS transaction_users_first_transaction_date, transaction_users.status AS transaction_users_status, transaction_users.ban_reason AS transaction_users_ban_reason, transaction_users.created_at AS transaction_users_created_at, transaction_users.updated_at AS transaction_users_updated_at 
FROM transaction_users]
(Background on this error at: https://sqlalche.me/e/20/f405)
2025-11-26 00:01:08,163 WARNING Falling back to random user generation
2025-11-26 00:01:08,165 INFO ✓ RAW sent seq=537 | user=6731363 name=Lisa Abbott amount=$935.12
2025-11-26 00:01:10,668 ERROR Failed to load users from database: (psycopg2.errors.UndefinedTable) relation "transaction_users" does not exist
LINE 2: FROM transaction_users
             ^

[SQL: SELECT transaction_users.id AS transaction_users_id, transaction_users.user_seq AS transaction_users_user_seq, transaction_users.user_name AS transaction_users_user_name, transaction_users.country_code AS transaction_users_country_code, transaction_users.id_type AS transaction_users_id_type, transaction_users.birth_date AS transaction_users_birth_date, transaction_users.register_date AS transaction_users_register_date, transaction_users.first_transaction_date AS transaction_users_first_transaction_date, transaction_users.status AS transaction_users_status, transaction_users.ban_reason AS transaction_users_ban_reason, transaction_users.created_at AS transaction_users_created_at, transaction_users.updated_at AS transaction_users_updated_at 
FROM transaction_users]
(Background on this error at: https://sqlalche.me/e/20/f405)
2025-11-26 00:01:10,668 WARNING Falling back to random user generation
2025-11-26 00:01:10,674 INFO ✓ RAW sent seq=538 | user=1430885 name=James Le amount=$171.96
2025-11-26 00:01:13,177 ERROR Failed to load users from database: (psycopg2.errors.UndefinedTable) relation "transaction_users" does not exist
LINE 2: FROM transaction_users
             ^

[SQL: SELECT transaction_users.id AS transaction_users_id, transaction_users.user_seq AS transaction_users_user_seq, transaction_users.user_name AS transaction_users_user_name, transaction_users.country_code AS transaction_users_country_code, transaction_users.id_type AS transaction_users_id_type, transaction_users.birth_date AS transaction_users_birth_date, transaction_users.register_date AS transaction_users_register_date, transaction_users.first_transaction_date AS transaction_users_first_transaction_date, transaction_users.status AS transaction_users_status, transaction_users.ban_reason AS transaction_users_ban_reason, transaction_users.created_at AS transaction_users_created_at, transaction_users.updated_at AS transaction_users_updated_at 
FROM transaction_users]
(Background on this error at: https://sqlalche.me/e/20/f405)
2025-11-26 00:01:13,177 WARNING Falling back to random user generation
2025-11-26 00:01:13,182 INFO ✓ RAW sent seq=539 | user=5957795 name=Sherry Hall amount=$984.86
2025-11-26 00:01:15,686 ERROR Failed to load users from database: (psycopg2.errors.UndefinedTable) relation "transaction_users" does not exist
LINE 2: FROM transaction_users
             ^

[SQL: SELECT transaction_users.id AS transaction_users_id, transaction_users.user_seq AS transaction_users_user_seq, transaction_users.user_name AS transaction_users_user_name, transaction_users.country_code AS transaction_users_country_code, transaction_users.id_type AS transaction_users_id_type, transaction_users.birth_date AS transaction_users_birth_date, transaction_users.register_date AS transaction_users_register_date, transaction_users.first_transaction_date AS transaction_users_first_transaction_date, transaction_users.status AS transaction_users_status, transaction_users.ban_reason AS transaction_users_ban_reason, transaction_users.created_at AS transaction_users_created_at, transaction_users.updated_at AS transaction_users_updated_at 
FROM transaction_users]
(Background on this error at: https://sqlalche.me/e/20/f405)
2025-11-26 00:01:15,686 WARNING Falling back to random user generation
2025-11-26 00:01:15,692 INFO 🚨 FRAUD sent seq=540 type=crypto_suspicious | user=7698568 tx_24h=42 amt_24h=$43001 payment=CRYPTO
2025-11-26 00:01:18,195 ERROR Failed to load users from database: (psycopg2.errors.UndefinedTable) relation "transaction_users" does not exist
LINE 2: FROM transaction_users
             ^

[SQL: SELECT transaction_users.id AS transaction_users_id, transaction_users.user_seq AS transaction_users_user_seq, transaction_users.user_name AS transaction_users_user_name, transaction_users.country_code AS transaction_users_country_code, transaction_users.id_type AS transaction_users_id_type, transaction_users.birth_date AS transaction_users_birth_date, transaction_users.register_date AS transaction_users_register_date, transaction_users.first_transaction_date AS transaction_users_first_transaction_date, transaction_users.status AS transaction_users_status, transaction_users.ban_reason AS transaction_users_ban_reason, transaction_users.created_at AS transaction_users_created_at, transaction_users.updated_at AS transaction_users_updated_at 
FROM transaction_users]
(Background on this error at: https://sqlalche.me/e/20/f405)
2025-11-26 00:01:18,195 WARNING Falling back to random user generation
2025-11-26 00:01:18,199 INFO ✓ RAW sent seq=541 | user=7266454 name=Carrie Olson amount=$112.69
2025-11-26 00:01:18,201 ERROR Failed to load users from database: (psycopg2.errors.UndefinedTable) relation "transaction_users" does not exist
LINE 2: FROM transaction_users
             ^

[SQL: SELECT transaction_users.id AS transaction_users_id, transaction_users.user_seq AS transaction_users_user_seq, transaction_users.user_name AS transaction_users_user_name, transaction_users.country_code AS transaction_users_country_code, transaction_users.id_type AS transaction_users_id_type, transaction_users.birth_date AS transaction_users_birth_date, transaction_users.register_date AS transaction_users_register_date, transaction_users.first_transaction_date AS transaction_users_first_transaction_date, transaction_users.status AS transaction_users_status, transaction_users.ban_reason AS transaction_users_ban_reason, transaction_users.created_at AS transaction_users_created_at, transaction_users.updated_at AS transaction_users_updated_at 
FROM transaction_users]
(Background on this error at: https://sqlalche.me/e/20/f405)
2025-11-26 00:01:18,201 WARNING Falling back to random user generation
2025-11-26 00:01:18,203 INFO ✓ RAW sent seq=542 | user=6517575 name=Jason Prince amount=$292.73
2025-11-26 00:01:20,706 ERROR Failed to load users from database: (psycopg2.errors.UndefinedTable) relation "transaction_users" does not exist
LINE 2: FROM transaction_users
             ^

[SQL: SELECT transaction_users.id AS transaction_users_id, transaction_users.user_seq AS transaction_users_user_seq, transaction_users.user_name AS transaction_users_user_name, transaction_users.country_code AS transaction_users_country_code, transaction_users.id_type AS transaction_users_id_type, transaction_users.birth_date AS transaction_users_birth_date, transaction_users.register_date AS transaction_users_register_date, transaction_users.first_transaction_date AS transaction_users_first_transaction_date, transaction_users.status AS transaction_users_status, transaction_users.ban_reason AS transaction_users_ban_reason, transaction_users.created_at AS transaction_users_created_at, transaction_users.updated_at AS transaction_users_updated_at 
FROM transaction_users]
(Background on this error at: https://sqlalche.me/e/20/f405)
2025-11-26 00:01:20,706 WARNING Falling back to random user generation
2025-11-26 00:01:20,712 INFO ✓ RAW sent seq=543 | user=7926060 name=Mr. Samuel Gibson amount=$807.03
2025-11-26 00:01:20,714 ERROR Failed to load users from database: (psycopg2.errors.UndefinedTable) relation "transaction_users" does not exist
LINE 2: FROM transaction_users
             ^

[SQL: SELECT transaction_users.id AS transaction_users_id, transaction_users.user_seq AS transaction_users_user_seq, transaction_users.user_name AS transaction_users_user_name, transaction_users.country_code AS transaction_users_country_code, transaction_users.id_type AS transaction_users_id_type, transaction_users.birth_date AS transaction_users_birth_date, transaction_users.register_date AS transaction_users_register_date, transaction_users.first_transaction_date AS transaction_users_first_transaction_date, transaction_users.status AS transaction_users_status, transaction_users.ban_reason AS transaction_users_ban_reason, transaction_users.created_at AS transaction_users_created_at, transaction_users.updated_at AS transaction_users_updated_at 
FROM transaction_users]
(Background on this error at: https://sqlalche.me/e/20/f405)
2025-11-26 00:01:20,714 WARNING Falling back to random user generation
2025-11-26 00:01:20,717 INFO ✓ RAW sent seq=544 | user=4203394 name=John Parsons amount=$48.07
2025-11-26 00:01:23,221 ERROR Failed to load users from database: (psycopg2.errors.UndefinedTable) relation "transaction_users" does not exist
LINE 2: FROM transaction_users
             ^

[SQL: SELECT transaction_users.id AS transaction_users_id, transaction_users.user_seq AS transaction_users_user_seq, transaction_users.user_name AS transaction_users_user_name, transaction_users.country_code AS transaction_users_country_code, transaction_users.id_type AS transaction_users_id_type, transaction_users.birth_date AS transaction_users_birth_date, transaction_users.register_date AS transaction_users_register_date, transaction_users.first_transaction_date AS transaction_users_first_transaction_date, transaction_users.status AS transaction_users_status, transaction_users.ban_reason AS transaction_users_ban_reason, transaction_users.created_at AS transaction_users_created_at, transaction_users.updated_at AS transaction_users_updated_at 
FROM transaction_users]
(Background on this error at: https://sqlalche.me/e/20/f405)
2025-11-26 00:01:23,221 WARNING Falling back to random user generation
2025-11-26 00:01:23,226 INFO ✓ RAW sent seq=545 | user=3681792 name=Catherine Cox amount=$300.96
2025-11-26 00:01:23,229 ERROR Failed to load users from database: (psycopg2.errors.UndefinedTable) relation "transaction_users" does not exist
LINE 2: FROM transaction_users
             ^

[SQL: SELECT transaction_users.id AS transaction_users_id, transaction_users.user_seq AS transaction_users_user_seq, transaction_users.user_name AS transaction_users_user_name, transaction_users.country_code AS transaction_users_country_code, transaction_users.id_type AS transaction_users_id_type, transaction_users.birth_date AS transaction_users_birth_date, transaction_users.register_date AS transaction_users_register_date, transaction_users.first_transaction_date AS transaction_users_first_transaction_date, transaction_users.status AS transaction_users_status, transaction_users.ban_reason AS transaction_users_ban_reason, transaction_users.created_at AS transaction_users_created_at, transaction_users.updated_at AS transaction_users_updated_at 
FROM transaction_users]
(Background on this error at: https://sqlalche.me/e/20/f405)
2025-11-26 00:01:23,229 WARNING Falling back to random user generation
2025-11-26 00:01:23,231 INFO ✓ RAW sent seq=546 | user=3667059 name=Thomas Brown amount=$2.84
2025-11-26 00:01:25,735 ERROR Failed to load users from database: (psycopg2.errors.UndefinedTable) relation "transaction_users" does not exist
LINE 2: FROM transaction_users
             ^

[SQL: SELECT transaction_users.id AS transaction_users_id, transaction_users.user_seq AS transaction_users_user_seq, transaction_users.user_name AS transaction_users_user_name, transaction_users.country_code AS transaction_users_country_code, transaction_users.id_type AS transaction_users_id_type, transaction_users.birth_date AS transaction_users_birth_date, transaction_users.register_date AS transaction_users_register_date, transaction_users.first_transaction_date AS transaction_users_first_transaction_date, transaction_users.status AS transaction_users_status, transaction_users.ban_reason AS transaction_users_ban_reason, transaction_users.created_at AS transaction_users_created_at, transaction_users.updated_at AS transaction_users_updated_at 
FROM transaction_users]
(Background on this error at: https://sqlalche.me/e/20/f405)
2025-11-26 00:01:25,735 WARNING Falling back to random user generation
2025-11-26 00:01:25,740 INFO ✓ RAW sent seq=547 | user=8268695 name=Bonnie Marks amount=$387.26
2025-11-26 00:01:25,742 ERROR Failed to load users from database: (psycopg2.errors.UndefinedTable) relation "transaction_users" does not exist
LINE 2: FROM transaction_users
             ^

[SQL: SELECT transaction_users.id AS transaction_users_id, transaction_users.user_seq AS transaction_users_user_seq, transaction_users.user_name AS transaction_users_user_name, transaction_users.country_code AS transaction_users_country_code, transaction_users.id_type AS transaction_users_id_type, transaction_users.birth_date AS transaction_users_birth_date, transaction_users.register_date AS transaction_users_register_date, transaction_users.first_transaction_date AS transaction_users_first_transaction_date, transaction_users.status AS transaction_users_status, transaction_users.ban_reason AS transaction_users_ban_reason, transaction_users.created_at AS transaction_users_created_at, transaction_users.updated_at AS transaction_users_updated_at 
FROM transaction_users]
(Background on this error at: https://sqlalche.me/e/20/f405)
2025-11-26 00:01:25,742 WARNING Falling back to random user generation
2025-11-26 00:01:25,745 INFO ✓ RAW sent seq=548 | user=5263231 name=Jill Todd amount=$25.12
2025-11-26 00:01:28,247 ERROR Failed to load users from database: (psycopg2.errors.UndefinedTable) relation "transaction_users" does not exist
LINE 2: FROM transaction_users
             ^

[SQL: SELECT transaction_users.id AS transaction_users_id, transaction_users.user_seq AS transaction_users_user_seq, transaction_users.user_name AS transaction_users_user_name, transaction_users.country_code AS transaction_users_country_code, transaction_users.id_type AS transaction_users_id_type, transaction_users.birth_date AS transaction_users_birth_date, transaction_users.register_date AS transaction_users_register_date, transaction_users.first_transaction_date AS transaction_users_first_transaction_date, transaction_users.status AS transaction_users_status, transaction_users.ban_reason AS transaction_users_ban_reason, transaction_users.created_at AS transaction_users_created_at, transaction_users.updated_at AS transaction_users_updated_at 
FROM transaction_users]
(Background on this error at: https://sqlalche.me/e/20/f405)
2025-11-26 00:01:28,247 WARNING Falling back to random user generation
2025-11-26 00:01:28,249 INFO ✓ RAW sent seq=549 | user=1703035 name=Nathaniel Sparks amount=$724.97
2025-11-26 00:01:28,251 ERROR Failed to load users from database: (psycopg2.errors.UndefinedTable) relation "transaction_users" does not exist
LINE 2: FROM transaction_users
             ^

[SQL: SELECT transaction_users.id AS transaction_users_id, transaction_users.user_seq AS transaction_users_user_seq, transaction_users.user_name AS transaction_users_user_name, transaction_users.country_code AS transaction_users_country_code, transaction_users.id_type AS transaction_users_id_type, transaction_users.birth_date AS transaction_users_birth_date, transaction_users.register_date AS transaction_users_register_date, transaction_users.first_transaction_date AS transaction_users_first_transaction_date, transaction_users.status AS transaction_users_status, transaction_users.ban_reason AS transaction_users_ban_reason, transaction_users.created_at AS transaction_users_created_at, transaction_users.updated_at AS transaction_users_updated_at 
FROM transaction_users]
(Background on this error at: https://sqlalche.me/e/20/f405)
2025-11-26 00:01:28,251 WARNING Falling back to random user generation
2025-11-26 00:01:28,253 INFO ✓ RAW sent seq=550 | user=4755528 name=Michael Fry amount=$962.31
2025-11-26 00:01:30,756 ERROR Failed to load users from database: (psycopg2.errors.UndefinedTable) relation "transaction_users" does not exist
LINE 2: FROM transaction_users
             ^

[SQL: SELECT transaction_users.id AS transaction_users_id, transaction_users.user_seq AS transaction_users_user_seq, transaction_users.user_name AS transaction_users_user_name, transaction_users.country_code AS transaction_users_country_code, transaction_users.id_type AS transaction_users_id_type, transaction_users.birth_date AS transaction_users_birth_date, transaction_users.register_date AS transaction_users_register_date, transaction_users.first_transaction_date AS transaction_users_first_transaction_date, transaction_users.status AS transaction_users_status, transaction_users.ban_reason AS transaction_users_ban_reason, transaction_users.created_at AS transaction_users_created_at, transaction_users.updated_at AS transaction_users_updated_at 
FROM transaction_users]
(Background on this error at: https://sqlalche.me/e/20/f405)
2025-11-26 00:01:30,756 WARNING Falling back to random user generation
2025-11-26 00:01:30,762 INFO ✓ RAW sent seq=551 | user=8806359 name=Daniel Moore amount=$282.24
2025-11-26 00:01:30,763 ERROR Failed to load users from database: (psycopg2.errors.UndefinedTable) relation "transaction_users" does not exist
LINE 2: FROM transaction_users
             ^

[SQL: SELECT transaction_users.id AS transaction_users_id, transaction_users.user_seq AS transaction_users_user_seq, transaction_users.user_name AS transaction_users_user_name, transaction_users.country_code AS transaction_users_country_code, transaction_users.id_type AS transaction_users_id_type, transaction_users.birth_date AS transaction_users_birth_date, transaction_users.register_date AS transaction_users_register_date, transaction_users.first_transaction_date AS transaction_users_first_transaction_date, transaction_users.status AS transaction_users_status, transaction_users.ban_reason AS transaction_users_ban_reason, transaction_users.created_at AS transaction_users_created_at, transaction_users.updated_at AS transaction_users_updated_at 
FROM transaction_users]
(Background on this error at: https://sqlalche.me/e/20/f405)
2025-11-26 00:01:30,763 WARNING Falling back to random user generation
2025-11-26 00:01:30,766 INFO ✓ RAW sent seq=552 | user=5247750 name=Nicole Smith amount=$607.53
2025-11-26 00:01:33,269 ERROR Failed to load users from database: (psycopg2.errors.UndefinedTable) relation "transaction_users" does not exist
LINE 2: FROM transaction_users
             ^

[SQL: SELECT transaction_users.id AS transaction_users_id, transaction_users.user_seq AS transaction_users_user_seq, transaction_users.user_name AS transaction_users_user_name, transaction_users.country_code AS transaction_users_country_code, transaction_users.id_type AS transaction_users_id_type, transaction_users.birth_date AS transaction_users_birth_date, transaction_users.register_date AS transaction_users_register_date, transaction_users.first_transaction_date AS transaction_users_first_transaction_date, transaction_users.status AS transaction_users_status, transaction_users.ban_reason AS transaction_users_ban_reason, transaction_users.created_at AS transaction_users_created_at, transaction_users.updated_at AS transaction_users_updated_at 
FROM transaction_users]
(Background on this error at: https://sqlalche.me/e/20/f405)
2025-11-26 00:01:33,269 WARNING Falling back to random user generation
2025-11-26 00:01:33,274 INFO ✓ RAW sent seq=553 | user=5594050 name=Bailey Glenn amount=$804.98
2025-11-26 00:01:35,779 ERROR Failed to load users from database: (psycopg2.errors.UndefinedTable) relation "transaction_users" does not exist
LINE 2: FROM transaction_users
             ^

[SQL: SELECT transaction_users.id AS transaction_users_id, transaction_users.user_seq AS transaction_users_user_seq, transaction_users.user_name AS transaction_users_user_name, transaction_users.country_code AS transaction_users_country_code, transaction_users.id_type AS transaction_users_id_type, transaction_users.birth_date AS transaction_users_birth_date, transaction_users.register_date AS transaction_users_register_date, transaction_users.first_transaction_date AS transaction_users_first_transaction_date, transaction_users.status AS transaction_users_status, transaction_users.ban_reason AS transaction_users_ban_reason, transaction_users.created_at AS transaction_users_created_at, transaction_users.updated_at AS transaction_users_updated_at 
FROM transaction_users]
(Background on this error at: https://sqlalche.me/e/20/f405)
2025-11-26 00:01:35,779 WARNING Falling back to random user generation
2025-11-26 00:01:35,784 INFO ✓ RAW sent seq=554 | user=8959178 name=Kenneth Morris amount=$379.5
2025-11-26 00:01:35,785 ERROR Failed to load users from database: (psycopg2.errors.UndefinedTable) relation "transaction_users" does not exist
LINE 2: FROM transaction_users
             ^

[SQL: SELECT transaction_users.id AS transaction_users_id, transaction_users.user_seq AS transaction_users_user_seq, transaction_users.user_name AS transaction_users_user_name, transaction_users.country_code AS transaction_users_country_code, transaction_users.id_type AS transaction_users_id_type, transaction_users.birth_date AS transaction_users_birth_date, transaction_users.register_date AS transaction_users_register_date, transaction_users.first_transaction_date AS transaction_users_first_transaction_date, transaction_users.status AS transaction_users_status, transaction_users.ban_reason AS transaction_users_ban_reason, transaction_users.created_at AS transaction_users_created_at, transaction_users.updated_at AS transaction_users_updated_at 
FROM transaction_users]
(Background on this error at: https://sqlalche.me/e/20/f405)
2025-11-26 00:01:35,785 WARNING Falling back to random user generation
2025-11-26 00:01:35,789 INFO ✓ RAW sent seq=555 | user=3795621 name=Karen Rodriguez amount=$437.89
2025-11-26 00:01:38,292 ERROR Failed to load users from database: (psycopg2.errors.UndefinedTable) relation "transaction_users" does not exist
LINE 2: FROM transaction_users
             ^

[SQL: SELECT transaction_users.id AS transaction_users_id, transaction_users.user_seq AS transaction_users_user_seq, transaction_users.user_name AS transaction_users_user_name, transaction_users.country_code AS transaction_users_country_code, transaction_users.id_type AS transaction_users_id_type, transaction_users.birth_date AS transaction_users_birth_date, transaction_users.register_date AS transaction_users_register_date, transaction_users.first_transaction_date AS transaction_users_first_transaction_date, transaction_users.status AS transaction_users_status, transaction_users.ban_reason AS transaction_users_ban_reason, transaction_users.created_at AS transaction_users_created_at, transaction_users.updated_at AS transaction_users_updated_at 
FROM transaction_users]
(Background on this error at: https://sqlalche.me/e/20/f405)
2025-11-26 00:01:38,293 WARNING Falling back to random user generation
2025-11-26 00:01:38,297 INFO 🚨 FRAUD sent seq=556 type=cross_border | user=7214733 tx_24h=37 amt_24h=$29131 payment=CASH
2025-11-26 00:01:40,800 ERROR Failed to load users from database: (psycopg2.errors.UndefinedTable) relation "transaction_users" does not exist
LINE 2: FROM transaction_users
             ^

[SQL: SELECT transaction_users.id AS transaction_users_id, transaction_users.user_seq AS transaction_users_user_seq, transaction_users.user_name AS transaction_users_user_name, transaction_users.country_code AS transaction_users_country_code, transaction_users.id_type AS transaction_users_id_type, transaction_users.birth_date AS transaction_users_birth_date, transaction_users.register_date AS transaction_users_register_date, transaction_users.first_transaction_date AS transaction_users_first_transaction_date, transaction_users.status AS transaction_users_status, transaction_users.ban_reason AS transaction_users_ban_reason, transaction_users.created_at AS transaction_users_created_at, transaction_users.updated_at AS transaction_users_updated_at 
FROM transaction_users]
(Background on this error at: https://sqlalche.me/e/20/f405)
2025-11-26 00:01:40,800 WARNING Falling back to random user generation
2025-11-26 00:01:40,806 INFO ✓ RAW sent seq=557 | user=3904747 name=Steven Bailey amount=$685.13
2025-11-26 00:01:40,808 ERROR Failed to load users from database: (psycopg2.errors.UndefinedTable) relation "transaction_users" does not exist
LINE 2: FROM transaction_users
             ^

[SQL: SELECT transaction_users.id AS transaction_users_id, transaction_users.user_seq AS transaction_users_user_seq, transaction_users.user_name AS transaction_users_user_name, transaction_users.country_code AS transaction_users_country_code, transaction_users.id_type AS transaction_users_id_type, transaction_users.birth_date AS transaction_users_birth_date, transaction_users.register_date AS transaction_users_register_date, transaction_users.first_transaction_date AS transaction_users_first_transaction_date, transaction_users.status AS transaction_users_status, transaction_users.ban_reason AS transaction_users_ban_reason, transaction_users.created_at AS transaction_users_created_at, transaction_users.updated_at AS transaction_users_updated_at 
FROM transaction_users]
(Background on this error at: https://sqlalche.me/e/20/f405)
2025-11-26 00:01:40,808 WARNING Falling back to random user generation
2025-11-26 00:01:40,811 INFO ✓ RAW sent seq=558 | user=7546428 name=Jonathan Martinez amount=$19.9
2025-11-26 00:01:43,314 ERROR Failed to load users from database: (psycopg2.errors.UndefinedTable) relation "transaction_users" does not exist
LINE 2: FROM transaction_users
             ^

[SQL: SELECT transaction_users.id AS transaction_users_id, transaction_users.user_seq AS transaction_users_user_seq, transaction_users.user_name AS transaction_users_user_name, transaction_users.country_code AS transaction_users_country_code, transaction_users.id_type AS transaction_users_id_type, transaction_users.birth_date AS transaction_users_birth_date, transaction_users.register_date AS transaction_users_register_date, transaction_users.first_transaction_date AS transaction_users_first_transaction_date, transaction_users.status AS transaction_users_status, transaction_users.ban_reason AS transaction_users_ban_reason, transaction_users.created_at AS transaction_users_created_at, transaction_users.updated_at AS transaction_users_updated_at 
FROM transaction_users]
(Background on this error at: https://sqlalche.me/e/20/f405)
2025-11-26 00:01:43,315 WARNING Falling back to random user generation
2025-11-26 00:01:43,320 INFO ✓ RAW sent seq=559 | user=8678625 name=Adrienne Thompson amount=$516.58
2025-11-26 00:01:45,823 ERROR Failed to load users from database: (psycopg2.errors.UndefinedTable) relation "transaction_users" does not exist
LINE 2: FROM transaction_users
             ^

[SQL: SELECT transaction_users.id AS transaction_users_id, transaction_users.user_seq AS transaction_users_user_seq, transaction_users.user_name AS transaction_users_user_name, transaction_users.country_code AS transaction_users_country_code, transaction_users.id_type AS transaction_users_id_type, transaction_users.birth_date AS transaction_users_birth_date, transaction_users.register_date AS transaction_users_register_date, transaction_users.first_transaction_date AS transaction_users_first_transaction_date, transaction_users.status AS transaction_users_status, transaction_users.ban_reason AS transaction_users_ban_reason, transaction_users.created_at AS transaction_users_created_at, transaction_users.updated_at AS transaction_users_updated_at 
FROM transaction_users]
(Background on this error at: https://sqlalche.me/e/20/f405)
2025-11-26 00:01:45,823 WARNING Falling back to random user generation
2025-11-26 00:01:45,828 INFO ✓ RAW sent seq=560 | user=4519585 name=Beth Gomez amount=$963.57
2025-11-26 00:01:48,332 ERROR Failed to load users from database: (psycopg2.errors.UndefinedTable) relation "transaction_users" does not exist
LINE 2: FROM transaction_users
             ^

[SQL: SELECT transaction_users.id AS transaction_users_id, transaction_users.user_seq AS transaction_users_user_seq, transaction_users.user_name AS transaction_users_user_name, transaction_users.country_code AS transaction_users_country_code, transaction_users.id_type AS transaction_users_id_type, transaction_users.birth_date AS transaction_users_birth_date, transaction_users.register_date AS transaction_users_register_date, transaction_users.first_transaction_date AS transaction_users_first_transaction_date, transaction_users.status AS transaction_users_status, transaction_users.ban_reason AS transaction_users_ban_reason, transaction_users.created_at AS transaction_users_created_at, transaction_users.updated_at AS transaction_users_updated_at 
FROM transaction_users]
(Background on this error at: https://sqlalche.me/e/20/f405)
2025-11-26 00:01:48,332 WARNING Falling back to random user generation
2025-11-26 00:01:48,336 INFO ✓ RAW sent seq=561 | user=9053902 name=Jay Rocha amount=$935.63
2025-11-26 00:01:48,337 ERROR Failed to load users from database: (psycopg2.errors.UndefinedTable) relation "transaction_users" does not exist
LINE 2: FROM transaction_users
             ^

[SQL: SELECT transaction_users.id AS transaction_users_id, transaction_users.user_seq AS transaction_users_user_seq, transaction_users.user_name AS transaction_users_user_name, transaction_users.country_code AS transaction_users_country_code, transaction_users.id_type AS transaction_users_id_type, transaction_users.birth_date AS transaction_users_birth_date, transaction_users.register_date AS transaction_users_register_date, transaction_users.first_transaction_date AS transaction_users_first_transaction_date, transaction_users.status AS transaction_users_status, transaction_users.ban_reason AS transaction_users_ban_reason, transaction_users.created_at AS transaction_users_created_at, transaction_users.updated_at AS transaction_users_updated_at 
FROM transaction_users]
(Background on this error at: https://sqlalche.me/e/20/f405)
2025-11-26 00:01:48,337 WARNING Falling back to random user generation
2025-11-26 00:01:48,341 INFO ✓ RAW sent seq=562 | user=4047512 name=Jordan Guerrero amount=$516.33
2025-11-26 00:01:50,844 ERROR Failed to load users from database: (psycopg2.errors.UndefinedTable) relation "transaction_users" does not exist
LINE 2: FROM transaction_users
             ^

[SQL: SELECT transaction_users.id AS transaction_users_id, transaction_users.user_seq AS transaction_users_user_seq, transaction_users.user_name AS transaction_users_user_name, transaction_users.country_code AS transaction_users_country_code, transaction_users.id_type AS transaction_users_id_type, transaction_users.birth_date AS transaction_users_birth_date, transaction_users.register_date AS transaction_users_register_date, transaction_users.first_transaction_date AS transaction_users_first_transaction_date, transaction_users.status AS transaction_users_status, transaction_users.ban_reason AS transaction_users_ban_reason, transaction_users.created_at AS transaction_users_created_at, transaction_users.updated_at AS transaction_users_updated_at 
FROM transaction_users]
(Background on this error at: https://sqlalche.me/e/20/f405)
2025-11-26 00:01:50,844 WARNING Falling back to random user generation
2025-11-26 00:01:50,849 INFO ✓ RAW sent seq=563 | user=2614489 name=Malik Lee amount=$453.06
2025-11-26 00:01:53,352 ERROR Failed to load users from database: (psycopg2.errors.UndefinedTable) relation "transaction_users" does not exist
LINE 2: FROM transaction_users
             ^

[SQL: SELECT transaction_users.id AS transaction_users_id, transaction_users.user_seq AS transaction_users_user_seq, transaction_users.user_name AS transaction_users_user_name, transaction_users.country_code AS transaction_users_country_code, transaction_users.id_type AS transaction_users_id_type, transaction_users.birth_date AS transaction_users_birth_date, transaction_users.register_date AS transaction_users_register_date, transaction_users.first_transaction_date AS transaction_users_first_transaction_date, transaction_users.status AS transaction_users_status, transaction_users.ban_reason AS transaction_users_ban_reason, transaction_users.created_at AS transaction_users_created_at, transaction_users.updated_at AS transaction_users_updated_at 
FROM transaction_users]
(Background on this error at: https://sqlalche.me/e/20/f405)
2025-11-26 00:01:53,352 WARNING Falling back to random user generation
2025-11-26 00:01:53,358 INFO 🚨 FRAUD sent seq=564 type=mixed_pattern | user=9990380 tx_24h=99 amt_24h=$43681 payment=CRYPTO
2025-11-26 00:01:55,861 ERROR Failed to load users from database: (psycopg2.errors.UndefinedTable) relation "transaction_users" does not exist
LINE 2: FROM transaction_users
             ^

[SQL: SELECT transaction_users.id AS transaction_users_id, transaction_users.user_seq AS transaction_users_user_seq, transaction_users.user_name AS transaction_users_user_name, transaction_users.country_code AS transaction_users_country_code, transaction_users.id_type AS transaction_users_id_type, transaction_users.birth_date AS transaction_users_birth_date, transaction_users.register_date AS transaction_users_register_date, transaction_users.first_transaction_date AS transaction_users_first_transaction_date, transaction_users.status AS transaction_users_status, transaction_users.ban_reason AS transaction_users_ban_reason, transaction_users.created_at AS transaction_users_created_at, transaction_users.updated_at AS transaction_users_updated_at 
FROM transaction_users]
(Background on this error at: https://sqlalche.me/e/20/f405)
2025-11-26 00:01:55,861 WARNING Falling back to random user generation
2025-11-26 00:01:55,866 INFO ✓ RAW sent seq=565 | user=4855825 name=Joseph Garcia amount=$338.38
2025-11-26 00:01:58,369 ERROR Failed to load users from database: (psycopg2.errors.UndefinedTable) relation "transaction_users" does not exist
LINE 2: FROM transaction_users
             ^

[SQL: SELECT transaction_users.id AS transaction_users_id, transaction_users.user_seq AS transaction_users_user_seq, transaction_users.user_name AS transaction_users_user_name, transaction_users.country_code AS transaction_users_country_code, transaction_users.id_type AS transaction_users_id_type, transaction_users.birth_date AS transaction_users_birth_date, transaction_users.register_date AS transaction_users_register_date, transaction_users.first_transaction_date AS transaction_users_first_transaction_date, transaction_users.status AS transaction_users_status, transaction_users.ban_reason AS transaction_users_ban_reason, transaction_users.created_at AS transaction_users_created_at, transaction_users.updated_at AS transaction_users_updated_at 
FROM transaction_users]
(Background on this error at: https://sqlalche.me/e/20/f405)
2025-11-26 00:01:58,369 WARNING Falling back to random user generation
2025-11-26 00:01:58,374 INFO ✓ RAW sent seq=566 | user=7609483 name=Carla Allen amount=$609.58
2025-11-26 00:02:00,877 ERROR Failed to load users from database: (psycopg2.errors.UndefinedTable) relation "transaction_users" does not exist
LINE 2: FROM transaction_users
             ^

[SQL: SELECT transaction_users.id AS transaction_users_id, transaction_users.user_seq AS transaction_users_user_seq, transaction_users.user_name AS transaction_users_user_name, transaction_users.country_code AS transaction_users_country_code, transaction_users.id_type AS transaction_users_id_type, transaction_users.birth_date AS transaction_users_birth_date, transaction_users.register_date AS transaction_users_register_date, transaction_users.first_transaction_date AS transaction_users_first_transaction_date, transaction_users.status AS transaction_users_status, transaction_users.ban_reason AS transaction_users_ban_reason, transaction_users.created_at AS transaction_users_created_at, transaction_users.updated_at AS transaction_users_updated_at 
FROM transaction_users]
(Background on this error at: https://sqlalche.me/e/20/f405)
2025-11-26 00:02:00,877 WARNING Falling back to random user generation
2025-11-26 00:02:00,882 INFO ✓ RAW sent seq=567 | user=8049522 name=Justin Pena amount=$925.35
2025-11-26 00:02:03,386 ERROR Failed to load users from database: (psycopg2.errors.UndefinedTable) relation "transaction_users" does not exist
LINE 2: FROM transaction_users
             ^

[SQL: SELECT transaction_users.id AS transaction_users_id, transaction_users.user_seq AS transaction_users_user_seq, transaction_users.user_name AS transaction_users_user_name, transaction_users.country_code AS transaction_users_country_code, transaction_users.id_type AS transaction_users_id_type, transaction_users.birth_date AS transaction_users_birth_date, transaction_users.register_date AS transaction_users_register_date, transaction_users.first_transaction_date AS transaction_users_first_transaction_date, transaction_users.status AS transaction_users_status, transaction_users.ban_reason AS transaction_users_ban_reason, transaction_users.created_at AS transaction_users_created_at, transaction_users.updated_at AS transaction_users_updated_at 
FROM transaction_users]
(Background on this error at: https://sqlalche.me/e/20/f405)
2025-11-26 00:02:03,386 WARNING Falling back to random user generation
2025-11-26 00:02:03,391 INFO ✓ RAW sent seq=568 | user=5563351 name=Danielle Sharp amount=$782.04
2025-11-26 00:02:03,393 ERROR Failed to load users from database: (psycopg2.errors.UndefinedTable) relation "transaction_users" does not exist
LINE 2: FROM transaction_users
             ^

[SQL: SELECT transaction_users.id AS transaction_users_id, transaction_users.user_seq AS transaction_users_user_seq, transaction_users.user_name AS transaction_users_user_name, transaction_users.country_code AS transaction_users_country_code, transaction_users.id_type AS transaction_users_id_type, transaction_users.birth_date AS transaction_users_birth_date, transaction_users.register_date AS transaction_users_register_date, transaction_users.first_transaction_date AS transaction_users_first_transaction_date, transaction_users.status AS transaction_users_status, transaction_users.ban_reason AS transaction_users_ban_reason, transaction_users.created_at AS transaction_users_created_at, transaction_users.updated_at AS transaction_users_updated_at 
FROM transaction_users]
(Background on this error at: https://sqlalche.me/e/20/f405)
2025-11-26 00:02:03,394 WARNING Falling back to random user generation
2025-11-26 00:02:03,398 INFO ✓ RAW sent seq=569 | user=6514549 name=Juan Lawson amount=$841.15
2025-11-26 00:02:05,901 ERROR Failed to load users from database: (psycopg2.errors.UndefinedTable) relation "transaction_users" does not exist
LINE 2: FROM transaction_users
             ^

[SQL: SELECT transaction_users.id AS transaction_users_id, transaction_users.user_seq AS transaction_users_user_seq, transaction_users.user_name AS transaction_users_user_name, transaction_users.country_code AS transaction_users_country_code, transaction_users.id_type AS transaction_users_id_type, transaction_users.birth_date AS transaction_users_birth_date, transaction_users.register_date AS transaction_users_register_date, transaction_users.first_transaction_date AS transaction_users_first_transaction_date, transaction_users.status AS transaction_users_status, transaction_users.ban_reason AS transaction_users_ban_reason, transaction_users.created_at AS transaction_users_created_at, transaction_users.updated_at AS transaction_users_updated_at 
FROM transaction_users]
(Background on this error at: https://sqlalche.me/e/20/f405)
2025-11-26 00:02:05,901 WARNING Falling back to random user generation
2025-11-26 00:02:05,905 INFO ✓ RAW sent seq=570 | user=6192298 name=Shannon Mann MD amount=$690.05
2025-11-26 00:02:08,408 ERROR Failed to load users from database: (psycopg2.errors.UndefinedTable) relation "transaction_users" does not exist
LINE 2: FROM transaction_users
             ^

[SQL: SELECT transaction_users.id AS transaction_users_id, transaction_users.user_seq AS transaction_users_user_seq, transaction_users.user_name AS transaction_users_user_name, transaction_users.country_code AS transaction_users_country_code, transaction_users.id_type AS transaction_users_id_type, transaction_users.birth_date AS transaction_users_birth_date, transaction_users.register_date AS transaction_users_register_date, transaction_users.first_transaction_date AS transaction_users_first_transaction_date, transaction_users.status AS transaction_users_status, transaction_users.ban_reason AS transaction_users_ban_reason, transaction_users.created_at AS transaction_users_created_at, transaction_users.updated_at AS transaction_users_updated_at 
FROM transaction_users]
(Background on this error at: https://sqlalche.me/e/20/f405)
2025-11-26 00:02:08,409 WARNING Falling back to random user generation
2025-11-26 00:02:08,414 INFO 🚨 FRAUD sent seq=571 type=crypto_suspicious | user=4485595 tx_24h=44 amt_24h=$26257 payment=CRYPTO
2025-11-26 00:02:10,917 ERROR Failed to load users from database: (psycopg2.errors.UndefinedTable) relation "transaction_users" does not exist
LINE 2: FROM transaction_users
             ^

[SQL: SELECT transaction_users.id AS transaction_users_id, transaction_users.user_seq AS transaction_users_user_seq, transaction_users.user_name AS transaction_users_user_name, transaction_users.country_code AS transaction_users_country_code, transaction_users.id_type AS transaction_users_id_type, transaction_users.birth_date AS transaction_users_birth_date, transaction_users.register_date AS transaction_users_register_date, transaction_users.first_transaction_date AS transaction_users_first_transaction_date, transaction_users.status AS transaction_users_status, transaction_users.ban_reason AS transaction_users_ban_reason, transaction_users.created_at AS transaction_users_created_at, transaction_users.updated_at AS transaction_users_updated_at 
FROM transaction_users]
(Background on this error at: https://sqlalche.me/e/20/f405)
2025-11-26 00:02:10,917 WARNING Falling back to random user generation
2025-11-26 00:02:10,921 INFO ✓ RAW sent seq=572 | user=3422620 name=Donna Jackson amount=$657.14
2025-11-26 00:02:13,425 ERROR Failed to load users from database: (psycopg2.errors.UndefinedTable) relation "transaction_users" does not exist
LINE 2: FROM transaction_users
             ^

[SQL: SELECT transaction_users.id AS transaction_users_id, transaction_users.user_seq AS transaction_users_user_seq, transaction_users.user_name AS transaction_users_user_name, transaction_users.country_code AS transaction_users_country_code, transaction_users.id_type AS transaction_users_id_type, transaction_users.birth_date AS transaction_users_birth_date, transaction_users.register_date AS transaction_users_register_date, transaction_users.first_transaction_date AS transaction_users_first_transaction_date, transaction_users.status AS transaction_users_status, transaction_users.ban_reason AS transaction_users_ban_reason, transaction_users.created_at AS transaction_users_created_at, transaction_users.updated_at AS transaction_users_updated_at 
FROM transaction_users]
(Background on this error at: https://sqlalche.me/e/20/f405)
2025-11-26 00:02:13,425 WARNING Falling back to random user generation
2025-11-26 00:02:13,429 INFO ✓ RAW sent seq=573 | user=9571830 name=Jennifer Adams amount=$703.48
2025-11-26 00:02:15,933 ERROR Failed to load users from database: (psycopg2.errors.UndefinedTable) relation "transaction_users" does not exist
LINE 2: FROM transaction_users
             ^

[SQL: SELECT transaction_users.id AS transaction_users_id, transaction_users.user_seq AS transaction_users_user_seq, transaction_users.user_name AS transaction_users_user_name, transaction_users.country_code AS transaction_users_country_code, transaction_users.id_type AS transaction_users_id_type, transaction_users.birth_date AS transaction_users_birth_date, transaction_users.register_date AS transaction_users_register_date, transaction_users.first_transaction_date AS transaction_users_first_transaction_date, transaction_users.status AS transaction_users_status, transaction_users.ban_reason AS transaction_users_ban_reason, transaction_users.created_at AS transaction_users_created_at, transaction_users.updated_at AS transaction_users_updated_at 
FROM transaction_users]
(Background on this error at: https://sqlalche.me/e/20/f405)
2025-11-26 00:02:15,933 WARNING Falling back to random user generation
2025-11-26 00:02:15,938 INFO ✓ RAW sent seq=574 | user=3480731 name=Jeffrey Barrett amount=$915.11
2025-11-26 00:02:18,441 ERROR Failed to load users from database: (psycopg2.errors.UndefinedTable) relation "transaction_users" does not exist
LINE 2: FROM transaction_users
             ^

[SQL: SELECT transaction_users.id AS transaction_users_id, transaction_users.user_seq AS transaction_users_user_seq, transaction_users.user_name AS transaction_users_user_name, transaction_users.country_code AS transaction_users_country_code, transaction_users.id_type AS transaction_users_id_type, transaction_users.birth_date AS transaction_users_birth_date, transaction_users.register_date AS transaction_users_register_date, transaction_users.first_transaction_date AS transaction_users_first_transaction_date, transaction_users.status AS transaction_users_status, transaction_users.ban_reason AS transaction_users_ban_reason, transaction_users.created_at AS transaction_users_created_at, transaction_users.updated_at AS transaction_users_updated_at 
FROM transaction_users]
(Background on this error at: https://sqlalche.me/e/20/f405)
2025-11-26 00:02:18,442 WARNING Falling back to random user generation
2025-11-26 00:02:18,446 INFO ✓ RAW sent seq=575 | user=3384312 name=Paul Castillo amount=$276.33
2025-11-26 00:02:18,448 ERROR Failed to load users from database: (psycopg2.errors.UndefinedTable) relation "transaction_users" does not exist
LINE 2: FROM transaction_users
             ^

[SQL: SELECT transaction_users.id AS transaction_users_id, transaction_users.user_seq AS transaction_users_user_seq, transaction_users.user_name AS transaction_users_user_name, transaction_users.country_code AS transaction_users_country_code, transaction_users.id_type AS transaction_users_id_type, transaction_users.birth_date AS transaction_users_birth_date, transaction_users.register_date AS transaction_users_register_date, transaction_users.first_transaction_date AS transaction_users_first_transaction_date, transaction_users.status AS transaction_users_status, transaction_users.ban_reason AS transaction_users_ban_reason, transaction_users.created_at AS transaction_users_created_at, transaction_users.updated_at AS transaction_users_updated_at 
FROM transaction_users]
(Background on this error at: https://sqlalche.me/e/20/f405)
2025-11-26 00:02:18,448 WARNING Falling back to random user generation
2025-11-26 00:02:18,453 INFO 🚨 FRAUD sent seq=576 type=cross_border | user=9703069 tx_24h=48 amt_24h=$32403 payment=WALLET
2025-11-26 00:02:20,956 ERROR Failed to load users from database: (psycopg2.errors.UndefinedTable) relation "transaction_users" does not exist
LINE 2: FROM transaction_users
             ^

[SQL: SELECT transaction_users.id AS transaction_users_id, transaction_users.user_seq AS transaction_users_user_seq, transaction_users.user_name AS transaction_users_user_name, transaction_users.country_code AS transaction_users_country_code, transaction_users.id_type AS transaction_users_id_type, transaction_users.birth_date AS transaction_users_birth_date, transaction_users.register_date AS transaction_users_register_date, transaction_users.first_transaction_date AS transaction_users_first_transaction_date, transaction_users.status AS transaction_users_status, transaction_users.ban_reason AS transaction_users_ban_reason, transaction_users.created_at AS transaction_users_created_at, transaction_users.updated_at AS transaction_users_updated_at 
FROM transaction_users]
(Background on this error at: https://sqlalche.me/e/20/f405)
2025-11-26 00:02:20,956 WARNING Falling back to random user generation
2025-11-26 00:02:20,961 INFO 🚨 FRAUD sent seq=577 type=high_velocity | user=2942722 tx_24h=64 amt_24h=$41455 payment=CASH
2025-11-26 00:02:23,464 ERROR Failed to load users from database: (psycopg2.errors.UndefinedTable) relation "transaction_users" does not exist
LINE 2: FROM transaction_users
             ^

[SQL: SELECT transaction_users.id AS transaction_users_id, transaction_users.user_seq AS transaction_users_user_seq, transaction_users.user_name AS transaction_users_user_name, transaction_users.country_code AS transaction_users_country_code, transaction_users.id_type AS transaction_users_id_type, transaction_users.birth_date AS transaction_users_birth_date, transaction_users.register_date AS transaction_users_register_date, transaction_users.first_transaction_date AS transaction_users_first_transaction_date, transaction_users.status AS transaction_users_status, transaction_users.ban_reason AS transaction_users_ban_reason, transaction_users.created_at AS transaction_users_created_at, transaction_users.updated_at AS transaction_users_updated_at 
FROM transaction_users]
(Background on this error at: https://sqlalche.me/e/20/f405)
2025-11-26 00:02:23,464 WARNING Falling back to random user generation
2025-11-26 00:02:23,470 INFO ✓ RAW sent seq=578 | user=1215974 name=Bruce Farmer amount=$864.62
2025-11-26 00:02:25,973 ERROR Failed to load users from database: (psycopg2.errors.UndefinedTable) relation "transaction_users" does not exist
LINE 2: FROM transaction_users
             ^

[SQL: SELECT transaction_users.id AS transaction_users_id, transaction_users.user_seq AS transaction_users_user_seq, transaction_users.user_name AS transaction_users_user_name, transaction_users.country_code AS transaction_users_country_code, transaction_users.id_type AS transaction_users_id_type, transaction_users.birth_date AS transaction_users_birth_date, transaction_users.register_date AS transaction_users_register_date, transaction_users.first_transaction_date AS transaction_users_first_transaction_date, transaction_users.status AS transaction_users_status, transaction_users.ban_reason AS transaction_users_ban_reason, transaction_users.created_at AS transaction_users_created_at, transaction_users.updated_at AS transaction_users_updated_at 
FROM transaction_users]
(Background on this error at: https://sqlalche.me/e/20/f405)
2025-11-26 00:02:25,973 WARNING Falling back to random user generation
2025-11-26 00:02:25,978 INFO 🚨 FRAUD sent seq=579 type=high_velocity | user=9886338 tx_24h=71 amt_24h=$40772 payment=CRYPTO
2025-11-26 00:02:28,481 ERROR Failed to load users from database: (psycopg2.errors.UndefinedTable) relation "transaction_users" does not exist
LINE 2: FROM transaction_users
             ^

[SQL: SELECT transaction_users.id AS transaction_users_id, transaction_users.user_seq AS transaction_users_user_seq, transaction_users.user_name AS transaction_users_user_name, transaction_users.country_code AS transaction_users_country_code, transaction_users.id_type AS transaction_users_id_type, transaction_users.birth_date AS transaction_users_birth_date, transaction_users.register_date AS transaction_users_register_date, transaction_users.first_transaction_date AS transaction_users_first_transaction_date, transaction_users.status AS transaction_users_status, transaction_users.ban_reason AS transaction_users_ban_reason, transaction_users.created_at AS transaction_users_created_at, transaction_users.updated_at AS transaction_users_updated_at 
FROM transaction_users]
(Background on this error at: https://sqlalche.me/e/20/f405)
2025-11-26 00:02:28,481 WARNING Falling back to random user generation
2025-11-26 00:02:28,485 INFO 🚨 FRAUD sent seq=580 type=crypto_suspicious | user=4672654 tx_24h=41 amt_24h=$34463 payment=CRYPTO
2025-11-26 00:02:30,989 ERROR Failed to load users from database: (psycopg2.errors.UndefinedTable) relation "transaction_users" does not exist
LINE 2: FROM transaction_users
             ^

[SQL: SELECT transaction_users.id AS transaction_users_id, transaction_users.user_seq AS transaction_users_user_seq, transaction_users.user_name AS transaction_users_user_name, transaction_users.country_code AS transaction_users_country_code, transaction_users.id_type AS transaction_users_id_type, transaction_users.birth_date AS transaction_users_birth_date, transaction_users.register_date AS transaction_users_register_date, transaction_users.first_transaction_date AS transaction_users_first_transaction_date, transaction_users.status AS transaction_users_status, transaction_users.ban_reason AS transaction_users_ban_reason, transaction_users.created_at AS transaction_users_created_at, transaction_users.updated_at AS transaction_users_updated_at 
FROM transaction_users]
(Background on this error at: https://sqlalche.me/e/20/f405)
2025-11-26 00:02:30,989 WARNING Falling back to random user generation
2025-11-26 00:02:30,994 INFO ✓ RAW sent seq=581 | user=6390924 name=Kevin Price amount=$946.56
2025-11-26 00:02:30,996 ERROR Failed to load users from database: (psycopg2.errors.UndefinedTable) relation "transaction_users" does not exist
LINE 2: FROM transaction_users
             ^

[SQL: SELECT transaction_users.id AS transaction_users_id, transaction_users.user_seq AS transaction_users_user_seq, transaction_users.user_name AS transaction_users_user_name, transaction_users.country_code AS transaction_users_country_code, transaction_users.id_type AS transaction_users_id_type, transaction_users.birth_date AS transaction_users_birth_date, transaction_users.register_date AS transaction_users_register_date, transaction_users.first_transaction_date AS transaction_users_first_transaction_date, transaction_users.status AS transaction_users_status, transaction_users.ban_reason AS transaction_users_ban_reason, transaction_users.created_at AS transaction_users_created_at, transaction_users.updated_at AS transaction_users_updated_at 
FROM transaction_users]
(Background on this error at: https://sqlalche.me/e/20/f405)
2025-11-26 00:02:30,996 WARNING Falling back to random user generation
2025-11-26 00:02:30,999 INFO ✓ RAW sent seq=582 | user=2584454 name=Dr. Jennifer Mendoza amount=$51.12
2025-11-26 00:02:33,503 ERROR Failed to load users from database: (psycopg2.errors.UndefinedTable) relation "transaction_users" does not exist
LINE 2: FROM transaction_users
             ^

[SQL: SELECT transaction_users.id AS transaction_users_id, transaction_users.user_seq AS transaction_users_user_seq, transaction_users.user_name AS transaction_users_user_name, transaction_users.country_code AS transaction_users_country_code, transaction_users.id_type AS transaction_users_id_type, transaction_users.birth_date AS transaction_users_birth_date, transaction_users.register_date AS transaction_users_register_date, transaction_users.first_transaction_date AS transaction_users_first_transaction_date, transaction_users.status AS transaction_users_status, transaction_users.ban_reason AS transaction_users_ban_reason, transaction_users.created_at AS transaction_users_created_at, transaction_users.updated_at AS transaction_users_updated_at 
FROM transaction_users]
(Background on this error at: https://sqlalche.me/e/20/f405)
2025-11-26 00:02:33,503 WARNING Falling back to random user generation
2025-11-26 00:02:33,508 INFO ✓ RAW sent seq=583 | user=6032965 name=Kelly Hernandez amount=$715.68
2025-11-26 00:02:33,510 ERROR Failed to load users from database: (psycopg2.errors.UndefinedTable) relation "transaction_users" does not exist
LINE 2: FROM transaction_users
             ^

[SQL: SELECT transaction_users.id AS transaction_users_id, transaction_users.user_seq AS transaction_users_user_seq, transaction_users.user_name AS transaction_users_user_name, transaction_users.country_code AS transaction_users_country_code, transaction_users.id_type AS transaction_users_id_type, transaction_users.birth_date AS transaction_users_birth_date, transaction_users.register_date AS transaction_users_register_date, transaction_users.first_transaction_date AS transaction_users_first_transaction_date, transaction_users.status AS transaction_users_status, transaction_users.ban_reason AS transaction_users_ban_reason, transaction_users.created_at AS transaction_users_created_at, transaction_users.updated_at AS transaction_users_updated_at 
FROM transaction_users]
(Background on this error at: https://sqlalche.me/e/20/f405)
2025-11-26 00:02:33,510 WARNING Falling back to random user generation
2025-11-26 00:02:33,513 INFO ✓ RAW sent seq=584 | user=1742534 name=Samantha Juarez amount=$742.47
2025-11-26 00:02:36,016 ERROR Failed to load users from database: (psycopg2.errors.UndefinedTable) relation "transaction_users" does not exist
LINE 2: FROM transaction_users
             ^

[SQL: SELECT transaction_users.id AS transaction_users_id, transaction_users.user_seq AS transaction_users_user_seq, transaction_users.user_name AS transaction_users_user_name, transaction_users.country_code AS transaction_users_country_code, transaction_users.id_type AS transaction_users_id_type, transaction_users.birth_date AS transaction_users_birth_date, transaction_users.register_date AS transaction_users_register_date, transaction_users.first_transaction_date AS transaction_users_first_transaction_date, transaction_users.status AS transaction_users_status, transaction_users.ban_reason AS transaction_users_ban_reason, transaction_users.created_at AS transaction_users_created_at, transaction_users.updated_at AS transaction_users_updated_at 
FROM transaction_users]
(Background on this error at: https://sqlalche.me/e/20/f405)
2025-11-26 00:02:36,016 WARNING Falling back to random user generation
2025-11-26 00:02:36,021 INFO ✓ RAW sent seq=585 | user=4586581 name=Michael Davis amount=$770.72
2025-11-26 00:02:38,525 ERROR Failed to load users from database: (psycopg2.errors.UndefinedTable) relation "transaction_users" does not exist
LINE 2: FROM transaction_users
             ^

[SQL: SELECT transaction_users.id AS transaction_users_id, transaction_users.user_seq AS transaction_users_user_seq, transaction_users.user_name AS transaction_users_user_name, transaction_users.country_code AS transaction_users_country_code, transaction_users.id_type AS transaction_users_id_type, transaction_users.birth_date AS transaction_users_birth_date, transaction_users.register_date AS transaction_users_register_date, transaction_users.first_transaction_date AS transaction_users_first_transaction_date, transaction_users.status AS transaction_users_status, transaction_users.ban_reason AS transaction_users_ban_reason, transaction_users.created_at AS transaction_users_created_at, transaction_users.updated_at AS transaction_users_updated_at 
FROM transaction_users]
(Background on this error at: https://sqlalche.me/e/20/f405)
2025-11-26 00:02:38,525 WARNING Falling back to random user generation
2025-11-26 00:02:38,530 INFO ✓ RAW sent seq=586 | user=7011531 name=Emily Matthews amount=$193.75
2025-11-26 00:02:38,531 ERROR Failed to load users from database: (psycopg2.errors.UndefinedTable) relation "transaction_users" does not exist
LINE 2: FROM transaction_users
             ^

[SQL: SELECT transaction_users.id AS transaction_users_id, transaction_users.user_seq AS transaction_users_user_seq, transaction_users.user_name AS transaction_users_user_name, transaction_users.country_code AS transaction_users_country_code, transaction_users.id_type AS transaction_users_id_type, transaction_users.birth_date AS transaction_users_birth_date, transaction_users.register_date AS transaction_users_register_date, transaction_users.first_transaction_date AS transaction_users_first_transaction_date, transaction_users.status AS transaction_users_status, transaction_users.ban_reason AS transaction_users_ban_reason, transaction_users.created_at AS transaction_users_created_at, transaction_users.updated_at AS transaction_users_updated_at 
FROM transaction_users]
(Background on this error at: https://sqlalche.me/e/20/f405)
2025-11-26 00:02:38,531 WARNING Falling back to random user generation
2025-11-26 00:02:38,533 INFO ✓ RAW sent seq=587 | user=1209155 name=Leslie Pratt amount=$728.31
2025-11-26 00:02:41,036 ERROR Failed to load users from database: (psycopg2.errors.UndefinedTable) relation "transaction_users" does not exist
LINE 2: FROM transaction_users
             ^

[SQL: SELECT transaction_users.id AS transaction_users_id, transaction_users.user_seq AS transaction_users_user_seq, transaction_users.user_name AS transaction_users_user_name, transaction_users.country_code AS transaction_users_country_code, transaction_users.id_type AS transaction_users_id_type, transaction_users.birth_date AS transaction_users_birth_date, transaction_users.register_date AS transaction_users_register_date, transaction_users.first_transaction_date AS transaction_users_first_transaction_date, transaction_users.status AS transaction_users_status, transaction_users.ban_reason AS transaction_users_ban_reason, transaction_users.created_at AS transaction_users_created_at, transaction_users.updated_at AS transaction_users_updated_at 
FROM transaction_users]
(Background on this error at: https://sqlalche.me/e/20/f405)
2025-11-26 00:02:41,037 WARNING Falling back to random user generation
2025-11-26 00:02:41,042 INFO ✓ RAW sent seq=588 | user=9007793 name=Steven Martinez amount=$360.83
2025-11-26 00:02:43,545 ERROR Failed to load users from database: (psycopg2.errors.UndefinedTable) relation "transaction_users" does not exist
LINE 2: FROM transaction_users
             ^

[SQL: SELECT transaction_users.id AS transaction_users_id, transaction_users.user_seq AS transaction_users_user_seq, transaction_users.user_name AS transaction_users_user_name, transaction_users.country_code AS transaction_users_country_code, transaction_users.id_type AS transaction_users_id_type, transaction_users.birth_date AS transaction_users_birth_date, transaction_users.register_date AS transaction_users_register_date, transaction_users.first_transaction_date AS transaction_users_first_transaction_date, transaction_users.status AS transaction_users_status, transaction_users.ban_reason AS transaction_users_ban_reason, transaction_users.created_at AS transaction_users_created_at, transaction_users.updated_at AS transaction_users_updated_at 
FROM transaction_users]
(Background on this error at: https://sqlalche.me/e/20/f405)
2025-11-26 00:02:43,545 WARNING Falling back to random user generation
2025-11-26 00:02:43,549 INFO ✓ RAW sent seq=589 | user=3279506 name=Alexa Cooley amount=$198.68
2025-11-26 00:02:46,052 ERROR Failed to load users from database: (psycopg2.errors.UndefinedTable) relation "transaction_users" does not exist
LINE 2: FROM transaction_users
             ^

[SQL: SELECT transaction_users.id AS transaction_users_id, transaction_users.user_seq AS transaction_users_user_seq, transaction_users.user_name AS transaction_users_user_name, transaction_users.country_code AS transaction_users_country_code, transaction_users.id_type AS transaction_users_id_type, transaction_users.birth_date AS transaction_users_birth_date, transaction_users.register_date AS transaction_users_register_date, transaction_users.first_transaction_date AS transaction_users_first_transaction_date, transaction_users.status AS transaction_users_status, transaction_users.ban_reason AS transaction_users_ban_reason, transaction_users.created_at AS transaction_users_created_at, transaction_users.updated_at AS transaction_users_updated_at 
FROM transaction_users]
(Background on this error at: https://sqlalche.me/e/20/f405)
2025-11-26 00:02:46,052 WARNING Falling back to random user generation
2025-11-26 00:02:46,056 INFO ✓ RAW sent seq=590 | user=7872938 name=Valerie Davis amount=$169.76
2025-11-26 00:02:46,060 ERROR Failed to load users from database: (psycopg2.errors.UndefinedTable) relation "transaction_users" does not exist
LINE 2: FROM transaction_users
             ^

[SQL: SELECT transaction_users.id AS transaction_users_id, transaction_users.user_seq AS transaction_users_user_seq, transaction_users.user_name AS transaction_users_user_name, transaction_users.country_code AS transaction_users_country_code, transaction_users.id_type AS transaction_users_id_type, transaction_users.birth_date AS transaction_users_birth_date, transaction_users.register_date AS transaction_users_register_date, transaction_users.first_transaction_date AS transaction_users_first_transaction_date, transaction_users.status AS transaction_users_status, transaction_users.ban_reason AS transaction_users_ban_reason, transaction_users.created_at AS transaction_users_created_at, transaction_users.updated_at AS transaction_users_updated_at 
FROM transaction_users]
(Background on this error at: https://sqlalche.me/e/20/f405)
2025-11-26 00:02:46,060 WARNING Falling back to random user generation
2025-11-26 00:02:46,062 INFO ✓ RAW sent seq=591 | user=5347108 name=Tiffany Gonzales amount=$727.42
2025-11-26 00:02:48,565 ERROR Failed to load users from database: (psycopg2.errors.UndefinedTable) relation "transaction_users" does not exist
LINE 2: FROM transaction_users
             ^

[SQL: SELECT transaction_users.id AS transaction_users_id, transaction_users.user_seq AS transaction_users_user_seq, transaction_users.user_name AS transaction_users_user_name, transaction_users.country_code AS transaction_users_country_code, transaction_users.id_type AS transaction_users_id_type, transaction_users.birth_date AS transaction_users_birth_date, transaction_users.register_date AS transaction_users_register_date, transaction_users.first_transaction_date AS transaction_users_first_transaction_date, transaction_users.status AS transaction_users_status, transaction_users.ban_reason AS transaction_users_ban_reason, transaction_users.created_at AS transaction_users_created_at, transaction_users.updated_at AS transaction_users_updated_at 
FROM transaction_users]
(Background on this error at: https://sqlalche.me/e/20/f405)
2025-11-26 00:02:48,565 WARNING Falling back to random user generation
2025-11-26 00:02:48,570 INFO ✓ RAW sent seq=592 | user=8549154 name=John Bauer amount=$557.77
2025-11-26 00:02:51,073 ERROR Failed to load users from database: (psycopg2.errors.UndefinedTable) relation "transaction_users" does not exist
LINE 2: FROM transaction_users
             ^

[SQL: SELECT transaction_users.id AS transaction_users_id, transaction_users.user_seq AS transaction_users_user_seq, transaction_users.user_name AS transaction_users_user_name, transaction_users.country_code AS transaction_users_country_code, transaction_users.id_type AS transaction_users_id_type, transaction_users.birth_date AS transaction_users_birth_date, transaction_users.register_date AS transaction_users_register_date, transaction_users.first_transaction_date AS transaction_users_first_transaction_date, transaction_users.status AS transaction_users_status, transaction_users.ban_reason AS transaction_users_ban_reason, transaction_users.created_at AS transaction_users_created_at, transaction_users.updated_at AS transaction_users_updated_at 
FROM transaction_users]
(Background on this error at: https://sqlalche.me/e/20/f405)
2025-11-26 00:02:51,073 WARNING Falling back to random user generation
2025-11-26 00:02:51,079 INFO ✓ RAW sent seq=593 | user=8720654 name=Desiree Murray amount=$71.7
2025-11-26 00:02:51,080 ERROR Failed to load users from database: (psycopg2.errors.UndefinedTable) relation "transaction_users" does not exist
LINE 2: FROM transaction_users
             ^

[SQL: SELECT transaction_users.id AS transaction_users_id, transaction_users.user_seq AS transaction_users_user_seq, transaction_users.user_name AS transaction_users_user_name, transaction_users.country_code AS transaction_users_country_code, transaction_users.id_type AS transaction_users_id_type, transaction_users.birth_date AS transaction_users_birth_date, transaction_users.register_date AS transaction_users_register_date, transaction_users.first_transaction_date AS transaction_users_first_transaction_date, transaction_users.status AS transaction_users_status, transaction_users.ban_reason AS transaction_users_ban_reason, transaction_users.created_at AS transaction_users_created_at, transaction_users.updated_at AS transaction_users_updated_at 
FROM transaction_users]
(Background on this error at: https://sqlalche.me/e/20/f405)
2025-11-26 00:02:51,080 WARNING Falling back to random user generation
2025-11-26 00:02:51,082 INFO ✓ RAW sent seq=594 | user=4575676 name=Tracy Garcia amount=$193.09
2025-11-26 00:02:53,586 ERROR Failed to load users from database: (psycopg2.errors.UndefinedTable) relation "transaction_users" does not exist
LINE 2: FROM transaction_users
             ^

[SQL: SELECT transaction_users.id AS transaction_users_id, transaction_users.user_seq AS transaction_users_user_seq, transaction_users.user_name AS transaction_users_user_name, transaction_users.country_code AS transaction_users_country_code, transaction_users.id_type AS transaction_users_id_type, transaction_users.birth_date AS transaction_users_birth_date, transaction_users.register_date AS transaction_users_register_date, transaction_users.first_transaction_date AS transaction_users_first_transaction_date, transaction_users.status AS transaction_users_status, transaction_users.ban_reason AS transaction_users_ban_reason, transaction_users.created_at AS transaction_users_created_at, transaction_users.updated_at AS transaction_users_updated_at 
FROM transaction_users]
(Background on this error at: https://sqlalche.me/e/20/f405)
2025-11-26 00:02:53,586 WARNING Falling back to random user generation
2025-11-26 00:02:53,591 INFO ✓ RAW sent seq=595 | user=1113013 name=Debbie Marshall amount=$516.6
2025-11-26 00:02:53,593 ERROR Failed to load users from database: (psycopg2.errors.UndefinedTable) relation "transaction_users" does not exist
LINE 2: FROM transaction_users
             ^

[SQL: SELECT transaction_users.id AS transaction_users_id, transaction_users.user_seq AS transaction_users_user_seq, transaction_users.user_name AS transaction_users_user_name, transaction_users.country_code AS transaction_users_country_code, transaction_users.id_type AS transaction_users_id_type, transaction_users.birth_date AS transaction_users_birth_date, transaction_users.register_date AS transaction_users_register_date, transaction_users.first_transaction_date AS transaction_users_first_transaction_date, transaction_users.status AS transaction_users_status, transaction_users.ban_reason AS transaction_users_ban_reason, transaction_users.created_at AS transaction_users_created_at, transaction_users.updated_at AS transaction_users_updated_at 
FROM transaction_users]
(Background on this error at: https://sqlalche.me/e/20/f405)
2025-11-26 00:02:53,594 WARNING Falling back to random user generation
2025-11-26 00:02:53,596 INFO ✓ RAW sent seq=596 | user=8451437 name=Jaclyn Campbell amount=$608.83
2025-11-26 00:02:56,099 ERROR Failed to load users from database: (psycopg2.errors.UndefinedTable) relation "transaction_users" does not exist
LINE 2: FROM transaction_users
             ^

[SQL: SELECT transaction_users.id AS transaction_users_id, transaction_users.user_seq AS transaction_users_user_seq, transaction_users.user_name AS transaction_users_user_name, transaction_users.country_code AS transaction_users_country_code, transaction_users.id_type AS transaction_users_id_type, transaction_users.birth_date AS transaction_users_birth_date, transaction_users.register_date AS transaction_users_register_date, transaction_users.first_transaction_date AS transaction_users_first_transaction_date, transaction_users.status AS transaction_users_status, transaction_users.ban_reason AS transaction_users_ban_reason, transaction_users.created_at AS transaction_users_created_at, transaction_users.updated_at AS transaction_users_updated_at 
FROM transaction_users]
(Background on this error at: https://sqlalche.me/e/20/f405)
2025-11-26 00:02:56,099 WARNING Falling back to random user generation
2025-11-26 00:02:56,104 INFO ✓ RAW sent seq=597 | user=7401354 name=Dennis May amount=$705.77
2025-11-26 00:02:56,106 ERROR Failed to load users from database: (psycopg2.errors.UndefinedTable) relation "transaction_users" does not exist
LINE 2: FROM transaction_users
             ^

[SQL: SELECT transaction_users.id AS transaction_users_id, transaction_users.user_seq AS transaction_users_user_seq, transaction_users.user_name AS transaction_users_user_name, transaction_users.country_code AS transaction_users_country_code, transaction_users.id_type AS transaction_users_id_type, transaction_users.birth_date AS transaction_users_birth_date, transaction_users.register_date AS transaction_users_register_date, transaction_users.first_transaction_date AS transaction_users_first_transaction_date, transaction_users.status AS transaction_users_status, transaction_users.ban_reason AS transaction_users_ban_reason, transaction_users.created_at AS transaction_users_created_at, transaction_users.updated_at AS transaction_users_updated_at 
FROM transaction_users]
(Background on this error at: https://sqlalche.me/e/20/f405)
2025-11-26 00:02:56,106 WARNING Falling back to random user generation
2025-11-26 00:02:56,110 INFO 🚨 FRAUD sent seq=598 type=high_velocity | user=4614291 tx_24h=113 amt_24h=$49497 payment=CRYPTO
2025-11-26 00:02:58,613 ERROR Failed to load users from database: (psycopg2.errors.UndefinedTable) relation "transaction_users" does not exist
LINE 2: FROM transaction_users
             ^

[SQL: SELECT transaction_users.id AS transaction_users_id, transaction_users.user_seq AS transaction_users_user_seq, transaction_users.user_name AS transaction_users_user_name, transaction_users.country_code AS transaction_users_country_code, transaction_users.id_type AS transaction_users_id_type, transaction_users.birth_date AS transaction_users_birth_date, transaction_users.register_date AS transaction_users_register_date, transaction_users.first_transaction_date AS transaction_users_first_transaction_date, transaction_users.status AS transaction_users_status, transaction_users.ban_reason AS transaction_users_ban_reason, transaction_users.created_at AS transaction_users_created_at, transaction_users.updated_at AS transaction_users_updated_at 
FROM transaction_users]
(Background on this error at: https://sqlalche.me/e/20/f405)
2025-11-26 00:02:58,613 WARNING Falling back to random user generation
2025-11-26 00:02:58,617 INFO ✓ RAW sent seq=599 | user=6802611 name=Regina Poole amount=$805.91
2025-11-26 00:02:58,620 ERROR Failed to load users from database: (psycopg2.errors.UndefinedTable) relation "transaction_users" does not exist
LINE 2: FROM transaction_users
             ^

[SQL: SELECT transaction_users.id AS transaction_users_id, transaction_users.user_seq AS transaction_users_user_seq, transaction_users.user_name AS transaction_users_user_name, transaction_users.country_code AS transaction_users_country_code, transaction_users.id_type AS transaction_users_id_type, transaction_users.birth_date AS transaction_users_birth_date, transaction_users.register_date AS transaction_users_register_date, transaction_users.first_transaction_date AS transaction_users_first_transaction_date, transaction_users.status AS transaction_users_status, transaction_users.ban_reason AS transaction_users_ban_reason, transaction_users.created_at AS transaction_users_created_at, transaction_users.updated_at AS transaction_users_updated_at 
FROM transaction_users]
(Background on this error at: https://sqlalche.me/e/20/f405)
2025-11-26 00:02:58,620 WARNING Falling back to random user generation
2025-11-26 00:02:58,623 INFO ✓ RAW sent seq=600 | user=3133891 name=Timothy Wade amount=$299.57
2025-11-26 00:02:58,624 INFO 📊 Stats: 600 total, 91 fraud (15.2%)
2025-11-26 00:03:01,127 ERROR Failed to load users from database: (psycopg2.errors.UndefinedTable) relation "transaction_users" does not exist
LINE 2: FROM transaction_users
             ^

[SQL: SELECT transaction_users.id AS transaction_users_id, transaction_users.user_seq AS transaction_users_user_seq, transaction_users.user_name AS transaction_users_user_name, transaction_users.country_code AS transaction_users_country_code, transaction_users.id_type AS transaction_users_id_type, transaction_users.birth_date AS transaction_users_birth_date, transaction_users.register_date AS transaction_users_register_date, transaction_users.first_transaction_date AS transaction_users_first_transaction_date, transaction_users.status AS transaction_users_status, transaction_users.ban_reason AS transaction_users_ban_reason, transaction_users.created_at AS transaction_users_created_at, transaction_users.updated_at AS transaction_users_updated_at 
FROM transaction_users]
(Background on this error at: https://sqlalche.me/e/20/f405)
2025-11-26 00:03:01,127 WARNING Falling back to random user generation
2025-11-26 00:03:01,132 INFO ✓ RAW sent seq=601 | user=8890733 name=Debbie Boyd amount=$98.27
2025-11-26 00:03:01,135 ERROR Failed to load users from database: (psycopg2.errors.UndefinedTable) relation "transaction_users" does not exist
LINE 2: FROM transaction_users
             ^

[SQL: SELECT transaction_users.id AS transaction_users_id, transaction_users.user_seq AS transaction_users_user_seq, transaction_users.user_name AS transaction_users_user_name, transaction_users.country_code AS transaction_users_country_code, transaction_users.id_type AS transaction_users_id_type, transaction_users.birth_date AS transaction_users_birth_date, transaction_users.register_date AS transaction_users_register_date, transaction_users.first_transaction_date AS transaction_users_first_transaction_date, transaction_users.status AS transaction_users_status, transaction_users.ban_reason AS transaction_users_ban_reason, transaction_users.created_at AS transaction_users_created_at, transaction_users.updated_at AS transaction_users_updated_at 
FROM transaction_users]
(Background on this error at: https://sqlalche.me/e/20/f405)
2025-11-26 00:03:01,135 WARNING Falling back to random user generation
2025-11-26 00:03:01,138 INFO ✓ RAW sent seq=602 | user=4349525 name=Tracey Quinn amount=$621.38
2025-11-26 00:03:03,641 ERROR Failed to load users from database: (psycopg2.errors.UndefinedTable) relation "transaction_users" does not exist
LINE 2: FROM transaction_users
             ^

[SQL: SELECT transaction_users.id AS transaction_users_id, transaction_users.user_seq AS transaction_users_user_seq, transaction_users.user_name AS transaction_users_user_name, transaction_users.country_code AS transaction_users_country_code, transaction_users.id_type AS transaction_users_id_type, transaction_users.birth_date AS transaction_users_birth_date, transaction_users.register_date AS transaction_users_register_date, transaction_users.first_transaction_date AS transaction_users_first_transaction_date, transaction_users.status AS transaction_users_status, transaction_users.ban_reason AS transaction_users_ban_reason, transaction_users.created_at AS transaction_users_created_at, transaction_users.updated_at AS transaction_users_updated_at 
FROM transaction_users]
(Background on this error at: https://sqlalche.me/e/20/f405)
2025-11-26 00:03:03,641 WARNING Falling back to random user generation
2025-11-26 00:03:03,646 INFO ✓ RAW sent seq=603 | user=1153674 name=Daniel Ingram amount=$832.38
2025-11-26 00:03:06,149 ERROR Failed to load users from database: (psycopg2.errors.UndefinedTable) relation "transaction_users" does not exist
LINE 2: FROM transaction_users
             ^

[SQL: SELECT transaction_users.id AS transaction_users_id, transaction_users.user_seq AS transaction_users_user_seq, transaction_users.user_name AS transaction_users_user_name, transaction_users.country_code AS transaction_users_country_code, transaction_users.id_type AS transaction_users_id_type, transaction_users.birth_date AS transaction_users_birth_date, transaction_users.register_date AS transaction_users_register_date, transaction_users.first_transaction_date AS transaction_users_first_transaction_date, transaction_users.status AS transaction_users_status, transaction_users.ban_reason AS transaction_users_ban_reason, transaction_users.created_at AS transaction_users_created_at, transaction_users.updated_at AS transaction_users_updated_at 
FROM transaction_users]
(Background on this error at: https://sqlalche.me/e/20/f405)
2025-11-26 00:03:06,149 WARNING Falling back to random user generation
2025-11-26 00:03:06,154 INFO ✓ RAW sent seq=604 | user=1827894 name=Melissa Meadows amount=$981.44
2025-11-26 00:03:06,158 ERROR Failed to load users from database: (psycopg2.errors.UndefinedTable) relation "transaction_users" does not exist
LINE 2: FROM transaction_users
             ^

[SQL: SELECT transaction_users.id AS transaction_users_id, transaction_users.user_seq AS transaction_users_user_seq, transaction_users.user_name AS transaction_users_user_name, transaction_users.country_code AS transaction_users_country_code, transaction_users.id_type AS transaction_users_id_type, transaction_users.birth_date AS transaction_users_birth_date, transaction_users.register_date AS transaction_users_register_date, transaction_users.first_transaction_date AS transaction_users_first_transaction_date, transaction_users.status AS transaction_users_status, transaction_users.ban_reason AS transaction_users_ban_reason, transaction_users.created_at AS transaction_users_created_at, transaction_users.updated_at AS transaction_users_updated_at 
FROM transaction_users]
(Background on this error at: https://sqlalche.me/e/20/f405)
2025-11-26 00:03:06,158 WARNING Falling back to random user generation
2025-11-26 00:03:06,161 INFO ✓ RAW sent seq=605 | user=1657751 name=Michael Holder amount=$497.63
2025-11-26 00:03:08,664 ERROR Failed to load users from database: (psycopg2.errors.UndefinedTable) relation "transaction_users" does not exist
LINE 2: FROM transaction_users
             ^

[SQL: SELECT transaction_users.id AS transaction_users_id, transaction_users.user_seq AS transaction_users_user_seq, transaction_users.user_name AS transaction_users_user_name, transaction_users.country_code AS transaction_users_country_code, transaction_users.id_type AS transaction_users_id_type, transaction_users.birth_date AS transaction_users_birth_date, transaction_users.register_date AS transaction_users_register_date, transaction_users.first_transaction_date AS transaction_users_first_transaction_date, transaction_users.status AS transaction_users_status, transaction_users.ban_reason AS transaction_users_ban_reason, transaction_users.created_at AS transaction_users_created_at, transaction_users.updated_at AS transaction_users_updated_at 
FROM transaction_users]
(Background on this error at: https://sqlalche.me/e/20/f405)
2025-11-26 00:03:08,664 WARNING Falling back to random user generation
2025-11-26 00:03:08,669 INFO ✓ RAW sent seq=606 | user=2340776 name=Jesse Wolf amount=$496.16
2025-11-26 00:03:11,172 ERROR Failed to load users from database: (psycopg2.errors.UndefinedTable) relation "transaction_users" does not exist
LINE 2: FROM transaction_users
             ^

[SQL: SELECT transaction_users.id AS transaction_users_id, transaction_users.user_seq AS transaction_users_user_seq, transaction_users.user_name AS transaction_users_user_name, transaction_users.country_code AS transaction_users_country_code, transaction_users.id_type AS transaction_users_id_type, transaction_users.birth_date AS transaction_users_birth_date, transaction_users.register_date AS transaction_users_register_date, transaction_users.first_transaction_date AS transaction_users_first_transaction_date, transaction_users.status AS transaction_users_status, transaction_users.ban_reason AS transaction_users_ban_reason, transaction_users.created_at AS transaction_users_created_at, transaction_users.updated_at AS transaction_users_updated_at 
FROM transaction_users]
(Background on this error at: https://sqlalche.me/e/20/f405)
2025-11-26 00:03:11,172 WARNING Falling back to random user generation
2025-11-26 00:03:11,177 INFO ✓ RAW sent seq=607 | user=8195052 name=Sandra Little amount=$613.48
2025-11-26 00:03:11,179 ERROR Failed to load users from database: (psycopg2.errors.UndefinedTable) relation "transaction_users" does not exist
LINE 2: FROM transaction_users
             ^

[SQL: SELECT transaction_users.id AS transaction_users_id, transaction_users.user_seq AS transaction_users_user_seq, transaction_users.user_name AS transaction_users_user_name, transaction_users.country_code AS transaction_users_country_code, transaction_users.id_type AS transaction_users_id_type, transaction_users.birth_date AS transaction_users_birth_date, transaction_users.register_date AS transaction_users_register_date, transaction_users.first_transaction_date AS transaction_users_first_transaction_date, transaction_users.status AS transaction_users_status, transaction_users.ban_reason AS transaction_users_ban_reason, transaction_users.created_at AS transaction_users_created_at, transaction_users.updated_at AS transaction_users_updated_at 
FROM transaction_users]
(Background on this error at: https://sqlalche.me/e/20/f405)
2025-11-26 00:03:11,179 WARNING Falling back to random user generation
2025-11-26 00:03:11,182 INFO ✓ RAW sent seq=608 | user=2962479 name=Juan Jenkins amount=$819.18
2025-11-26 00:03:13,685 ERROR Failed to load users from database: (psycopg2.errors.UndefinedTable) relation "transaction_users" does not exist
LINE 2: FROM transaction_users
             ^

[SQL: SELECT transaction_users.id AS transaction_users_id, transaction_users.user_seq AS transaction_users_user_seq, transaction_users.user_name AS transaction_users_user_name, transaction_users.country_code AS transaction_users_country_code, transaction_users.id_type AS transaction_users_id_type, transaction_users.birth_date AS transaction_users_birth_date, transaction_users.register_date AS transaction_users_register_date, transaction_users.first_transaction_date AS transaction_users_first_transaction_date, transaction_users.status AS transaction_users_status, transaction_users.ban_reason AS transaction_users_ban_reason, transaction_users.created_at AS transaction_users_created_at, transaction_users.updated_at AS transaction_users_updated_at 
FROM transaction_users]
(Background on this error at: https://sqlalche.me/e/20/f405)
2025-11-26 00:03:13,685 WARNING Falling back to random user generation
2025-11-26 00:03:13,690 INFO ✓ RAW sent seq=609 | user=4574107 name=Amy Gallegos amount=$552.41
2025-11-26 00:03:13,691 ERROR Failed to load users from database: (psycopg2.errors.UndefinedTable) relation "transaction_users" does not exist
LINE 2: FROM transaction_users
             ^

[SQL: SELECT transaction_users.id AS transaction_users_id, transaction_users.user_seq AS transaction_users_user_seq, transaction_users.user_name AS transaction_users_user_name, transaction_users.country_code AS transaction_users_country_code, transaction_users.id_type AS transaction_users_id_type, transaction_users.birth_date AS transaction_users_birth_date, transaction_users.register_date AS transaction_users_register_date, transaction_users.first_transaction_date AS transaction_users_first_transaction_date, transaction_users.status AS transaction_users_status, transaction_users.ban_reason AS transaction_users_ban_reason, transaction_users.created_at AS transaction_users_created_at, transaction_users.updated_at AS transaction_users_updated_at 
FROM transaction_users]
(Background on this error at: https://sqlalche.me/e/20/f405)
2025-11-26 00:03:13,691 WARNING Falling back to random user generation
2025-11-26 00:03:13,695 INFO ✓ RAW sent seq=610 | user=9649185 name=Robert Olson amount=$431.58
2025-11-26 00:03:16,198 ERROR Failed to load users from database: (psycopg2.errors.UndefinedTable) relation "transaction_users" does not exist
LINE 2: FROM transaction_users
             ^

[SQL: SELECT transaction_users.id AS transaction_users_id, transaction_users.user_seq AS transaction_users_user_seq, transaction_users.user_name AS transaction_users_user_name, transaction_users.country_code AS transaction_users_country_code, transaction_users.id_type AS transaction_users_id_type, transaction_users.birth_date AS transaction_users_birth_date, transaction_users.register_date AS transaction_users_register_date, transaction_users.first_transaction_date AS transaction_users_first_transaction_date, transaction_users.status AS transaction_users_status, transaction_users.ban_reason AS transaction_users_ban_reason, transaction_users.created_at AS transaction_users_created_at, transaction_users.updated_at AS transaction_users_updated_at 
FROM transaction_users]
(Background on this error at: https://sqlalche.me/e/20/f405)
2025-11-26 00:03:16,198 WARNING Falling back to random user generation
2025-11-26 00:03:16,203 INFO ✓ RAW sent seq=611 | user=9351274 name=Brittany Bell amount=$705.21
2025-11-26 00:03:16,205 ERROR Failed to load users from database: (psycopg2.errors.UndefinedTable) relation "transaction_users" does not exist
LINE 2: FROM transaction_users
             ^

[SQL: SELECT transaction_users.id AS transaction_users_id, transaction_users.user_seq AS transaction_users_user_seq, transaction_users.user_name AS transaction_users_user_name, transaction_users.country_code AS transaction_users_country_code, transaction_users.id_type AS transaction_users_id_type, transaction_users.birth_date AS transaction_users_birth_date, transaction_users.register_date AS transaction_users_register_date, transaction_users.first_transaction_date AS transaction_users_first_transaction_date, transaction_users.status AS transaction_users_status, transaction_users.ban_reason AS transaction_users_ban_reason, transaction_users.created_at AS transaction_users_created_at, transaction_users.updated_at AS transaction_users_updated_at 
FROM transaction_users]
(Background on this error at: https://sqlalche.me/e/20/f405)
2025-11-26 00:03:16,205 WARNING Falling back to random user generation
2025-11-26 00:03:16,208 INFO ✓ RAW sent seq=612 | user=6488827 name=Lori Garcia amount=$142.12
2025-11-26 00:03:18,711 ERROR Failed to load users from database: (psycopg2.errors.UndefinedTable) relation "transaction_users" does not exist
LINE 2: FROM transaction_users
             ^

[SQL: SELECT transaction_users.id AS transaction_users_id, transaction_users.user_seq AS transaction_users_user_seq, transaction_users.user_name AS transaction_users_user_name, transaction_users.country_code AS transaction_users_country_code, transaction_users.id_type AS transaction_users_id_type, transaction_users.birth_date AS transaction_users_birth_date, transaction_users.register_date AS transaction_users_register_date, transaction_users.first_transaction_date AS transaction_users_first_transaction_date, transaction_users.status AS transaction_users_status, transaction_users.ban_reason AS transaction_users_ban_reason, transaction_users.created_at AS transaction_users_created_at, transaction_users.updated_at AS transaction_users_updated_at 
FROM transaction_users]
(Background on this error at: https://sqlalche.me/e/20/f405)
2025-11-26 00:03:18,712 WARNING Falling back to random user generation
2025-11-26 00:03:18,717 INFO ✓ RAW sent seq=613 | user=5979719 name=Matthew Harris amount=$781.9
2025-11-26 00:03:21,220 ERROR Failed to load users from database: (psycopg2.errors.UndefinedTable) relation "transaction_users" does not exist
LINE 2: FROM transaction_users
             ^

[SQL: SELECT transaction_users.id AS transaction_users_id, transaction_users.user_seq AS transaction_users_user_seq, transaction_users.user_name AS transaction_users_user_name, transaction_users.country_code AS transaction_users_country_code, transaction_users.id_type AS transaction_users_id_type, transaction_users.birth_date AS transaction_users_birth_date, transaction_users.register_date AS transaction_users_register_date, transaction_users.first_transaction_date AS transaction_users_first_transaction_date, transaction_users.status AS transaction_users_status, transaction_users.ban_reason AS transaction_users_ban_reason, transaction_users.created_at AS transaction_users_created_at, transaction_users.updated_at AS transaction_users_updated_at 
FROM transaction_users]
(Background on this error at: https://sqlalche.me/e/20/f405)
2025-11-26 00:03:21,220 WARNING Falling back to random user generation
2025-11-26 00:03:21,223 INFO ✓ RAW sent seq=614 | user=7184354 name=Cassandra Davies amount=$76.72
2025-11-26 00:03:21,224 ERROR Failed to load users from database: (psycopg2.errors.UndefinedTable) relation "transaction_users" does not exist
LINE 2: FROM transaction_users
             ^

[SQL: SELECT transaction_users.id AS transaction_users_id, transaction_users.user_seq AS transaction_users_user_seq, transaction_users.user_name AS transaction_users_user_name, transaction_users.country_code AS transaction_users_country_code, transaction_users.id_type AS transaction_users_id_type, transaction_users.birth_date AS transaction_users_birth_date, transaction_users.register_date AS transaction_users_register_date, transaction_users.first_transaction_date AS transaction_users_first_transaction_date, transaction_users.status AS transaction_users_status, transaction_users.ban_reason AS transaction_users_ban_reason, transaction_users.created_at AS transaction_users_created_at, transaction_users.updated_at AS transaction_users_updated_at 
FROM transaction_users]
(Background on this error at: https://sqlalche.me/e/20/f405)
2025-11-26 00:03:21,224 WARNING Falling back to random user generation
2025-11-26 00:03:21,227 INFO ✓ RAW sent seq=615 | user=5568258 name=Stephanie Baxter amount=$39.17
2025-11-26 00:03:23,730 ERROR Failed to load users from database: (psycopg2.errors.UndefinedTable) relation "transaction_users" does not exist
LINE 2: FROM transaction_users
             ^

[SQL: SELECT transaction_users.id AS transaction_users_id, transaction_users.user_seq AS transaction_users_user_seq, transaction_users.user_name AS transaction_users_user_name, transaction_users.country_code AS transaction_users_country_code, transaction_users.id_type AS transaction_users_id_type, transaction_users.birth_date AS transaction_users_birth_date, transaction_users.register_date AS transaction_users_register_date, transaction_users.first_transaction_date AS transaction_users_first_transaction_date, transaction_users.status AS transaction_users_status, transaction_users.ban_reason AS transaction_users_ban_reason, transaction_users.created_at AS transaction_users_created_at, transaction_users.updated_at AS transaction_users_updated_at 
FROM transaction_users]
(Background on this error at: https://sqlalche.me/e/20/f405)
2025-11-26 00:03:23,730 WARNING Falling back to random user generation
2025-11-26 00:03:23,735 INFO ✓ RAW sent seq=616 | user=8783368 name=Kenneth Hendricks amount=$966.78
2025-11-26 00:03:26,238 ERROR Failed to load users from database: (psycopg2.errors.UndefinedTable) relation "transaction_users" does not exist
LINE 2: FROM transaction_users
             ^

[SQL: SELECT transaction_users.id AS transaction_users_id, transaction_users.user_seq AS transaction_users_user_seq, transaction_users.user_name AS transaction_users_user_name, transaction_users.country_code AS transaction_users_country_code, transaction_users.id_type AS transaction_users_id_type, transaction_users.birth_date AS transaction_users_birth_date, transaction_users.register_date AS transaction_users_register_date, transaction_users.first_transaction_date AS transaction_users_first_transaction_date, transaction_users.status AS transaction_users_status, transaction_users.ban_reason AS transaction_users_ban_reason, transaction_users.created_at AS transaction_users_created_at, transaction_users.updated_at AS transaction_users_updated_at 
FROM transaction_users]
(Background on this error at: https://sqlalche.me/e/20/f405)
2025-11-26 00:03:26,238 WARNING Falling back to random user generation
2025-11-26 00:03:26,243 INFO 🚨 FRAUD sent seq=617 type=cross_border | user=3908835 tx_24h=30 amt_24h=$21107 payment=WALLET
2025-11-26 00:03:26,244 ERROR Failed to load users from database: (psycopg2.errors.UndefinedTable) relation "transaction_users" does not exist
LINE 2: FROM transaction_users
             ^

[SQL: SELECT transaction_users.id AS transaction_users_id, transaction_users.user_seq AS transaction_users_user_seq, transaction_users.user_name AS transaction_users_user_name, transaction_users.country_code AS transaction_users_country_code, transaction_users.id_type AS transaction_users_id_type, transaction_users.birth_date AS transaction_users_birth_date, transaction_users.register_date AS transaction_users_register_date, transaction_users.first_transaction_date AS transaction_users_first_transaction_date, transaction_users.status AS transaction_users_status, transaction_users.ban_reason AS transaction_users_ban_reason, transaction_users.created_at AS transaction_users_created_at, transaction_users.updated_at AS transaction_users_updated_at 
FROM transaction_users]
(Background on this error at: https://sqlalche.me/e/20/f405)
2025-11-26 00:03:26,244 WARNING Falling back to random user generation
2025-11-26 00:03:26,248 INFO ✓ RAW sent seq=618 | user=5445369 name=Robert Russell amount=$417.24
2025-11-26 00:03:28,751 ERROR Failed to load users from database: (psycopg2.errors.UndefinedTable) relation "transaction_users" does not exist
LINE 2: FROM transaction_users
             ^

[SQL: SELECT transaction_users.id AS transaction_users_id, transaction_users.user_seq AS transaction_users_user_seq, transaction_users.user_name AS transaction_users_user_name, transaction_users.country_code AS transaction_users_country_code, transaction_users.id_type AS transaction_users_id_type, transaction_users.birth_date AS transaction_users_birth_date, transaction_users.register_date AS transaction_users_register_date, transaction_users.first_transaction_date AS transaction_users_first_transaction_date, transaction_users.status AS transaction_users_status, transaction_users.ban_reason AS transaction_users_ban_reason, transaction_users.created_at AS transaction_users_created_at, transaction_users.updated_at AS transaction_users_updated_at 
FROM transaction_users]
(Background on this error at: https://sqlalche.me/e/20/f405)
2025-11-26 00:03:28,751 WARNING Falling back to random user generation
2025-11-26 00:03:28,756 INFO ✓ RAW sent seq=619 | user=7928184 name=Daniel Hernandez amount=$554.32
2025-11-26 00:03:31,260 ERROR Failed to load users from database: (psycopg2.errors.UndefinedTable) relation "transaction_users" does not exist
LINE 2: FROM transaction_users
             ^

[SQL: SELECT transaction_users.id AS transaction_users_id, transaction_users.user_seq AS transaction_users_user_seq, transaction_users.user_name AS transaction_users_user_name, transaction_users.country_code AS transaction_users_country_code, transaction_users.id_type AS transaction_users_id_type, transaction_users.birth_date AS transaction_users_birth_date, transaction_users.register_date AS transaction_users_register_date, transaction_users.first_transaction_date AS transaction_users_first_transaction_date, transaction_users.status AS transaction_users_status, transaction_users.ban_reason AS transaction_users_ban_reason, transaction_users.created_at AS transaction_users_created_at, transaction_users.updated_at AS transaction_users_updated_at 
FROM transaction_users]
(Background on this error at: https://sqlalche.me/e/20/f405)
2025-11-26 00:03:31,261 WARNING Falling back to random user generation
2025-11-26 00:03:31,265 INFO ✓ RAW sent seq=620 | user=5113752 name=Ian Johnson amount=$447.27
2025-11-26 00:03:33,769 ERROR Failed to load users from database: (psycopg2.errors.UndefinedTable) relation "transaction_users" does not exist
LINE 2: FROM transaction_users
             ^

[SQL: SELECT transaction_users.id AS transaction_users_id, transaction_users.user_seq AS transaction_users_user_seq, transaction_users.user_name AS transaction_users_user_name, transaction_users.country_code AS transaction_users_country_code, transaction_users.id_type AS transaction_users_id_type, transaction_users.birth_date AS transaction_users_birth_date, transaction_users.register_date AS transaction_users_register_date, transaction_users.first_transaction_date AS transaction_users_first_transaction_date, transaction_users.status AS transaction_users_status, transaction_users.ban_reason AS transaction_users_ban_reason, transaction_users.created_at AS transaction_users_created_at, transaction_users.updated_at AS transaction_users_updated_at 
FROM transaction_users]
(Background on this error at: https://sqlalche.me/e/20/f405)
2025-11-26 00:03:33,769 WARNING Falling back to random user generation
2025-11-26 00:03:33,774 INFO ✓ RAW sent seq=621 | user=2959273 name=Amy Lynch amount=$540.73
2025-11-26 00:03:36,277 ERROR Failed to load users from database: (psycopg2.errors.UndefinedTable) relation "transaction_users" does not exist
LINE 2: FROM transaction_users
             ^

[SQL: SELECT transaction_users.id AS transaction_users_id, transaction_users.user_seq AS transaction_users_user_seq, transaction_users.user_name AS transaction_users_user_name, transaction_users.country_code AS transaction_users_country_code, transaction_users.id_type AS transaction_users_id_type, transaction_users.birth_date AS transaction_users_birth_date, transaction_users.register_date AS transaction_users_register_date, transaction_users.first_transaction_date AS transaction_users_first_transaction_date, transaction_users.status AS transaction_users_status, transaction_users.ban_reason AS transaction_users_ban_reason, transaction_users.created_at AS transaction_users_created_at, transaction_users.updated_at AS transaction_users_updated_at 
FROM transaction_users]
(Background on this error at: https://sqlalche.me/e/20/f405)
2025-11-26 00:03:36,277 WARNING Falling back to random user generation
2025-11-26 00:03:36,281 INFO ✓ RAW sent seq=622 | user=8721792 name=Shirley Clay amount=$988.04
2025-11-26 00:03:36,282 ERROR Failed to load users from database: (psycopg2.errors.UndefinedTable) relation "transaction_users" does not exist
LINE 2: FROM transaction_users
             ^

[SQL: SELECT transaction_users.id AS transaction_users_id, transaction_users.user_seq AS transaction_users_user_seq, transaction_users.user_name AS transaction_users_user_name, transaction_users.country_code AS transaction_users_country_code, transaction_users.id_type AS transaction_users_id_type, transaction_users.birth_date AS transaction_users_birth_date, transaction_users.register_date AS transaction_users_register_date, transaction_users.first_transaction_date AS transaction_users_first_transaction_date, transaction_users.status AS transaction_users_status, transaction_users.ban_reason AS transaction_users_ban_reason, transaction_users.created_at AS transaction_users_created_at, transaction_users.updated_at AS transaction_users_updated_at 
FROM transaction_users]
(Background on this error at: https://sqlalche.me/e/20/f405)
2025-11-26 00:03:36,282 WARNING Falling back to random user generation
2025-11-26 00:03:36,285 INFO 🚨 FRAUD sent seq=623 type=large_amount | user=6707397 tx_24h=1 amt_24h=$44707 payment=BANK
2025-11-26 00:03:38,789 ERROR Failed to load users from database: (psycopg2.errors.UndefinedTable) relation "transaction_users" does not exist
LINE 2: FROM transaction_users
             ^

[SQL: SELECT transaction_users.id AS transaction_users_id, transaction_users.user_seq AS transaction_users_user_seq, transaction_users.user_name AS transaction_users_user_name, transaction_users.country_code AS transaction_users_country_code, transaction_users.id_type AS transaction_users_id_type, transaction_users.birth_date AS transaction_users_birth_date, transaction_users.register_date AS transaction_users_register_date, transaction_users.first_transaction_date AS transaction_users_first_transaction_date, transaction_users.status AS transaction_users_status, transaction_users.ban_reason AS transaction_users_ban_reason, transaction_users.created_at AS transaction_users_created_at, transaction_users.updated_at AS transaction_users_updated_at 
FROM transaction_users]
(Background on this error at: https://sqlalche.me/e/20/f405)
2025-11-26 00:03:38,789 WARNING Falling back to random user generation
2025-11-26 00:03:38,793 INFO ✓ RAW sent seq=624 | user=3207603 name=Alexander Rosales amount=$384.55
2025-11-26 00:03:41,297 ERROR Failed to load users from database: (psycopg2.errors.UndefinedTable) relation "transaction_users" does not exist
LINE 2: FROM transaction_users
             ^

[SQL: SELECT transaction_users.id AS transaction_users_id, transaction_users.user_seq AS transaction_users_user_seq, transaction_users.user_name AS transaction_users_user_name, transaction_users.country_code AS transaction_users_country_code, transaction_users.id_type AS transaction_users_id_type, transaction_users.birth_date AS transaction_users_birth_date, transaction_users.register_date AS transaction_users_register_date, transaction_users.first_transaction_date AS transaction_users_first_transaction_date, transaction_users.status AS transaction_users_status, transaction_users.ban_reason AS transaction_users_ban_reason, transaction_users.created_at AS transaction_users_created_at, transaction_users.updated_at AS transaction_users_updated_at 
FROM transaction_users]
(Background on this error at: https://sqlalche.me/e/20/f405)
2025-11-26 00:03:41,297 WARNING Falling back to random user generation
2025-11-26 00:03:41,302 INFO ✓ RAW sent seq=625 | user=5398302 name=Jason Smith amount=$892.98
2025-11-26 00:03:41,305 ERROR Failed to load users from database: (psycopg2.errors.UndefinedTable) relation "transaction_users" does not exist
LINE 2: FROM transaction_users
             ^

[SQL: SELECT transaction_users.id AS transaction_users_id, transaction_users.user_seq AS transaction_users_user_seq, transaction_users.user_name AS transaction_users_user_name, transaction_users.country_code AS transaction_users_country_code, transaction_users.id_type AS transaction_users_id_type, transaction_users.birth_date AS transaction_users_birth_date, transaction_users.register_date AS transaction_users_register_date, transaction_users.first_transaction_date AS transaction_users_first_transaction_date, transaction_users.status AS transaction_users_status, transaction_users.ban_reason AS transaction_users_ban_reason, transaction_users.created_at AS transaction_users_created_at, transaction_users.updated_at AS transaction_users_updated_at 
FROM transaction_users]
(Background on this error at: https://sqlalche.me/e/20/f405)
2025-11-26 00:03:41,305 WARNING Falling back to random user generation
2025-11-26 00:03:41,308 INFO ✓ RAW sent seq=626 | user=5904288 name=Thomas Anderson amount=$913.78
2025-11-26 00:03:43,812 ERROR Failed to load users from database: (psycopg2.errors.UndefinedTable) relation "transaction_users" does not exist
LINE 2: FROM transaction_users
             ^

[SQL: SELECT transaction_users.id AS transaction_users_id, transaction_users.user_seq AS transaction_users_user_seq, transaction_users.user_name AS transaction_users_user_name, transaction_users.country_code AS transaction_users_country_code, transaction_users.id_type AS transaction_users_id_type, transaction_users.birth_date AS transaction_users_birth_date, transaction_users.register_date AS transaction_users_register_date, transaction_users.first_transaction_date AS transaction_users_first_transaction_date, transaction_users.status AS transaction_users_status, transaction_users.ban_reason AS transaction_users_ban_reason, transaction_users.created_at AS transaction_users_created_at, transaction_users.updated_at AS transaction_users_updated_at 
FROM transaction_users]
(Background on this error at: https://sqlalche.me/e/20/f405)
2025-11-26 00:03:43,812 WARNING Falling back to random user generation
2025-11-26 00:03:43,816 INFO 🚨 FRAUD sent seq=627 type=crypto_suspicious | user=7233298 tx_24h=52 amt_24h=$36907 payment=CRYPTO
2025-11-26 00:03:43,818 ERROR Failed to load users from database: (psycopg2.errors.UndefinedTable) relation "transaction_users" does not exist
LINE 2: FROM transaction_users
             ^

[SQL: SELECT transaction_users.id AS transaction_users_id, transaction_users.user_seq AS transaction_users_user_seq, transaction_users.user_name AS transaction_users_user_name, transaction_users.country_code AS transaction_users_country_code, transaction_users.id_type AS transaction_users_id_type, transaction_users.birth_date AS transaction_users_birth_date, transaction_users.register_date AS transaction_users_register_date, transaction_users.first_transaction_date AS transaction_users_first_transaction_date, transaction_users.status AS transaction_users_status, transaction_users.ban_reason AS transaction_users_ban_reason, transaction_users.created_at AS transaction_users_created_at, transaction_users.updated_at AS transaction_users_updated_at 
FROM transaction_users]
(Background on this error at: https://sqlalche.me/e/20/f405)
2025-11-26 00:03:43,818 WARNING Falling back to random user generation
2025-11-26 00:03:43,822 INFO 🚨 FRAUD sent seq=628 type=crypto_suspicious | user=2081137 tx_24h=84 amt_24h=$44847 payment=CRYPTO
2025-11-26 00:03:46,325 ERROR Failed to load users from database: (psycopg2.errors.UndefinedTable) relation "transaction_users" does not exist
LINE 2: FROM transaction_users
             ^

[SQL: SELECT transaction_users.id AS transaction_users_id, transaction_users.user_seq AS transaction_users_user_seq, transaction_users.user_name AS transaction_users_user_name, transaction_users.country_code AS transaction_users_country_code, transaction_users.id_type AS transaction_users_id_type, transaction_users.birth_date AS transaction_users_birth_date, transaction_users.register_date AS transaction_users_register_date, transaction_users.first_transaction_date AS transaction_users_first_transaction_date, transaction_users.status AS transaction_users_status, transaction_users.ban_reason AS transaction_users_ban_reason, transaction_users.created_at AS transaction_users_created_at, transaction_users.updated_at AS transaction_users_updated_at 
FROM transaction_users]
(Background on this error at: https://sqlalche.me/e/20/f405)
2025-11-26 00:03:46,326 WARNING Falling back to random user generation
2025-11-26 00:03:46,329 INFO ✓ RAW sent seq=629 | user=5497325 name=Eric Harper amount=$436.85
2025-11-26 00:03:48,832 ERROR Failed to load users from database: (psycopg2.errors.UndefinedTable) relation "transaction_users" does not exist
LINE 2: FROM transaction_users
             ^

[SQL: SELECT transaction_users.id AS transaction_users_id, transaction_users.user_seq AS transaction_users_user_seq, transaction_users.user_name AS transaction_users_user_name, transaction_users.country_code AS transaction_users_country_code, transaction_users.id_type AS transaction_users_id_type, transaction_users.birth_date AS transaction_users_birth_date, transaction_users.register_date AS transaction_users_register_date, transaction_users.first_transaction_date AS transaction_users_first_transaction_date, transaction_users.status AS transaction_users_status, transaction_users.ban_reason AS transaction_users_ban_reason, transaction_users.created_at AS transaction_users_created_at, transaction_users.updated_at AS transaction_users_updated_at 
FROM transaction_users]
(Background on this error at: https://sqlalche.me/e/20/f405)
2025-11-26 00:03:48,833 WARNING Falling back to random user generation
2025-11-26 00:03:48,838 INFO ✓ RAW sent seq=630 | user=5437609 name=Kristen Brady amount=$939.05
2025-11-26 00:03:51,342 ERROR Failed to load users from database: (psycopg2.errors.UndefinedTable) relation "transaction_users" does not exist
LINE 2: FROM transaction_users
             ^

[SQL: SELECT transaction_users.id AS transaction_users_id, transaction_users.user_seq AS transaction_users_user_seq, transaction_users.user_name AS transaction_users_user_name, transaction_users.country_code AS transaction_users_country_code, transaction_users.id_type AS transaction_users_id_type, transaction_users.birth_date AS transaction_users_birth_date, transaction_users.register_date AS transaction_users_register_date, transaction_users.first_transaction_date AS transaction_users_first_transaction_date, transaction_users.status AS transaction_users_status, transaction_users.ban_reason AS transaction_users_ban_reason, transaction_users.created_at AS transaction_users_created_at, transaction_users.updated_at AS transaction_users_updated_at 
FROM transaction_users]
(Background on this error at: https://sqlalche.me/e/20/f405)
2025-11-26 00:03:51,342 WARNING Falling back to random user generation
2025-11-26 00:03:51,346 INFO ✓ RAW sent seq=631 | user=7468245 name=Christina Sweeney amount=$809.6
2025-11-26 00:03:53,849 ERROR Failed to load users from database: (psycopg2.errors.UndefinedTable) relation "transaction_users" does not exist
LINE 2: FROM transaction_users
             ^

[SQL: SELECT transaction_users.id AS transaction_users_id, transaction_users.user_seq AS transaction_users_user_seq, transaction_users.user_name AS transaction_users_user_name, transaction_users.country_code AS transaction_users_country_code, transaction_users.id_type AS transaction_users_id_type, transaction_users.birth_date AS transaction_users_birth_date, transaction_users.register_date AS transaction_users_register_date, transaction_users.first_transaction_date AS transaction_users_first_transaction_date, transaction_users.status AS transaction_users_status, transaction_users.ban_reason AS transaction_users_ban_reason, transaction_users.created_at AS transaction_users_created_at, transaction_users.updated_at AS transaction_users_updated_at 
FROM transaction_users]
(Background on this error at: https://sqlalche.me/e/20/f405)
2025-11-26 00:03:53,850 WARNING Falling back to random user generation
2025-11-26 00:03:53,854 INFO ✓ RAW sent seq=632 | user=4266693 name=Justin Rogers amount=$704.38
2025-11-26 00:03:56,357 ERROR Failed to load users from database: (psycopg2.errors.UndefinedTable) relation "transaction_users" does not exist
LINE 2: FROM transaction_users
             ^

[SQL: SELECT transaction_users.id AS transaction_users_id, transaction_users.user_seq AS transaction_users_user_seq, transaction_users.user_name AS transaction_users_user_name, transaction_users.country_code AS transaction_users_country_code, transaction_users.id_type AS transaction_users_id_type, transaction_users.birth_date AS transaction_users_birth_date, transaction_users.register_date AS transaction_users_register_date, transaction_users.first_transaction_date AS transaction_users_first_transaction_date, transaction_users.status AS transaction_users_status, transaction_users.ban_reason AS transaction_users_ban_reason, transaction_users.created_at AS transaction_users_created_at, transaction_users.updated_at AS transaction_users_updated_at 
FROM transaction_users]
(Background on this error at: https://sqlalche.me/e/20/f405)
2025-11-26 00:03:56,357 WARNING Falling back to random user generation
2025-11-26 00:03:56,362 INFO ✓ RAW sent seq=633 | user=5387975 name=Monica Austin amount=$341.54
2025-11-26 00:03:56,364 ERROR Failed to load users from database: (psycopg2.errors.UndefinedTable) relation "transaction_users" does not exist
LINE 2: FROM transaction_users
             ^

[SQL: SELECT transaction_users.id AS transaction_users_id, transaction_users.user_seq AS transaction_users_user_seq, transaction_users.user_name AS transaction_users_user_name, transaction_users.country_code AS transaction_users_country_code, transaction_users.id_type AS transaction_users_id_type, transaction_users.birth_date AS transaction_users_birth_date, transaction_users.register_date AS transaction_users_register_date, transaction_users.first_transaction_date AS transaction_users_first_transaction_date, transaction_users.status AS transaction_users_status, transaction_users.ban_reason AS transaction_users_ban_reason, transaction_users.created_at AS transaction_users_created_at, transaction_users.updated_at AS transaction_users_updated_at 
FROM transaction_users]
(Background on this error at: https://sqlalche.me/e/20/f405)
2025-11-26 00:03:56,364 WARNING Falling back to random user generation
2025-11-26 00:03:56,367 INFO ✓ RAW sent seq=634 | user=8993156 name=Catherine Lozano amount=$501.85
2025-11-26 00:03:58,869 ERROR Failed to load users from database: (psycopg2.errors.UndefinedTable) relation "transaction_users" does not exist
LINE 2: FROM transaction_users
             ^

[SQL: SELECT transaction_users.id AS transaction_users_id, transaction_users.user_seq AS transaction_users_user_seq, transaction_users.user_name AS transaction_users_user_name, transaction_users.country_code AS transaction_users_country_code, transaction_users.id_type AS transaction_users_id_type, transaction_users.birth_date AS transaction_users_birth_date, transaction_users.register_date AS transaction_users_register_date, transaction_users.first_transaction_date AS transaction_users_first_transaction_date, transaction_users.status AS transaction_users_status, transaction_users.ban_reason AS transaction_users_ban_reason, transaction_users.created_at AS transaction_users_created_at, transaction_users.updated_at AS transaction_users_updated_at 
FROM transaction_users]
(Background on this error at: https://sqlalche.me/e/20/f405)
2025-11-26 00:03:58,869 WARNING Falling back to random user generation
2025-11-26 00:03:58,874 INFO ✓ RAW sent seq=635 | user=5391030 name=John Watson amount=$805.28
2025-11-26 00:04:01,377 ERROR Failed to load users from database: (psycopg2.errors.UndefinedTable) relation "transaction_users" does not exist
LINE 2: FROM transaction_users
             ^

[SQL: SELECT transaction_users.id AS transaction_users_id, transaction_users.user_seq AS transaction_users_user_seq, transaction_users.user_name AS transaction_users_user_name, transaction_users.country_code AS transaction_users_country_code, transaction_users.id_type AS transaction_users_id_type, transaction_users.birth_date AS transaction_users_birth_date, transaction_users.register_date AS transaction_users_register_date, transaction_users.first_transaction_date AS transaction_users_first_transaction_date, transaction_users.status AS transaction_users_status, transaction_users.ban_reason AS transaction_users_ban_reason, transaction_users.created_at AS transaction_users_created_at, transaction_users.updated_at AS transaction_users_updated_at 
FROM transaction_users]
(Background on this error at: https://sqlalche.me/e/20/f405)
2025-11-26 00:04:01,377 WARNING Falling back to random user generation
2025-11-26 00:04:01,382 INFO ✓ RAW sent seq=636 | user=1635720 name=Benjamin Miller amount=$824.28
2025-11-26 00:04:01,384 ERROR Failed to load users from database: (psycopg2.errors.UndefinedTable) relation "transaction_users" does not exist
LINE 2: FROM transaction_users
             ^

[SQL: SELECT transaction_users.id AS transaction_users_id, transaction_users.user_seq AS transaction_users_user_seq, transaction_users.user_name AS transaction_users_user_name, transaction_users.country_code AS transaction_users_country_code, transaction_users.id_type AS transaction_users_id_type, transaction_users.birth_date AS transaction_users_birth_date, transaction_users.register_date AS transaction_users_register_date, transaction_users.first_transaction_date AS transaction_users_first_transaction_date, transaction_users.status AS transaction_users_status, transaction_users.ban_reason AS transaction_users_ban_reason, transaction_users.created_at AS transaction_users_created_at, transaction_users.updated_at AS transaction_users_updated_at 
FROM transaction_users]
(Background on this error at: https://sqlalche.me/e/20/f405)
2025-11-26 00:04:01,384 WARNING Falling back to random user generation
2025-11-26 00:04:01,387 INFO ✓ RAW sent seq=637 | user=9881406 name=Shannon Mcfarland amount=$494.47
2025-11-26 00:04:03,890 ERROR Failed to load users from database: (psycopg2.errors.UndefinedTable) relation "transaction_users" does not exist
LINE 2: FROM transaction_users
             ^

[SQL: SELECT transaction_users.id AS transaction_users_id, transaction_users.user_seq AS transaction_users_user_seq, transaction_users.user_name AS transaction_users_user_name, transaction_users.country_code AS transaction_users_country_code, transaction_users.id_type AS transaction_users_id_type, transaction_users.birth_date AS transaction_users_birth_date, transaction_users.register_date AS transaction_users_register_date, transaction_users.first_transaction_date AS transaction_users_first_transaction_date, transaction_users.status AS transaction_users_status, transaction_users.ban_reason AS transaction_users_ban_reason, transaction_users.created_at AS transaction_users_created_at, transaction_users.updated_at AS transaction_users_updated_at 
FROM transaction_users]
(Background on this error at: https://sqlalche.me/e/20/f405)
2025-11-26 00:04:03,891 WARNING Falling back to random user generation
2025-11-26 00:04:03,896 INFO ✓ RAW sent seq=638 | user=7473370 name=Morgan Wright amount=$318.17
2025-11-26 00:04:03,898 ERROR Failed to load users from database: (psycopg2.errors.UndefinedTable) relation "transaction_users" does not exist
LINE 2: FROM transaction_users
             ^

[SQL: SELECT transaction_users.id AS transaction_users_id, transaction_users.user_seq AS transaction_users_user_seq, transaction_users.user_name AS transaction_users_user_name, transaction_users.country_code AS transaction_users_country_code, transaction_users.id_type AS transaction_users_id_type, transaction_users.birth_date AS transaction_users_birth_date, transaction_users.register_date AS transaction_users_register_date, transaction_users.first_transaction_date AS transaction_users_first_transaction_date, transaction_users.status AS transaction_users_status, transaction_users.ban_reason AS transaction_users_ban_reason, transaction_users.created_at AS transaction_users_created_at, transaction_users.updated_at AS transaction_users_updated_at 
FROM transaction_users]
(Background on this error at: https://sqlalche.me/e/20/f405)
2025-11-26 00:04:03,898 WARNING Falling back to random user generation
2025-11-26 00:04:03,900 INFO ✓ RAW sent seq=639 | user=8995072 name=Ashley Shah amount=$793.74
2025-11-26 00:04:06,403 ERROR Failed to load users from database: (psycopg2.errors.UndefinedTable) relation "transaction_users" does not exist
LINE 2: FROM transaction_users
             ^

[SQL: SELECT transaction_users.id AS transaction_users_id, transaction_users.user_seq AS transaction_users_user_seq, transaction_users.user_name AS transaction_users_user_name, transaction_users.country_code AS transaction_users_country_code, transaction_users.id_type AS transaction_users_id_type, transaction_users.birth_date AS transaction_users_birth_date, transaction_users.register_date AS transaction_users_register_date, transaction_users.first_transaction_date AS transaction_users_first_transaction_date, transaction_users.status AS transaction_users_status, transaction_users.ban_reason AS transaction_users_ban_reason, transaction_users.created_at AS transaction_users_created_at, transaction_users.updated_at AS transaction_users_updated_at 
FROM transaction_users]
(Background on this error at: https://sqlalche.me/e/20/f405)
2025-11-26 00:04:06,403 WARNING Falling back to random user generation
2025-11-26 00:04:06,408 INFO ✓ RAW sent seq=640 | user=6628277 name=Benjamin Patel amount=$285.71
2025-11-26 00:04:06,411 ERROR Failed to load users from database: (psycopg2.errors.UndefinedTable) relation "transaction_users" does not exist
LINE 2: FROM transaction_users
             ^

[SQL: SELECT transaction_users.id AS transaction_users_id, transaction_users.user_seq AS transaction_users_user_seq, transaction_users.user_name AS transaction_users_user_name, transaction_users.country_code AS transaction_users_country_code, transaction_users.id_type AS transaction_users_id_type, transaction_users.birth_date AS transaction_users_birth_date, transaction_users.register_date AS transaction_users_register_date, transaction_users.first_transaction_date AS transaction_users_first_transaction_date, transaction_users.status AS transaction_users_status, transaction_users.ban_reason AS transaction_users_ban_reason, transaction_users.created_at AS transaction_users_created_at, transaction_users.updated_at AS transaction_users_updated_at 
FROM transaction_users]
(Background on this error at: https://sqlalche.me/e/20/f405)
2025-11-26 00:04:06,411 WARNING Falling back to random user generation
2025-11-26 00:04:06,414 INFO 🚨 FRAUD sent seq=641 type=large_amount | user=9362719 tx_24h=6 amt_24h=$51736 payment=WALLET
2025-11-26 00:04:08,917 ERROR Failed to load users from database: (psycopg2.errors.UndefinedTable) relation "transaction_users" does not exist
LINE 2: FROM transaction_users
             ^

[SQL: SELECT transaction_users.id AS transaction_users_id, transaction_users.user_seq AS transaction_users_user_seq, transaction_users.user_name AS transaction_users_user_name, transaction_users.country_code AS transaction_users_country_code, transaction_users.id_type AS transaction_users_id_type, transaction_users.birth_date AS transaction_users_birth_date, transaction_users.register_date AS transaction_users_register_date, transaction_users.first_transaction_date AS transaction_users_first_transaction_date, transaction_users.status AS transaction_users_status, transaction_users.ban_reason AS transaction_users_ban_reason, transaction_users.created_at AS transaction_users_created_at, transaction_users.updated_at AS transaction_users_updated_at 
FROM transaction_users]
(Background on this error at: https://sqlalche.me/e/20/f405)
2025-11-26 00:04:08,917 WARNING Falling back to random user generation
2025-11-26 00:04:08,920 INFO 🚨 FRAUD sent seq=642 type=large_amount | user=4451344 tx_24h=6 amt_24h=$53619 payment=CARD
2025-11-26 00:04:11,424 ERROR Failed to load users from database: (psycopg2.errors.UndefinedTable) relation "transaction_users" does not exist
LINE 2: FROM transaction_users
             ^

[SQL: SELECT transaction_users.id AS transaction_users_id, transaction_users.user_seq AS transaction_users_user_seq, transaction_users.user_name AS transaction_users_user_name, transaction_users.country_code AS transaction_users_country_code, transaction_users.id_type AS transaction_users_id_type, transaction_users.birth_date AS transaction_users_birth_date, transaction_users.register_date AS transaction_users_register_date, transaction_users.first_transaction_date AS transaction_users_first_transaction_date, transaction_users.status AS transaction_users_status, transaction_users.ban_reason AS transaction_users_ban_reason, transaction_users.created_at AS transaction_users_created_at, transaction_users.updated_at AS transaction_users_updated_at 
FROM transaction_users]
(Background on this error at: https://sqlalche.me/e/20/f405)
2025-11-26 00:04:11,424 WARNING Falling back to random user generation
2025-11-26 00:04:11,429 INFO ✓ RAW sent seq=643 | user=6013388 name=Sheri Anderson amount=$229.38
2025-11-26 00:04:11,432 ERROR Failed to load users from database: (psycopg2.errors.UndefinedTable) relation "transaction_users" does not exist
LINE 2: FROM transaction_users
             ^

[SQL: SELECT transaction_users.id AS transaction_users_id, transaction_users.user_seq AS transaction_users_user_seq, transaction_users.user_name AS transaction_users_user_name, transaction_users.country_code AS transaction_users_country_code, transaction_users.id_type AS transaction_users_id_type, transaction_users.birth_date AS transaction_users_birth_date, transaction_users.register_date AS transaction_users_register_date, transaction_users.first_transaction_date AS transaction_users_first_transaction_date, transaction_users.status AS transaction_users_status, transaction_users.ban_reason AS transaction_users_ban_reason, transaction_users.created_at AS transaction_users_created_at, transaction_users.updated_at AS transaction_users_updated_at 
FROM transaction_users]
(Background on this error at: https://sqlalche.me/e/20/f405)
2025-11-26 00:04:11,432 WARNING Falling back to random user generation
2025-11-26 00:04:11,434 INFO ✓ RAW sent seq=644 | user=7866596 name=Samuel Johnson amount=$486.23
2025-11-26 00:04:13,937 ERROR Failed to load users from database: (psycopg2.errors.UndefinedTable) relation "transaction_users" does not exist
LINE 2: FROM transaction_users
             ^

[SQL: SELECT transaction_users.id AS transaction_users_id, transaction_users.user_seq AS transaction_users_user_seq, transaction_users.user_name AS transaction_users_user_name, transaction_users.country_code AS transaction_users_country_code, transaction_users.id_type AS transaction_users_id_type, transaction_users.birth_date AS transaction_users_birth_date, transaction_users.register_date AS transaction_users_register_date, transaction_users.first_transaction_date AS transaction_users_first_transaction_date, transaction_users.status AS transaction_users_status, transaction_users.ban_reason AS transaction_users_ban_reason, transaction_users.created_at AS transaction_users_created_at, transaction_users.updated_at AS transaction_users_updated_at 
FROM transaction_users]
(Background on this error at: https://sqlalche.me/e/20/f405)
2025-11-26 00:04:13,937 WARNING Falling back to random user generation
2025-11-26 00:04:13,942 INFO 🚨 FRAUD sent seq=645 type=mixed_pattern | user=1446650 tx_24h=75 amt_24h=$46185 payment=WALLET
2025-11-26 00:04:16,445 ERROR Failed to load users from database: (psycopg2.errors.UndefinedTable) relation "transaction_users" does not exist
LINE 2: FROM transaction_users
             ^

[SQL: SELECT transaction_users.id AS transaction_users_id, transaction_users.user_seq AS transaction_users_user_seq, transaction_users.user_name AS transaction_users_user_name, transaction_users.country_code AS transaction_users_country_code, transaction_users.id_type AS transaction_users_id_type, transaction_users.birth_date AS transaction_users_birth_date, transaction_users.register_date AS transaction_users_register_date, transaction_users.first_transaction_date AS transaction_users_first_transaction_date, transaction_users.status AS transaction_users_status, transaction_users.ban_reason AS transaction_users_ban_reason, transaction_users.created_at AS transaction_users_created_at, transaction_users.updated_at AS transaction_users_updated_at 
FROM transaction_users]
(Background on this error at: https://sqlalche.me/e/20/f405)
2025-11-26 00:04:16,446 WARNING Falling back to random user generation
2025-11-26 00:04:16,450 INFO ✓ RAW sent seq=646 | user=4343973 name=Thomas Jenkins amount=$772.29
2025-11-26 00:04:16,452 ERROR Failed to load users from database: (psycopg2.errors.UndefinedTable) relation "transaction_users" does not exist
LINE 2: FROM transaction_users
             ^

[SQL: SELECT transaction_users.id AS transaction_users_id, transaction_users.user_seq AS transaction_users_user_seq, transaction_users.user_name AS transaction_users_user_name, transaction_users.country_code AS transaction_users_country_code, transaction_users.id_type AS transaction_users_id_type, transaction_users.birth_date AS transaction_users_birth_date, transaction_users.register_date AS transaction_users_register_date, transaction_users.first_transaction_date AS transaction_users_first_transaction_date, transaction_users.status AS transaction_users_status, transaction_users.ban_reason AS transaction_users_ban_reason, transaction_users.created_at AS transaction_users_created_at, transaction_users.updated_at AS transaction_users_updated_at 
FROM transaction_users]
(Background on this error at: https://sqlalche.me/e/20/f405)
2025-11-26 00:04:16,452 WARNING Falling back to random user generation
2025-11-26 00:04:16,454 INFO ✓ RAW sent seq=647 | user=4366023 name=Aaron Houston amount=$940.32
2025-11-26 00:04:18,957 ERROR Failed to load users from database: (psycopg2.errors.UndefinedTable) relation "transaction_users" does not exist
LINE 2: FROM transaction_users
             ^

[SQL: SELECT transaction_users.id AS transaction_users_id, transaction_users.user_seq AS transaction_users_user_seq, transaction_users.user_name AS transaction_users_user_name, transaction_users.country_code AS transaction_users_country_code, transaction_users.id_type AS transaction_users_id_type, transaction_users.birth_date AS transaction_users_birth_date, transaction_users.register_date AS transaction_users_register_date, transaction_users.first_transaction_date AS transaction_users_first_transaction_date, transaction_users.status AS transaction_users_status, transaction_users.ban_reason AS transaction_users_ban_reason, transaction_users.created_at AS transaction_users_created_at, transaction_users.updated_at AS transaction_users_updated_at 
FROM transaction_users]
(Background on this error at: https://sqlalche.me/e/20/f405)
2025-11-26 00:04:18,958 WARNING Falling back to random user generation
2025-11-26 00:04:18,963 INFO ✓ RAW sent seq=648 | user=2368029 name=Cesar Mitchell Jr. amount=$438.1
2025-11-26 00:04:18,965 ERROR Failed to load users from database: (psycopg2.errors.UndefinedTable) relation "transaction_users" does not exist
LINE 2: FROM transaction_users
             ^

[SQL: SELECT transaction_users.id AS transaction_users_id, transaction_users.user_seq AS transaction_users_user_seq, transaction_users.user_name AS transaction_users_user_name, transaction_users.country_code AS transaction_users_country_code, transaction_users.id_type AS transaction_users_id_type, transaction_users.birth_date AS transaction_users_birth_date, transaction_users.register_date AS transaction_users_register_date, transaction_users.first_transaction_date AS transaction_users_first_transaction_date, transaction_users.status AS transaction_users_status, transaction_users.ban_reason AS transaction_users_ban_reason, transaction_users.created_at AS transaction_users_created_at, transaction_users.updated_at AS transaction_users_updated_at 
FROM transaction_users]
(Background on this error at: https://sqlalche.me/e/20/f405)
2025-11-26 00:04:18,966 WARNING Falling back to random user generation
2025-11-26 00:04:18,968 INFO ✓ RAW sent seq=649 | user=9760095 name=Michael Smith amount=$283.68
2025-11-26 00:04:21,471 ERROR Failed to load users from database: (psycopg2.errors.UndefinedTable) relation "transaction_users" does not exist
LINE 2: FROM transaction_users
             ^

[SQL: SELECT transaction_users.id AS transaction_users_id, transaction_users.user_seq AS transaction_users_user_seq, transaction_users.user_name AS transaction_users_user_name, transaction_users.country_code AS transaction_users_country_code, transaction_users.id_type AS transaction_users_id_type, transaction_users.birth_date AS transaction_users_birth_date, transaction_users.register_date AS transaction_users_register_date, transaction_users.first_transaction_date AS transaction_users_first_transaction_date, transaction_users.status AS transaction_users_status, transaction_users.ban_reason AS transaction_users_ban_reason, transaction_users.created_at AS transaction_users_created_at, transaction_users.updated_at AS transaction_users_updated_at 
FROM transaction_users]
(Background on this error at: https://sqlalche.me/e/20/f405)
2025-11-26 00:04:21,471 WARNING Falling back to random user generation
2025-11-26 00:04:21,476 INFO ✓ RAW sent seq=650 | user=9627145 name=Kathy Gutierrez amount=$201.17
2025-11-26 00:04:21,479 ERROR Failed to load users from database: (psycopg2.errors.UndefinedTable) relation "transaction_users" does not exist
LINE 2: FROM transaction_users
             ^

[SQL: SELECT transaction_users.id AS transaction_users_id, transaction_users.user_seq AS transaction_users_user_seq, transaction_users.user_name AS transaction_users_user_name, transaction_users.country_code AS transaction_users_country_code, transaction_users.id_type AS transaction_users_id_type, transaction_users.birth_date AS transaction_users_birth_date, transaction_users.register_date AS transaction_users_register_date, transaction_users.first_transaction_date AS transaction_users_first_transaction_date, transaction_users.status AS transaction_users_status, transaction_users.ban_reason AS transaction_users_ban_reason, transaction_users.created_at AS transaction_users_created_at, transaction_users.updated_at AS transaction_users_updated_at 
FROM transaction_users]
(Background on this error at: https://sqlalche.me/e/20/f405)
2025-11-26 00:04:21,479 WARNING Falling back to random user generation
2025-11-26 00:04:21,481 INFO ✓ RAW sent seq=651 | user=5605254 name=Michael Torres amount=$51.31
2025-11-26 00:04:23,984 ERROR Failed to load users from database: (psycopg2.errors.UndefinedTable) relation "transaction_users" does not exist
LINE 2: FROM transaction_users
             ^

[SQL: SELECT transaction_users.id AS transaction_users_id, transaction_users.user_seq AS transaction_users_user_seq, transaction_users.user_name AS transaction_users_user_name, transaction_users.country_code AS transaction_users_country_code, transaction_users.id_type AS transaction_users_id_type, transaction_users.birth_date AS transaction_users_birth_date, transaction_users.register_date AS transaction_users_register_date, transaction_users.first_transaction_date AS transaction_users_first_transaction_date, transaction_users.status AS transaction_users_status, transaction_users.ban_reason AS transaction_users_ban_reason, transaction_users.created_at AS transaction_users_created_at, transaction_users.updated_at AS transaction_users_updated_at 
FROM transaction_users]
(Background on this error at: https://sqlalche.me/e/20/f405)
2025-11-26 00:04:23,984 WARNING Falling back to random user generation
2025-11-26 00:04:23,989 INFO ✓ RAW sent seq=652 | user=3141752 name=Stacy Leblanc amount=$200.76
2025-11-26 00:04:26,493 ERROR Failed to load users from database: (psycopg2.errors.UndefinedTable) relation "transaction_users" does not exist
LINE 2: FROM transaction_users
             ^

[SQL: SELECT transaction_users.id AS transaction_users_id, transaction_users.user_seq AS transaction_users_user_seq, transaction_users.user_name AS transaction_users_user_name, transaction_users.country_code AS transaction_users_country_code, transaction_users.id_type AS transaction_users_id_type, transaction_users.birth_date AS transaction_users_birth_date, transaction_users.register_date AS transaction_users_register_date, transaction_users.first_transaction_date AS transaction_users_first_transaction_date, transaction_users.status AS transaction_users_status, transaction_users.ban_reason AS transaction_users_ban_reason, transaction_users.created_at AS transaction_users_created_at, transaction_users.updated_at AS transaction_users_updated_at 
FROM transaction_users]
(Background on this error at: https://sqlalche.me/e/20/f405)
2025-11-26 00:04:26,493 WARNING Falling back to random user generation
2025-11-26 00:04:26,498 INFO ✓ RAW sent seq=653 | user=9413023 name=Brandon Todd amount=$218.48
2025-11-26 00:04:29,000 ERROR Failed to load users from database: (psycopg2.errors.UndefinedTable) relation "transaction_users" does not exist
LINE 2: FROM transaction_users
             ^

[SQL: SELECT transaction_users.id AS transaction_users_id, transaction_users.user_seq AS transaction_users_user_seq, transaction_users.user_name AS transaction_users_user_name, transaction_users.country_code AS transaction_users_country_code, transaction_users.id_type AS transaction_users_id_type, transaction_users.birth_date AS transaction_users_birth_date, transaction_users.register_date AS transaction_users_register_date, transaction_users.first_transaction_date AS transaction_users_first_transaction_date, transaction_users.status AS transaction_users_status, transaction_users.ban_reason AS transaction_users_ban_reason, transaction_users.created_at AS transaction_users_created_at, transaction_users.updated_at AS transaction_users_updated_at 
FROM transaction_users]
(Background on this error at: https://sqlalche.me/e/20/f405)
2025-11-26 00:04:29,000 WARNING Falling back to random user generation
2025-11-26 00:04:29,005 INFO 🚨 FRAUD sent seq=654 type=crypto_suspicious | user=2600671 tx_24h=79 amt_24h=$26622 payment=CRYPTO
2025-11-26 00:04:29,007 ERROR Failed to load users from database: (psycopg2.errors.UndefinedTable) relation "transaction_users" does not exist
LINE 2: FROM transaction_users
             ^

[SQL: SELECT transaction_users.id AS transaction_users_id, transaction_users.user_seq AS transaction_users_user_seq, transaction_users.user_name AS transaction_users_user_name, transaction_users.country_code AS transaction_users_country_code, transaction_users.id_type AS transaction_users_id_type, transaction_users.birth_date AS transaction_users_birth_date, transaction_users.register_date AS transaction_users_register_date, transaction_users.first_transaction_date AS transaction_users_first_transaction_date, transaction_users.status AS transaction_users_status, transaction_users.ban_reason AS transaction_users_ban_reason, transaction_users.created_at AS transaction_users_created_at, transaction_users.updated_at AS transaction_users_updated_at 
FROM transaction_users]
(Background on this error at: https://sqlalche.me/e/20/f405)
2025-11-26 00:04:29,008 WARNING Falling back to random user generation
2025-11-26 00:04:29,011 INFO ✓ RAW sent seq=655 | user=3364802 name=Jeffrey Garcia amount=$958.92
2025-11-26 00:04:31,514 ERROR Failed to load users from database: (psycopg2.errors.UndefinedTable) relation "transaction_users" does not exist
LINE 2: FROM transaction_users
             ^

[SQL: SELECT transaction_users.id AS transaction_users_id, transaction_users.user_seq AS transaction_users_user_seq, transaction_users.user_name AS transaction_users_user_name, transaction_users.country_code AS transaction_users_country_code, transaction_users.id_type AS transaction_users_id_type, transaction_users.birth_date AS transaction_users_birth_date, transaction_users.register_date AS transaction_users_register_date, transaction_users.first_transaction_date AS transaction_users_first_transaction_date, transaction_users.status AS transaction_users_status, transaction_users.ban_reason AS transaction_users_ban_reason, transaction_users.created_at AS transaction_users_created_at, transaction_users.updated_at AS transaction_users_updated_at 
FROM transaction_users]
(Background on this error at: https://sqlalche.me/e/20/f405)
2025-11-26 00:04:31,514 WARNING Falling back to random user generation
2025-11-26 00:04:31,518 INFO ✓ RAW sent seq=656 | user=8416596 name=Kelsey Martinez amount=$521.82
2025-11-26 00:04:31,520 ERROR Failed to load users from database: (psycopg2.errors.UndefinedTable) relation "transaction_users" does not exist
LINE 2: FROM transaction_users
             ^

[SQL: SELECT transaction_users.id AS transaction_users_id, transaction_users.user_seq AS transaction_users_user_seq, transaction_users.user_name AS transaction_users_user_name, transaction_users.country_code AS transaction_users_country_code, transaction_users.id_type AS transaction_users_id_type, transaction_users.birth_date AS transaction_users_birth_date, transaction_users.register_date AS transaction_users_register_date, transaction_users.first_transaction_date AS transaction_users_first_transaction_date, transaction_users.status AS transaction_users_status, transaction_users.ban_reason AS transaction_users_ban_reason, transaction_users.created_at AS transaction_users_created_at, transaction_users.updated_at AS transaction_users_updated_at 
FROM transaction_users]
(Background on this error at: https://sqlalche.me/e/20/f405)
2025-11-26 00:04:31,520 WARNING Falling back to random user generation
2025-11-26 00:04:31,523 INFO ✓ RAW sent seq=657 | user=3301534 name=Mary Lee amount=$948.41
2025-11-26 00:04:34,026 ERROR Failed to load users from database: (psycopg2.errors.UndefinedTable) relation "transaction_users" does not exist
LINE 2: FROM transaction_users
             ^

[SQL: SELECT transaction_users.id AS transaction_users_id, transaction_users.user_seq AS transaction_users_user_seq, transaction_users.user_name AS transaction_users_user_name, transaction_users.country_code AS transaction_users_country_code, transaction_users.id_type AS transaction_users_id_type, transaction_users.birth_date AS transaction_users_birth_date, transaction_users.register_date AS transaction_users_register_date, transaction_users.first_transaction_date AS transaction_users_first_transaction_date, transaction_users.status AS transaction_users_status, transaction_users.ban_reason AS transaction_users_ban_reason, transaction_users.created_at AS transaction_users_created_at, transaction_users.updated_at AS transaction_users_updated_at 
FROM transaction_users]
(Background on this error at: https://sqlalche.me/e/20/f405)
2025-11-26 00:04:34,026 WARNING Falling back to random user generation
2025-11-26 00:04:34,030 INFO ✓ RAW sent seq=658 | user=8018467 name=Curtis Vasquez amount=$693.47
2025-11-26 00:04:34,031 ERROR Failed to load users from database: (psycopg2.errors.UndefinedTable) relation "transaction_users" does not exist
LINE 2: FROM transaction_users
             ^

[SQL: SELECT transaction_users.id AS transaction_users_id, transaction_users.user_seq AS transaction_users_user_seq, transaction_users.user_name AS transaction_users_user_name, transaction_users.country_code AS transaction_users_country_code, transaction_users.id_type AS transaction_users_id_type, transaction_users.birth_date AS transaction_users_birth_date, transaction_users.register_date AS transaction_users_register_date, transaction_users.first_transaction_date AS transaction_users_first_transaction_date, transaction_users.status AS transaction_users_status, transaction_users.ban_reason AS transaction_users_ban_reason, transaction_users.created_at AS transaction_users_created_at, transaction_users.updated_at AS transaction_users_updated_at 
FROM transaction_users]
(Background on this error at: https://sqlalche.me/e/20/f405)
2025-11-26 00:04:34,031 WARNING Falling back to random user generation
2025-11-26 00:04:34,034 INFO ✓ RAW sent seq=659 | user=2911365 name=Larry Meyer amount=$194.85
